> Task :core:processResources NO-SOURCE
> Task :services:news:shatteredNews:processResources NO-SOURCE
> Task :services:updates:githubUpdates:processResources NO-SOURCE
> Task :android:preBuild UP-TO-DATE
> Task :android:preDebugBuild UP-TO-DATE
> Task :android:mergeDebugNativeDebugMetadata NO-SOURCE
> Task :services:updates:debugUpdates:processResources NO-SOURCE
> Task :services:news:debugNews:processResources NO-SOURCE
> Task :android:generateDebugResources
> Task :android:packageDebugResources
> Task :android:processDebugNavigationResources
> Task :android:parseDebugLocalResources
> Task :android:generateDebugRFile
> Task :android:javaPreCompileDebug
> Task :android:generateDebugAssets UP-TO-DATE

> Task :SPD-classes:compileJava
Note: C:\Users\Hartl\Documents\grimhollow\.local\clean-check\SPD-classes\src\main\java\com\watabou\noosa\TextInput.java uses or overrides a deprecated API.
Note: Recompile with -Xlint:deprecation for details.
Note: Some input files use unchecked or unsafe operations.
Note: Recompile with -Xlint:unchecked for details.

> Task :SPD-classes:processResources NO-SOURCE
> Task :SPD-classes:classes
> Task :SPD-classes:jar
> Task :services:compileJava
> Task :services:news:shatteredNews:compileJava
> Task :desktop:processResources
> Task :services:processResources NO-SOURCE
> Task :services:classes
> Task :android:mergeDebugAssets
> Task :services:news:shatteredNews:classes
> Task :services:jar
> Task :services:news:shatteredNews:jar
> Task :services:updates:debugUpdates:compileJava
> Task :services:updates:debugUpdates:classes
> Task :services:updates:debugUpdates:jar
> Task :services:news:debugNews:compileJava
> Task :services:news:debugNews:classes
> Task :services:news:debugNews:jar
> Task :android:compressDebugAssets
> Task :android:checkDebugDuplicateClasses
> Task :services:updates:githubUpdates:compileJava
> Task :services:updates:githubUpdates:classes
> Task :services:updates:githubUpdates:jar
> Task :android:desugarDebugFileDependencies
> Task :android:checkDebugAarMetadata
> Task :android:mapDebugSourceSetPaths
> Task :android:compileDebugNavigationResources
> Task :android:createDebugCompatibleScreenManifests
> Task :android:extractDeepLinksDebug
> Task :android:mergeExtDexDebug
> Task :android:processDebugMainManifest
> Task :android:processDebugManifest
> Task :android:copyAndroidNatives
> Task :android:mergeDebugJniLibFolders
> Task :android:validateSigningDebug
> Task :android:writeDebugAppMetadata
> Task :android:writeDebugSigningConfigVersions
> Task :android:processDebugManifestForPackage
> Task :android:mergeDebugResources
> Task :android:processDebugResources

> Task :core:compileJava
Note: Some input files use unchecked or unsafe operations.
Note: Recompile with -Xlint:unchecked for details.

> Task :core:classes
> Task :core:jar
> Task :android:compileDebugKotlin NO-SOURCE
> Task :desktop:compileJava
> Task :desktop:classes

> Task :android:compileDebugJavaWithJavac
Note: Some input files use or override a deprecated API.
Note: Recompile with -Xlint:deprecation for details.

> Task :android:processDebugJavaRes NO-SOURCE
> Task :android:mergeDebugJavaResource
> Task :android:dexBuilderDebug
> Task :android:mergeProjectDexDebug
> Task :android:mergeDebugNativeLibs

> Task :android:stripDebugDebugSymbols
Unable to strip the following libraries, packaging them as they are: libgdx-freetype.so, libgdx.so. Run with --info option to learn more.

> Task :desktop:run
PREFERENCES_PATH=C:\Users\Hartl\AppData\Roaming\.grimhollow\Grimhollow
[Controllers] added manager for application, 1 managers active
RENDERED=TitleScene SCREENSHOT=C:\Users\Hartl\Documents\grimhollow\.local\clean-check\.local\acceptance/title.png
[Controllers] removed manager for application, 0 managers active

> Task :android:mergeLibDexDebug
> Task :android:packageDebug
> Task :android:createDebugApkListingFileRedirect
> Task :android:assembleDebug

[Incubating] Problems report is available at: file:///C:/Users/Hartl/Documents/grimhollow/.local/clean-check/build/reports/problems/problems-report.html

Deprecated Gradle features were used in this build, making it incompatible with Gradle 10.

You can use '--warning-mode all' to show the individual deprecation warnings and determine if they come from your own scripts or plugins.

For more on this, please refer to https://docs.gradle.org/9.4.0/userguide/command_line_interface.html#sec:command_line_warnings in the Gradle documentation.

BUILD SUCCESSFUL in 1m 10s
52 actionable tasks: 52 executed
Consider enabling configuration cache to speed up this build: https://docs.gradle.org/9.4.0/userguide/configuration_cache_enabling.html
To honour the JVM settings for this build a single-use Daemon process will be forked. For more on this, please refer to https://docs.gradle.org/9.4.0/userguide/gradle_daemon.html#sec:disabling_the_daemon in the Gradle documentation.
Daemon will be stopped at the end of the build
> Task :core:processResources NO-SOURCE
> Task :services:news:shatteredNews:processResources NO-SOURCE
> Task :services:updates:githubUpdates:processResources NO-SOURCE
> Task :services:compileJava UP-TO-DATE
> Task :SPD-classes:compileJava UP-TO-DATE
> Task :services:news:shatteredNews:compileJava UP-TO-DATE
> Task :services:processResources NO-SOURCE
> Task :services:classes UP-TO-DATE
> Task :services:jar UP-TO-DATE
> Task :SPD-classes:processResources NO-SOURCE
> Task :SPD-classes:classes UP-TO-DATE
> Task :desktop:processResources UP-TO-DATE
> Task :services:news:shatteredNews:classes UP-TO-DATE
> Task :SPD-classes:jar UP-TO-DATE
> Task :services:news:shatteredNews:jar UP-TO-DATE
> Task :services:updates:githubUpdates:compileJava UP-TO-DATE
> Task :services:updates:githubUpdates:classes UP-TO-DATE
> Task :services:updates:githubUpdates:jar UP-TO-DATE
> Task :core:compileJava UP-TO-DATE
> Task :core:classes UP-TO-DATE
> Task :core:jar UP-TO-DATE
> Task :desktop:compileJava UP-TO-DATE
> Task :desktop:classes UP-TO-DATE

> Task :desktop:run
PREFERENCES_PATH=C:\Users\Hartl\AppData\Roaming\.grimhollow\Grimhollow
[Controllers] added manager for application, 1 managers active
RENDERED=TitleScene SCREENSHOT=C:\Users\Hartl\Documents\grimhollow\.local\acceptance/title.png
[GAME] @@ You descend to floor 1 of the dungeon.
[GAME] ++ Use the mouse, WASD, or arrow keys to move and interact.
RENDERED=GameScene SCREENSHOT=C:\Users\Hartl\Documents\grimhollow\.local\acceptance/sewers-lighting-on.png
RENDERED=GameScene SCREENSHOT=C:\Users\Hartl\Documents\grimhollow\.local\acceptance/sewers-lighting-off.png
PASS: Sewer scene renders with dynamic lighting on and off.
[Controllers] removed manager for application, 0 managers active

[Incubating] Problems report is available at: file:///C:/Users/Hartl/Documents/grimhollow/build/reports/problems/problems-report.html

Deprecated Gradle features were used in this build, making it incompatible with Gradle 10.

You can use '--warning-mode all' to show the individual deprecation warnings and determine if they come from your own scripts or plugins.

For more on this, please refer to https://docs.gradle.org/9.4.0/userguide/command_line_interface.html#sec:command_line_warnings in the Gradle documentation.

BUILD SUCCESSFUL in 16s
13 actionable tasks: 1 executed, 12 up-to-date
Consider enabling configuration cache to speed up this build: https://docs.gradle.org/9.4.0/userguide/configuration_cache_enabling.html
PREFERENCES_PATH=C:\Users\Hartl\AppData\Roaming\.grimhollow\Grimhollow
[Controllers] added manager for application, 1 managers active
RENDERED=TitleScene SCREENSHOT=.local/acceptance/title.png
[GAME] @@ You descend to floor 1 of the dungeon.
[GAME] ++ Use the mouse, WASD, or arrow keys to move and interact.
RENDERED=GameScene SCREENSHOT=.local/acceptance/sewers-lighting-on.png
RENDERED=GameScene SCREENSHOT=.local/acceptance/sewers-lighting-off.png
TEST 24: heroes=9 mob sprites=101 failures=0
TEST 25: items=364 identification icons=60 failures=0
TEST 26: three stains and floor/chasm/water/trap placement failures=0
TESTS 24-26 PASS
PASS: Sewer scene renders with dynamic lighting on and off.
[Controllers] removed manager for application, 0 managers active
To honour the JVM settings for this build a single-use Daemon process will be forked. For more on this, please refer to https://docs.gradle.org/9.4.0/userguide/gradle_daemon.html#sec:disabling_the_daemon in the Gradle documentation.
Daemon will be stopped at the end of the build
> Task :core:processResources NO-SOURCE
> Task :services:compileJava UP-TO-DATE
> Task :SPD-classes:compileJava UP-TO-DATE
> Task :services:news:shatteredNews:compileJava UP-TO-DATE
> Task :services:updates:githubUpdates:compileJava UP-TO-DATE
> Task :services:processResources NO-SOURCE
> Task :services:classes UP-TO-DATE
> Task :SPD-classes:processResources NO-SOURCE
> Task :SPD-classes:classes UP-TO-DATE
> Task :core:compileJava UP-TO-DATE
> Task :core:classes UP-TO-DATE
> Task :services:jar
> Task :services:news:shatteredNews:processResources NO-SOURCE
> Task :services:news:shatteredNews:classes UP-TO-DATE
> Task :services:news:shatteredNews:jar
> Task :services:updates:githubUpdates:processResources NO-SOURCE
> Task :services:updates:githubUpdates:classes UP-TO-DATE
> Task :services:updates:githubUpdates:jar
> Task :android:preBuild UP-TO-DATE
> Task :android:preDebugBuild UP-TO-DATE
> Task :android:mergeDebugNativeDebugMetadata NO-SOURCE
> Task :services:updates:debugUpdates:compileJava UP-TO-DATE
> Task :services:updates:debugUpdates:processResources NO-SOURCE
> Task :services:updates:debugUpdates:classes UP-TO-DATE
> Task :services:updates:debugUpdates:jar
> Task :services:news:debugNews:compileJava UP-TO-DATE
> Task :services:news:debugNews:processResources NO-SOURCE
> Task :services:news:debugNews:classes UP-TO-DATE
> Task :services:news:debugNews:jar
> Task :android:generateDebugResources
> Task :SPD-classes:jar
> Task :android:packageDebugResources
> Task :android:processDebugNavigationResources
> Task :android:parseDebugLocalResources
> Task :android:generateDebugRFile UP-TO-DATE
> Task :android:javaPreCompileDebug UP-TO-DATE
> Task :android:generateDebugAssets UP-TO-DATE
> Task :android:mergeDebugAssets
> Task :android:compressDebugAssets
> Task :desktop:processResources
> Task :android:checkDebugDuplicateClasses UP-TO-DATE
> Task :android:desugarDebugFileDependencies UP-TO-DATE
> Task :android:mergeExtDexDebug UP-TO-DATE
> Task :android:checkDebugAarMetadata UP-TO-DATE
> Task :android:mapDebugSourceSetPaths
> Task :android:compileDebugNavigationResources UP-TO-DATE
> Task :android:mergeDebugResources
> Task :android:createDebugCompatibleScreenManifests
> Task :android:extractDeepLinksDebug UP-TO-DATE
> Task :android:processDebugMainManifest
> Task :android:processDebugManifest
> Task :android:copyAndroidNatives
> Task :android:mergeDebugJniLibFolders UP-TO-DATE
> Task :android:processDebugManifestForPackage
> Task :android:validateSigningDebug UP-TO-DATE
> Task :android:writeDebugAppMetadata UP-TO-DATE
> Task :android:writeDebugSigningConfigVersions UP-TO-DATE
> Task :android:processDebugResources
> Task :desktop:compileJava
> Task :desktop:classes
> Task :core:jar
> Task :android:compileDebugKotlin NO-SOURCE
> Task :core:compileTestJava UP-TO-DATE
> Task :core:processTestResources NO-SOURCE
> Task :core:testClasses UP-TO-DATE
> Task :core:test UP-TO-DATE

> Task :android:compileDebugJavaWithJavac

> Task :android:processDebugJavaRes NO-SOURCE

> Task :core:smokeRun
[GAME] ** There is no room for another minion.
TEST 27 PASS: 300 turns unchanged; 12 charges level=1 Wraith offered; hostile attacked within 2 turns
[GAME] ** There is no room for another minion.
NECROMANCER kit, talents, subclasses, spells, armor, caps, and persistence: PASS
PASS NECROMANCER seed=0 floor=6 save/load=ok
[GAME] ** There is no room for another minion.
TEST 27 PASS: 300 turns unchanged; 12 charges level=1 Wraith offered; hostile attacked within 2 turns
[GAME] ** There is no room for another minion.
NECROMANCER kit, talents, subclasses, spells, armor, caps, and persistence: PASS
PASS NECROMANCER seed=1 floor=6 save/load=ok
[GAME] ** There is no room for another minion.
TEST 27 PASS: 300 turns unchanged; 12 charges level=1 Wraith offered; hostile attacked within 2 turns
[GAME] ** There is no room for another minion.
NECROMANCER kit, talents, subclasses, spells, armor, caps, and persistence: PASS
PASS NECROMANCER seed=2 floor=6 save/load=ok
[GAME] ** There is no room for another minion.
TEST 27 PASS: 300 turns unchanged; 12 charges level=1 Wraith offered; hostile attacked within 2 turns
[GAME] ** There is no room for another minion.
NECROMANCER kit, talents, subclasses, spells, armor, caps, and persistence: PASS
PASS NECROMANCER seed=3 floor=6 save/load=ok
[GAME] ** There is no room for another minion.
TEST 27 PASS: 300 turns unchanged; 12 charges level=1 Wraith offered; hostile attacked within 2 turns
[GAME] ** There is no room for another minion.
NECROMANCER kit, talents, subclasses, spells, armor, caps, and persistence: PASS
PASS NECROMANCER seed=4 floor=6 save/load=ok
[GAME] ** There is no room for another minion.
TEST 27 PASS: 300 turns unchanged; 12 charges level=1 Wraith offered; hostile attacked within 2 turns
[GAME] ** There is no room for another minion.
NECROMANCER kit, talents, subclasses, spells, armor, caps, and persistence: PASS
PASS NECROMANCER seed=5 floor=6 save/load=ok
[GAME] ** There is no room for another minion.
TEST 27 PASS: 300 turns unchanged; 12 charges level=1 Wraith offered; hostile attacked within 2 turns
[GAME] ** There is no room for another minion.
NECROMANCER kit, talents, subclasses, spells, armor, caps, and persistence: PASS
PASS NECROMANCER seed=6 floor=6 save/load=ok
[GAME] ** There is no room for another minion.
TEST 27 PASS: 300 turns unchanged; 12 charges level=1 Wraith offered; hostile attacked within 2 turns
[GAME] ** There is no room for another minion.
NECROMANCER kit, talents, subclasses, spells, armor, caps, and persistence: PASS
PASS NECROMANCER seed=7 floor=6 save/load=ok
[GAME] ** There is no room for another minion.
TEST 27 PASS: 300 turns unchanged; 12 charges level=1 Wraith offered; hostile attacked within 2 turns
[GAME] ** There is no room for another minion.

> Task :android:mergeDebugJavaResource
> Task :android:dexBuilderDebug
> Task :android:mergeProjectDexDebug

> Task :core:smokeRun
NECROMANCER kit, talents, subclasses, spells, armor, caps, and persistence: PASS
PASS NECROMANCER seed=8 floor=6 save/load=ok
[GAME] ** There is no room for another minion.
TEST 27 PASS: 300 turns unchanged; 12 charges level=1 Wraith offered; hostile attacked within 2 turns
[GAME] ** There is no room for another minion.
NECROMANCER kit, talents, subclasses, spells, armor, caps, and persistence: PASS
PASS NECROMANCER seed=9 floor=6 save/load=ok
TEST 37 PASS: transfer, upgrade, replacement, carrier loss and reattachment
TEST 33 PASS: scroll and stone offers, distinct exclusions, cancel/apply, Artificer, Scrivener and history persistence
ENCHANTER kit, talents, subclasses, inscriptions, armor, and persistence: PASS
PASS ENCHANTER seed=0 floor=6 save/load=ok
TEST 37 PASS: transfer, upgrade, replacement, carrier loss and reattachment
TEST 33 PASS: scroll and stone offers, distinct exclusions, cancel/apply, Artificer, Scrivener and history persistence
ENCHANTER kit, talents, subclasses, inscriptions, armor, and persistence: PASS
PASS ENCHANTER seed=1 floor=6 save/load=ok
TEST 37 PASS: transfer, upgrade, replacement, carrier loss and reattachment
TEST 33 PASS: scroll and stone offers, distinct exclusions, cancel/apply, Artificer, Scrivener and history persistence
ENCHANTER kit, talents, subclasses, inscriptions, armor, and persistence: PASS
PASS ENCHANTER seed=2 floor=6 save/load=ok
TEST 37 PASS: transfer, upgrade, replacement, carrier loss and reattachment
TEST 33 PASS: scroll and stone offers, distinct exclusions, cancel/apply, Artificer, Scrivener and history persistence
ENCHANTER kit, talents, subclasses, inscriptions, armor, and persistence: PASS
PASS ENCHANTER seed=3 floor=6 save/load=ok
TEST 37 PASS: transfer, upgrade, replacement, carrier loss and reattachment
TEST 33 PASS: scroll and stone offers, distinct exclusions, cancel/apply, Artificer, Scrivener and history persistence
ENCHANTER kit, talents, subclasses, inscriptions, armor, and persistence: PASS
PASS ENCHANTER seed=4 floor=6 save/load=ok
TEST 37 PASS: transfer, upgrade, replacement, carrier loss and reattachment
TEST 33 PASS: scroll and stone offers, distinct exclusions, cancel/apply, Artificer, Scrivener and history persistence
ENCHANTER kit, talents, subclasses, inscriptions, armor, and persistence: PASS
PASS ENCHANTER seed=5 floor=6 save/load=ok
TEST 37 PASS: transfer, upgrade, replacement, carrier loss and reattachment
TEST 33 PASS: scroll and stone offers, distinct exclusions, cancel/apply, Artificer, Scrivener and history persistence
ENCHANTER kit, talents, subclasses, inscriptions, armor, and persistence: PASS
PASS ENCHANTER seed=6 floor=6 save/load=ok
TEST 37 PASS: transfer, upgrade, replacement, carrier loss and reattachment
TEST 33 PASS: scroll and stone offers, distinct exclusions, cancel/apply, Artificer, Scrivener and history persistence
ENCHANTER kit, talents, subclasses, inscriptions, armor, and persistence: PASS

> Task :android:mergeDebugNativeLibs UP-TO-DATE
> Task :android:stripDebugDebugSymbols UP-TO-DATE
> Task :desktop:release
> Task :desktop:dist

> Task :core:smokeRun
PASS ENCHANTER seed=7 floor=6 save/load=ok
TEST 37 PASS: transfer, upgrade, replacement, carrier loss and reattachment
TEST 33 PASS: scroll and stone offers, distinct exclusions, cancel/apply, Artificer, Scrivener and history persistence
ENCHANTER kit, talents, subclasses, inscriptions, armor, and persistence: PASS
PASS ENCHANTER seed=8 floor=6 save/load=ok
TEST 37 PASS: transfer, upgrade, replacement, carrier loss and reattachment
TEST 33 PASS: scroll and stone offers, distinct exclusions, cancel/apply, Artificer, Scrivener and history persistence
ENCHANTER kit, talents, subclasses, inscriptions, armor, and persistence: PASS
PASS ENCHANTER seed=9 floor=6 save/load=ok
PSYCHIC kit, talents, subclasses, Grasp, thrown damage, domination, armor and persistence: PASS; TESTS 11-13 PASS
PASS PSYCHIC seed=0 floor=6 save/load=ok
PSYCHIC kit, talents, subclasses, Grasp, thrown damage, domination, armor and persistence: PASS; TESTS 11-13 PASS
PASS PSYCHIC seed=1 floor=6 save/load=ok
PSYCHIC kit, talents, subclasses, Grasp, thrown damage, domination, armor and persistence: PASS; TESTS 11-13 PASS
PASS PSYCHIC seed=2 floor=6 save/load=ok
PSYCHIC kit, talents, subclasses, Grasp, thrown damage, domination, armor and persistence: PASS; TESTS 11-13 PASS
PASS PSYCHIC seed=3 floor=6 save/load=ok
PSYCHIC kit, talents, subclasses, Grasp, thrown damage, domination, armor and persistence: PASS; TESTS 11-13 PASS
PASS PSYCHIC seed=4 floor=6 save/load=ok
PSYCHIC kit, talents, subclasses, Grasp, thrown damage, domination, armor and persistence: PASS; TESTS 11-13 PASS
PASS PSYCHIC seed=5 floor=6 save/load=ok
PSYCHIC kit, talents, subclasses, Grasp, thrown damage, domination, armor and persistence: PASS; TESTS 11-13 PASS
PASS PSYCHIC seed=6 floor=6 save/load=ok
PSYCHIC kit, talents, subclasses, Grasp, thrown damage, domination, armor and persistence: PASS; TESTS 11-13 PASS
PASS PSYCHIC seed=7 floor=6 save/load=ok
PSYCHIC kit, talents, subclasses, Grasp, thrown damage, domination, armor and persistence: PASS; TESTS 11-13 PASS
PASS PSYCHIC seed=8 floor=6 save/load=ok
PSYCHIC kit, talents, subclasses, Grasp, thrown damage, domination, armor and persistence: PASS; TESTS 11-13 PASS
PASS PSYCHIC seed=9 floor=6 save/load=ok
Runs=30 failures=0

> Task :android:mergeLibDexDebug
> Task :android:packageDebug
> Task :android:createDebugApkListingFileRedirect
> Task :android:assembleDebug

[Incubating] Problems report is available at: file:///C:/Users/Hartl/Documents/grimhollow/build/reports/problems/problems-report.html

Deprecated Gradle features were used in this build, making it incompatible with Gradle 10.

You can use '--warning-mode all' to show the individual deprecation warnings and determine if they come from your own scripts or plugins.

For more on this, please refer to https://docs.gradle.org/9.4.0/userguide/command_line_interface.html#sec:command_line_warnings in the Gradle documentation.

BUILD SUCCESSFUL in 1m 41s
55 actionable tasks: 32 executed, 23 up-to-date
Consider enabling configuration cache to speed up this build: https://docs.gradle.org/9.4.0/userguide/configuration_cache_enabling.html

Stage 5.7 desktop:dist core:test --rerun core:smokeRun (exit 0)
To honour the JVM settings for this build a single-use Daemon process will be forked. For more on this, please refer to https://docs.gradle.org/9.4.0/userguide/gradle_daemon.html#sec:disabling_the_daemon in the Gradle documentation.
Daemon will be stopped at the end of the build
> Task :core:processResources NO-SOURCE
> Task :services:news:shatteredNews:processResources NO-SOURCE
> Task :services:updates:githubUpdates:processResources NO-SOURCE
> Task :core:processTestResources NO-SOURCE
> Task :services:compileJava UP-TO-DATE
> Task :SPD-classes:compileJava UP-TO-DATE
> Task :services:news:shatteredNews:compileJava UP-TO-DATE
> Task :services:processResources NO-SOURCE
> Task :services:classes UP-TO-DATE
> Task :services:updates:githubUpdates:compileJava UP-TO-DATE
> Task :SPD-classes:processResources NO-SOURCE
> Task :SPD-classes:classes UP-TO-DATE
> Task :services:jar
> Task :services:news:shatteredNews:classes UP-TO-DATE
> Task :services:news:shatteredNews:jar
> Task :core:compileJava UP-TO-DATE
> Task :services:updates:githubUpdates:classes UP-TO-DATE
> Task :core:classes UP-TO-DATE
> Task :services:updates:githubUpdates:jar
> Task :SPD-classes:jar
> Task :core:jar
> Task :desktop:processResources
> Task :core:compileTestJava UP-TO-DATE
> Task :core:testClasses UP-TO-DATE
> Task :core:test
> Task :desktop:compileJava
> Task :desktop:classes

> Task :core:smokeRun
[GAME] ** There is no room for another minion.
TEST 27 PASS: 300 turns unchanged; 12 charges level=1 Wraith offered; hostile attacked within 2 turns
[GAME] ** There is no room for another minion.
NECROMANCER kit, talents, subclasses, spells, armor, caps, and persistence: PASS
PASS NECROMANCER seed=0 floor=6 save/load=ok
[GAME] ** There is no room for another minion.
TEST 27 PASS: 300 turns unchanged; 12 charges level=1 Wraith offered; hostile attacked within 2 turns
[GAME] ** There is no room for another minion.
NECROMANCER kit, talents, subclasses, spells, armor, caps, and persistence: PASS
PASS NECROMANCER seed=1 floor=6 save/load=ok
[GAME] ** There is no room for another minion.
TEST 27 PASS: 300 turns unchanged; 12 charges level=1 Wraith offered; hostile attacked within 2 turns
[GAME] ** There is no room for another minion.
NECROMANCER kit, talents, subclasses, spells, armor, caps, and persistence: PASS
PASS NECROMANCER seed=2 floor=6 save/load=ok
[GAME] ** There is no room for another minion.
TEST 27 PASS: 300 turns unchanged; 12 charges level=1 Wraith offered; hostile attacked within 2 turns
[GAME] ** There is no room for another minion.
NECROMANCER kit, talents, subclasses, spells, armor, caps, and persistence: PASS
PASS NECROMANCER seed=3 floor=6 save/load=ok
[GAME] ** There is no room for another minion.
TEST 27 PASS: 300 turns unchanged; 12 charges level=1 Wraith offered; hostile attacked within 2 turns
[GAME] ** There is no room for another minion.
NECROMANCER kit, talents, subclasses, spells, armor, caps, and persistence: PASS
PASS NECROMANCER seed=4 floor=6 save/load=ok
[GAME] ** There is no room for another minion.
TEST 27 PASS: 300 turns unchanged; 12 charges level=1 Wraith offered; hostile attacked within 2 turns
[GAME] ** There is no room for another minion.
NECROMANCER kit, talents, subclasses, spells, armor, caps, and persistence: PASS
PASS NECROMANCER seed=5 floor=6 save/load=ok
[GAME] ** There is no room for another minion.
TEST 27 PASS: 300 turns unchanged; 12 charges level=1 Wraith offered; hostile attacked within 2 turns
[GAME] ** There is no room for another minion.
NECROMANCER kit, talents, subclasses, spells, armor, caps, and persistence: PASS
PASS NECROMANCER seed=6 floor=6 save/load=ok
[GAME] ** There is no room for another minion.
TEST 27 PASS: 300 turns unchanged; 12 charges level=1 Wraith offered; hostile attacked within 2 turns
[GAME] ** There is no room for another minion.
NECROMANCER kit, talents, subclasses, spells, armor, caps, and persistence: PASS
PASS NECROMANCER seed=7 floor=6 save/load=ok
[GAME] ** There is no room for another minion.
TEST 27 PASS: 300 turns unchanged; 12 charges level=1 Wraith offered; hostile attacked within 2 turns
[GAME] ** There is no room for another minion.
NECROMANCER kit, talents, subclasses, spells, armor, caps, and persistence: PASS
PASS NECROMANCER seed=8 floor=6 save/load=ok
[GAME] ** There is no room for another minion.
TEST 27 PASS: 300 turns unchanged; 12 charges level=1 Wraith offered; hostile attacked within 2 turns
[GAME] ** There is no room for another minion.
NECROMANCER kit, talents, subclasses, spells, armor, caps, and persistence: PASS
PASS NECROMANCER seed=9 floor=6 save/load=ok
TEST 37 PASS: transfer, upgrade, replacement, carrier loss and reattachment
TEST 33 PASS: scroll and stone offers, distinct exclusions, cancel/apply, Artificer, Scrivener and history persistence
ENCHANTER kit, talents, subclasses, inscriptions, armor, and persistence: PASS
PASS ENCHANTER seed=0 floor=6 save/load=ok
TEST 37 PASS: transfer, upgrade, replacement, carrier loss and reattachment
TEST 33 PASS: scroll and stone offers, distinct exclusions, cancel/apply, Artificer, Scrivener and history persistence
ENCHANTER kit, talents, subclasses, inscriptions, armor, and persistence: PASS
PASS ENCHANTER seed=1 floor=6 save/load=ok
TEST 37 PASS: transfer, upgrade, replacement, carrier loss and reattachment
TEST 33 PASS: scroll and stone offers, distinct exclusions, cancel/apply, Artificer, Scrivener and history persistence
ENCHANTER kit, talents, subclasses, inscriptions, armor, and persistence: PASS
PASS ENCHANTER seed=2 floor=6 save/load=ok
TEST 37 PASS: transfer, upgrade, replacement, carrier loss and reattachment
TEST 33 PASS: scroll and stone offers, distinct exclusions, cancel/apply, Artificer, Scrivener and history persistence
ENCHANTER kit, talents, subclasses, inscriptions, armor, and persistence: PASS
PASS ENCHANTER seed=3 floor=6 save/load=ok
TEST 37 PASS: transfer, upgrade, replacement, carrier loss and reattachment
TEST 33 PASS: scroll and stone offers, distinct exclusions, cancel/apply, Artificer, Scrivener and history persistence
ENCHANTER kit, talents, subclasses, inscriptions, armor, and persistence: PASS
PASS ENCHANTER seed=4 floor=6 save/load=ok
TEST 37 PASS: transfer, upgrade, replacement, carrier loss and reattachment
TEST 33 PASS: scroll and stone offers, distinct exclusions, cancel/apply, Artificer, Scrivener and history persistence
ENCHANTER kit, talents, subclasses, inscriptions, armor, and persistence: PASS
PASS ENCHANTER seed=5 floor=6 save/load=ok
TEST 37 PASS: transfer, upgrade, replacement, carrier loss and reattachment
TEST 33 PASS: scroll and stone offers, distinct exclusions, cancel/apply, Artificer, Scrivener and history persistence
ENCHANTER kit, talents, subclasses, inscriptions, armor, and persistence: PASS
PASS ENCHANTER seed=6 floor=6 save/load=ok
TEST 37 PASS: transfer, upgrade, replacement, carrier loss and reattachment
TEST 33 PASS: scroll and stone offers, distinct exclusions, cancel/apply, Artificer, Scrivener and history persistence
ENCHANTER kit, talents, subclasses, inscriptions, armor, and persistence: PASS
PASS ENCHANTER seed=7 floor=6 save/load=ok
TEST 37 PASS: transfer, upgrade, replacement, carrier loss and reattachment
TEST 33 PASS: scroll and stone offers, distinct exclusions, cancel/apply, Artificer, Scrivener and history persistence
ENCHANTER kit, talents, subclasses, inscriptions, armor, and persistence: PASS
PASS ENCHANTER seed=8 floor=6 save/load=ok
TEST 37 PASS: transfer, upgrade, replacement, carrier loss and reattachment
TEST 33 PASS: scroll and stone offers, distinct exclusions, cancel/apply, Artificer, Scrivener and history persistence
ENCHANTER kit, talents, subclasses, inscriptions, armor, and persistence: PASS
PASS ENCHANTER seed=9 floor=6 save/load=ok
PSYCHIC kit, talents, subclasses, Grasp, thrown damage, domination, armor and persistence: PASS; TESTS 11-13 PASS
PASS PSYCHIC seed=0 floor=6 save/load=ok
PSYCHIC kit, talents, subclasses, Grasp, thrown damage, domination, armor and persistence: PASS; TESTS 11-13 PASS
PASS PSYCHIC seed=1 floor=6 save/load=ok
PSYCHIC kit, talents, subclasses, Grasp, thrown damage, domination, armor and persistence: PASS; TESTS 11-13 PASS
PASS PSYCHIC seed=2 floor=6 save/load=ok
PSYCHIC kit, talents, subclasses, Grasp, thrown damage, domination, armor and persistence: PASS; TESTS 11-13 PASS
PASS PSYCHIC seed=3 floor=6 save/load=ok
PSYCHIC kit, talents, subclasses, Grasp, thrown damage, domination, armor and persistence: PASS; TESTS 11-13 PASS
PASS PSYCHIC seed=4 floor=6 save/load=ok
PSYCHIC kit, talents, subclasses, Grasp, thrown damage, domination, armor and persistence: PASS; TESTS 11-13 PASS
PASS PSYCHIC seed=5 floor=6 save/load=ok
PSYCHIC kit, talents, subclasses, Grasp, thrown damage, domination, armor and persistence: PASS; TESTS 11-13 PASS
PASS PSYCHIC seed=6 floor=6 save/load=ok
PSYCHIC kit, talents, subclasses, Grasp, thrown damage, domination, armor and persistence: PASS; TESTS 11-13 PASS
PASS PSYCHIC seed=7 floor=6 save/load=ok
PSYCHIC kit, talents, subclasses, Grasp, thrown damage, domination, armor and persistence: PASS; TESTS 11-13 PASS
PASS PSYCHIC seed=8 floor=6 save/load=ok
PSYCHIC kit, talents, subclasses, Grasp, thrown damage, domination, armor and persistence: PASS; TESTS 11-13 PASS
PASS PSYCHIC seed=9 floor=6 save/load=ok
Runs=30 failures=0

> Task :desktop:release
> Task :desktop:dist

[Incubating] Problems report is available at: file:///C:/Users/Hartl/Documents/grimhollow/build/reports/problems/problems-report.html

Deprecated Gradle features were used in this build, making it incompatible with Gradle 10.

You can use '--warning-mode all' to show the individual deprecation warnings and determine if they come from your own scripts or plugins.

For more on this, please refer to https://docs.gradle.org/9.4.0/userguide/command_line_interface.html#sec:command_line_warnings in the Gradle documentation.

BUILD SUCCESSFUL in 29s
16 actionable tasks: 10 executed, 6 up-to-date
Consider enabling configuration cache to speed up this build: https://docs.gradle.org/9.4.0/userguide/configuration_cache_enabling.html

Upstream v4.0.0 integration, 2026-09-11; .local/v4-build.txt:
To honour the JVM settings for this build a single-use Daemon process will be forked. For more on this, please refer to https://docs.gradle.org/9.5.0/userguide/gradle_daemon.html#sec:disabling_the_daemon in the Gradle documentation.
Daemon will be stopped at the end of the build
> Task :core:processResources NO-SOURCE
> Task :SPD-classes:compileJava UP-TO-DATE
> Task :services:compileJava UP-TO-DATE
> Task :services:news:shatteredNews:compileJava UP-TO-DATE
> Task :desktop:processResources UP-TO-DATE
> Task :services:processResources NO-SOURCE
> Task :services:classes UP-TO-DATE
> Task :services:updates:githubUpdates:compileJava UP-TO-DATE
> Task :SPD-classes:processResources NO-SOURCE
> Task :SPD-classes:classes UP-TO-DATE
> Task :SPD-classes:jar UP-TO-DATE
> Task :services:jar UP-TO-DATE
> Task :services:updates:githubUpdates:processResources NO-SOURCE
> Task :services:news:shatteredNews:processResources NO-SOURCE
> Task :services:updates:githubUpdates:classes UP-TO-DATE
> Task :services:news:shatteredNews:classes UP-TO-DATE
> Task :services:news:shatteredNews:jar UP-TO-DATE
> Task :services:updates:githubUpdates:jar UP-TO-DATE
> Task :core:compileJava UP-TO-DATE
> Task :core:classes UP-TO-DATE
> Task :core:jar UP-TO-DATE
> Task :services:updates:debugUpdates:compileJava
> Task :services:news:debugNews:compileJava
> Task :android:preBuild UP-TO-DATE
> Task :android:preDebugBuild UP-TO-DATE
> Task :android:mergeDebugNativeDebugMetadata NO-SOURCE
> Task :services:updates:debugUpdates:processResources NO-SOURCE
> Task :services:updates:debugUpdates:classes
> Task :services:news:debugNews:processResources NO-SOURCE
> Task :services:news:debugNews:classes
> Task :services:updates:debugUpdates:jar
> Task :services:news:debugNews:jar
> Task :android:generateDebugResources
> Task :core:compileTestJava
> Task :core:processTestResources NO-SOURCE
> Task :core:testClasses
> Task :desktop:compileJava
> Task :desktop:classes
> Task :android:packageDebugResources
> Task :android:processDebugNavigationResources
> Task :android:parseDebugLocalResources
> Task :android:generateDebugRFile
> Task :android:compileDebugKotlin NO-SOURCE
> Task :android:javaPreCompileDebug
> Task :core:test

> Task :core:smokeRun
[GAME] ** There is no room for another minion.
TEST 27 PASS: 300 turns unchanged; 12 charges level=1 Wraith offered; hostile attacked within 2 turns
[GAME] ** There is no room for another minion.
NECROMANCER kit, talents, subclasses, spells, armor, caps, and persistence: PASS
PASS V4 NECROMANCER Vault generation/save/load, mirror=Phylactery, equipment restore, quest completion/shop and six enchantment/curses serialized
PASS NECROMANCER seed=0 floor=6 save/load=ok
[GAME] ** There is no room for another minion.
TEST 27 PASS: 300 turns unchanged; 12 charges level=1 Wraith offered; hostile attacked within 2 turns
[GAME] ** There is no room for another minion.
NECROMANCER kit, talents, subclasses, spells, armor, caps, and persistence: PASS
PASS NECROMANCER seed=1 floor=6 save/load=ok
[GAME] ** There is no room for another minion.
TEST 27 PASS: 300 turns unchanged; 12 charges level=1 Wraith offered; hostile attacked within 2 turns
[GAME] ** There is no room for another minion.
NECROMANCER kit, talents, subclasses, spells, armor, caps, and persistence: PASS
PASS NECROMANCER seed=2 floor=6 save/load=ok
[GAME] ** There is no room for another minion.
TEST 27 PASS: 300 turns unchanged; 12 charges level=1 Wraith offered; hostile attacked within 2 turns
[GAME] ** There is no room for another minion.
NECROMANCER kit, talents, subclasses, spells, armor, caps, and persistence: PASS
PASS NECROMANCER seed=3 floor=6 save/load=ok
[GAME] ** There is no room for another minion.
TEST 27 PASS: 300 turns unchanged; 12 charges level=1 Wraith offered; hostile attacked within 2 turns
[GAME] ** There is no room for another minion.
NECROMANCER kit, talents, subclasses, spells, armor, caps, and persistence: PASS
PASS NECROMANCER seed=4 floor=6 save/load=ok
[GAME] ** There is no room for another minion.
TEST 27 PASS: 300 turns unchanged; 12 charges level=1 Wraith offered; hostile attacked within 2 turns
[GAME] ** There is no room for another minion.
NECROMANCER kit, talents, subclasses, spells, armor, caps, and persistence: PASS
PASS NECROMANCER seed=5 floor=6 save/load=ok
[GAME] ** There is no room for another minion.
TEST 27 PASS: 300 turns unchanged; 12 charges level=1 Wraith offered; hostile attacked within 2 turns
[GAME] ** There is no room for another minion.
NECROMANCER kit, talents, subclasses, spells, armor, caps, and persistence: PASS
PASS NECROMANCER seed=6 floor=6 save/load=ok
[GAME] ** There is no room for another minion.
TEST 27 PASS: 300 turns unchanged; 12 charges level=1 Wraith offered; hostile attacked within 2 turns
[GAME] ** There is no room for another minion.
NECROMANCER kit, talents, subclasses, spells, armor, caps, and persistence: PASS
PASS NECROMANCER seed=7 floor=6 save/load=ok
[GAME] ** There is no room for another minion.
TEST 27 PASS: 300 turns unchanged; 12 charges level=1 Wraith offered; hostile attacked within 2 turns
[GAME] ** There is no room for another minion.
NECROMANCER kit, talents, subclasses, spells, armor, caps, and persistence: PASS
PASS NECROMANCER seed=8 floor=6 save/load=ok
[GAME] ** There is no room for another minion.
TEST 27 PASS: 300 turns unchanged; 12 charges level=1 Wraith offered; hostile attacked within 2 turns
[GAME] ** There is no room for another minion.
NECROMANCER kit, talents, subclasses, spells, armor, caps, and persistence: PASS
PASS NECROMANCER seed=9 floor=6 save/load=ok
TEST 37 PASS: transfer, upgrade, replacement, carrier loss and reattachment
TEST 33 PASS: scroll and stone offers, distinct exclusions, cancel/apply, Artificer, Scrivener and history persistence
ENCHANTER kit, talents, subclasses, inscriptions, armor, and persistence: PASS
PASS V4 ENCHANTER Vault generation/save/load, mirror=SigilBrush, equipment restore, quest completion/shop and six enchantment/curses serialized
PASS ENCHANTER seed=0 floor=6 save/load=ok
TEST 37 PASS: transfer, upgrade, replacement, carrier loss and reattachment
TEST 33 PASS: scroll and stone offers, distinct exclusions, cancel/apply, Artificer, Scrivener and history persistence
ENCHANTER kit, talents, subclasses, inscriptions, armor, and persistence: PASS
PASS ENCHANTER seed=1 floor=6 save/load=ok
TEST 37 PASS: transfer, upgrade, replacement, carrier loss and reattachment
TEST 33 PASS: scroll and stone offers, distinct exclusions, cancel/apply, Artificer, Scrivener and history persistence
ENCHANTER kit, talents, subclasses, inscriptions, armor, and persistence: PASS
PASS ENCHANTER seed=2 floor=6 save/load=ok
TEST 37 PASS: transfer, upgrade, replacement, carrier loss and reattachment
TEST 33 PASS: scroll and stone offers, distinct exclusions, cancel/apply, Artificer, Scrivener and history persistence
ENCHANTER kit, talents, subclasses, inscriptions, armor, and persistence: PASS
PASS ENCHANTER seed=3 floor=6 save/load=ok
TEST 37 PASS: transfer, upgrade, replacement, carrier loss and reattachment
TEST 33 PASS: scroll and stone offers, distinct exclusions, cancel/apply, Artificer, Scrivener and history persistence
ENCHANTER kit, talents, subclasses, inscriptions, armor, and persistence: PASS
PASS ENCHANTER seed=4 floor=6 save/load=ok
TEST 37 PASS: transfer, upgrade, replacement, carrier loss and reattachment
TEST 33 PASS: scroll and stone offers, distinct exclusions, cancel/apply, Artificer, Scrivener and history persistence
ENCHANTER kit, talents, subclasses, inscriptions, armor, and persistence: PASS
PASS ENCHANTER seed=5 floor=6 save/load=ok
TEST 37 PASS: transfer, upgrade, replacement, carrier loss and reattachment
TEST 33 PASS: scroll and stone offers, distinct exclusions, cancel/apply, Artificer, Scrivener and history persistence
ENCHANTER kit, talents, subclasses, inscriptions, armor, and persistence: PASS
PASS ENCHANTER seed=6 floor=6 save/load=ok
TEST 37 PASS: transfer, upgrade, replacement, carrier loss and reattachment
TEST 33 PASS: scroll and stone offers, distinct exclusions, cancel/apply, Artificer, Scrivener and history persistence
ENCHANTER kit, talents, subclasses, inscriptions, armor, and persistence: PASS
PASS ENCHANTER seed=7 floor=6 save/load=ok
TEST 37 PASS: transfer, upgrade, replacement, carrier loss and reattachment
TEST 33 PASS: scroll and stone offers, distinct exclusions, cancel/apply, Artificer, Scrivener and history persistence
ENCHANTER kit, talents, subclasses, inscriptions, armor, and persistence: PASS
PASS ENCHANTER seed=8 floor=6 save/load=ok
TEST 37 PASS: transfer, upgrade, replacement, carrier loss and reattachment
TEST 33 PASS: scroll and stone offers, distinct exclusions, cancel/apply, Artificer, Scrivener and history persistence
ENCHANTER kit, talents, subclasses, inscriptions, armor, and persistence: PASS
PASS ENCHANTER seed=9 floor=6 save/load=ok
PSYCHIC kit, talents, subclasses, Grasp, thrown damage, domination, armor and persistence: PASS; TESTS 11-13 PASS
PASS V4 PSYCHIC Vault generation/save/load, mirror=FocusCrystal, equipment restore, quest completion/shop and six enchantment/curses serialized
PASS PSYCHIC seed=0 floor=6 save/load=ok
PSYCHIC kit, talents, subclasses, Grasp, thrown damage, domination, armor and persistence: PASS; TESTS 11-13 PASS
PASS PSYCHIC seed=1 floor=6 save/load=ok
PSYCHIC kit, talents, subclasses, Grasp, thrown damage, domination, armor and persistence: PASS; TESTS 11-13 PASS
PASS PSYCHIC seed=2 floor=6 save/load=ok
PSYCHIC kit, talents, subclasses, Grasp, thrown damage, domination, armor and persistence: PASS; TESTS 11-13 PASS

> Task :desktop:release
> Task :desktop:dist

> Task :android:compileDebugJavaWithJavac
Note: Some input files use or override a deprecated API.
Note: Recompile with -Xlint:deprecation for details.

> Task :core:smokeRun
PASS PSYCHIC seed=3 floor=6 save/load=ok
PSYCHIC kit, talents, subclasses, Grasp, thrown damage, domination, armor and persistence: PASS; TESTS 11-13 PASS
PASS PSYCHIC seed=4 floor=6 save/load=ok
PSYCHIC kit, talents, subclasses, Grasp, thrown damage, domination, armor and persistence: PASS; TESTS 11-13 PASS
PASS PSYCHIC seed=5 floor=6 save/load=ok
PSYCHIC kit, talents, subclasses, Grasp, thrown damage, domination, armor and persistence: PASS; TESTS 11-13 PASS
PASS PSYCHIC seed=6 floor=6 save/load=ok
PSYCHIC kit, talents, subclasses, Grasp, thrown damage, domination, armor and persistence: PASS; TESTS 11-13 PASS
PASS PSYCHIC seed=7 floor=6 save/load=ok
PSYCHIC kit, talents, subclasses, Grasp, thrown damage, domination, armor and persistence: PASS; TESTS 11-13 PASS
PASS PSYCHIC seed=8 floor=6 save/load=ok
PSYCHIC kit, talents, subclasses, Grasp, thrown damage, domination, armor and persistence: PASS; TESTS 11-13 PASS
PASS PSYCHIC seed=9 floor=6 save/load=ok
Runs=30 failures=0

> Task :android:generateDebugAssets UP-TO-DATE
> Task :android:mergeDebugAssets
> Task :android:generateDebugGlobalSynthetics
> Task :android:processDebugJavaRes NO-SOURCE
> Task :android:mergeDebugJavaResource
> Task :android:compressDebugAssets
> Task :android:checkDebugDuplicateClasses
> Task :android:desugarDebugFileDependencies
> Task :android:checkDebugAarMetadata
> Task :android:mapDebugSourceSetPaths
> Task :android:compileDebugNavigationResources
> Task :android:mergeLibDexDebug
> Task :android:createDebugCompatibleScreenManifests
> Task :android:extractDeepLinksDebug
> Task :android:mergeExtDexDebug
> Task :android:processDebugMainManifest
> Task :android:processDebugManifest
> Task :android:copyAndroidNatives
> Task :android:mergeDebugJniLibFolders
> Task :android:processDebugManifestForPackage
> Task :android:validateSigningDebug
> Task :android:writeDebugAppMetadata
> Task :android:mergeDebugNativeLibs
> Task :android:writeDebugSigningConfigVersions

> Task :android:stripDebugDebugSymbols
Unable to strip the following libraries, packaging them as they are: libgdx-freetype.so, libgdx.so. Run with --info option to learn more.

> Task :android:mergeDebugResources
> Task :android:processDebugResources
> Task :android:dexBuilderDebug
> Task :android:mergeProjectDexDebug
> Task :android:packageDebug
> Task :android:createDebugApkListingFileRedirect
> Task :android:assembleDebug

[Incubating] Problems report is available at: file:///C:/Users/Hartl/Documents/grimhollow/build/reports/problems/problems-report.html

Deprecated Gradle features were used in this build, making it incompatible with Gradle 10.

You can use '--warning-mode all' to show the individual deprecation warnings and determine if they come from your own scripts or plugins.

For more on this, please refer to https://docs.gradle.org/9.5.0/userguide/command_line_interface.html#sec:command_line_warnings in the Gradle documentation.

BUILD SUCCESSFUL in 1m 56s
56 actionable tasks: 45 executed, 11 up-to-date
Consider enabling configuration cache to speed up this build: https://docs.gradle.org/9.5.0/userguide/configuration_cache_enabling.html

V4 occlusion integration correction: .local/v4-shadow-build.txt
To honour the JVM settings for this build a single-use Daemon process will be forked. For more on this, please refer to https://docs.gradle.org/9.5.0/userguide/gradle_daemon.html#sec:disabling_the_daemon in the Gradle documentation.
Daemon will be stopped at the end of the build
> Task :core:processResources NO-SOURCE
> Task :services:news:shatteredNews:processResources NO-SOURCE
> Task :services:updates:githubUpdates:processResources NO-SOURCE
> Task :core:processTestResources NO-SOURCE
> Task :android:preBuild UP-TO-DATE
> Task :android:preDebugBuild UP-TO-DATE
> Task :android:mergeDebugNativeDebugMetadata NO-SOURCE
> Task :services:updates:debugUpdates:processResources NO-SOURCE
> Task :services:news:debugNews:processResources NO-SOURCE
> Task :android:generateDebugResources UP-TO-DATE
> Task :services:compileJava UP-TO-DATE
> Task :SPD-classes:compileJava UP-TO-DATE
> Task :android:packageDebugResources UP-TO-DATE
> Task :services:news:shatteredNews:compileJava UP-TO-DATE
> Task :services:processResources NO-SOURCE
> Task :services:classes UP-TO-DATE
> Task :desktop:processResources UP-TO-DATE
> Task :SPD-classes:processResources NO-SOURCE
> Task :SPD-classes:classes UP-TO-DATE
> Task :services:updates:githubUpdates:compileJava UP-TO-DATE
> Task :services:news:shatteredNews:classes UP-TO-DATE
> Task :SPD-classes:jar UP-TO-DATE
> Task :services:news:shatteredNews:jar UP-TO-DATE
> Task :services:jar UP-TO-DATE
> Task :services:updates:githubUpdates:classes UP-TO-DATE
> Task :services:updates:githubUpdates:jar UP-TO-DATE
> Task :services:news:debugNews:compileJava UP-TO-DATE
> Task :services:news:debugNews:classes UP-TO-DATE
> Task :services:updates:debugUpdates:compileJava UP-TO-DATE
> Task :services:updates:debugUpdates:classes UP-TO-DATE
> Task :services:news:debugNews:jar UP-TO-DATE
> Task :services:updates:debugUpdates:jar UP-TO-DATE
> Task :android:processDebugNavigationResources UP-TO-DATE
> Task :android:parseDebugLocalResources UP-TO-DATE
> Task :android:generateDebugRFile UP-TO-DATE
> Task :android:javaPreCompileDebug UP-TO-DATE
> Task :android:generateDebugAssets UP-TO-DATE
> Task :android:mergeDebugAssets UP-TO-DATE
> Task :android:compressDebugAssets UP-TO-DATE
> Task :android:generateDebugGlobalSynthetics UP-TO-DATE
> Task :android:checkDebugDuplicateClasses UP-TO-DATE
> Task :android:desugarDebugFileDependencies UP-TO-DATE
> Task :android:mergeExtDexDebug UP-TO-DATE
> Task :android:checkDebugAarMetadata UP-TO-DATE
> Task :android:mapDebugSourceSetPaths UP-TO-DATE
> Task :android:compileDebugNavigationResources UP-TO-DATE
> Task :android:mergeDebugResources UP-TO-DATE
> Task :android:createDebugCompatibleScreenManifests UP-TO-DATE
> Task :android:extractDeepLinksDebug UP-TO-DATE
> Task :android:processDebugMainManifest UP-TO-DATE
> Task :android:processDebugManifest UP-TO-DATE
> Task :android:processDebugManifestForPackage UP-TO-DATE
> Task :android:processDebugResources UP-TO-DATE
> Task :android:copyAndroidNatives
> Task :android:mergeDebugJniLibFolders UP-TO-DATE
> Task :android:validateSigningDebug UP-TO-DATE
> Task :android:writeDebugAppMetadata UP-TO-DATE
> Task :android:writeDebugSigningConfigVersions UP-TO-DATE
> Task :core:compileJava
> Task :core:classes
> Task :desktop:compileJava UP-TO-DATE
> Task :desktop:classes UP-TO-DATE
> Task :core:jar
> Task :core:compileTestJava UP-TO-DATE
> Task :core:testClasses UP-TO-DATE
> Task :android:compileDebugKotlin NO-SOURCE
> Task :android:compileDebugJavaWithJavac UP-TO-DATE
> Task :android:processDebugJavaRes NO-SOURCE
> Task :android:mergeDebugJavaResource
> Task :android:dexBuilderDebug UP-TO-DATE
> Task :android:mergeProjectDexDebug UP-TO-DATE
> Task :android:mergeDebugNativeLibs UP-TO-DATE
> Task :android:stripDebugDebugSymbols UP-TO-DATE
> Task :core:test
> Task :desktop:release
> Task :desktop:dist
> Task :android:mergeLibDexDebug
> Task :android:packageDebug
> Task :android:createDebugApkListingFileRedirect UP-TO-DATE
> Task :android:assembleDebug

[Incubating] Problems report is available at: file:///C:/Users/Hartl/Documents/grimhollow/build/reports/problems/problems-report.html

Deprecated Gradle features were used in this build, making it incompatible with Gradle 10.

You can use '--warning-mode all' to show the individual deprecation warnings and determine if they come from your own scripts or plugins.

For more on this, please refer to https://docs.gradle.org/9.5.0/userguide/command_line_interface.html#sec:command_line_warnings in the Gradle documentation.

BUILD SUCCESSFUL in 38s
55 actionable tasks: 8 executed, 47 up-to-date
Consider enabling configuration cache to speed up this build: https://docs.gradle.org/9.5.0/userguide/configuration_cache_enabling.html

Visual correction: core:test core:smokeRun android:assembleDebug --no-daemon
To honour the JVM settings for this build a single-use Daemon process will be forked. For more on this, please refer to https://docs.gradle.org/9.5.0/userguide/gradle_daemon.html#sec:disabling_the_daemon in the Gradle documentation.
Daemon will be stopped at the end of the build
> Task :android:preBuild UP-TO-DATE
> Task :core:processResources NO-SOURCE
> Task :android:preDebugBuild UP-TO-DATE
> Task :android:mergeDebugNativeDebugMetadata NO-SOURCE
> Task :services:updates:debugUpdates:processResources NO-SOURCE
> Task :core:processTestResources NO-SOURCE
> Task :services:news:debugNews:processResources NO-SOURCE
> Task :android:generateDebugResources UP-TO-DATE
> Task :services:compileJava UP-TO-DATE
> Task :SPD-classes:compileJava UP-TO-DATE
> Task :services:processResources NO-SOURCE
> Task :SPD-classes:processResources NO-SOURCE
> Task :SPD-classes:classes UP-TO-DATE
> Task :services:classes UP-TO-DATE
> Task :android:packageDebugResources UP-TO-DATE
> Task :services:updates:debugUpdates:compileJava UP-TO-DATE
> Task :services:updates:debugUpdates:classes UP-TO-DATE
> Task :services:updates:debugUpdates:jar UP-TO-DATE
> Task :services:jar UP-TO-DATE
> Task :SPD-classes:jar UP-TO-DATE
> Task :services:news:debugNews:compileJava UP-TO-DATE
> Task :services:news:debugNews:classes UP-TO-DATE
> Task :services:news:debugNews:jar UP-TO-DATE
> Task :android:processDebugNavigationResources UP-TO-DATE
> Task :android:parseDebugLocalResources UP-TO-DATE
> Task :android:generateDebugRFile UP-TO-DATE
> Task :android:javaPreCompileDebug UP-TO-DATE
> Task :android:generateDebugAssets UP-TO-DATE
> Task :core:compileJava UP-TO-DATE
> Task :core:classes UP-TO-DATE
> Task :core:jar UP-TO-DATE
> Task :android:mergeDebugAssets
> Task :android:compileDebugKotlin NO-SOURCE
> Task :android:compileDebugJavaWithJavac UP-TO-DATE
> Task :android:generateDebugGlobalSynthetics UP-TO-DATE
> Task :android:processDebugJavaRes NO-SOURCE
> Task :android:compressDebugAssets
> Task :android:checkDebugDuplicateClasses UP-TO-DATE
> Task :android:desugarDebugFileDependencies UP-TO-DATE
> Task :android:mergeExtDexDebug UP-TO-DATE
> Task :android:checkDebugAarMetadata UP-TO-DATE
> Task :android:mapDebugSourceSetPaths UP-TO-DATE
> Task :android:compileDebugNavigationResources UP-TO-DATE
> Task :android:mergeDebugResources UP-TO-DATE
> Task :android:createDebugCompatibleScreenManifests UP-TO-DATE
> Task :android:extractDeepLinksDebug UP-TO-DATE
> Task :android:processDebugMainManifest UP-TO-DATE
> Task :android:processDebugManifest UP-TO-DATE
> Task :android:processDebugManifestForPackage UP-TO-DATE
> Task :android:processDebugResources UP-TO-DATE
> Task :android:mergeDebugJavaResource
> Task :core:compileTestJava
> Task :core:testClasses
> Task :android:dexBuilderDebug
> Task :android:mergeProjectDexDebug UP-TO-DATE
> Task :android:copyAndroidNatives
> Task :android:mergeDebugJniLibFolders UP-TO-DATE
> Task :android:mergeDebugNativeLibs UP-TO-DATE
> Task :android:stripDebugDebugSymbols UP-TO-DATE
> Task :android:validateSigningDebug UP-TO-DATE
> Task :android:writeDebugAppMetadata UP-TO-DATE
> Task :android:writeDebugSigningConfigVersions UP-TO-DATE
> Task :core:test

> Task :core:smokeRun
[GAME] ** There is no room for another minion.
TEST 27 PASS: 300 turns unchanged; 12 charges level=1 Wraith offered; hostile attacked within 2 turns
[GAME] ** There is no room for another minion.
NECROMANCER kit, talents, subclasses, spells, armor, caps, and persistence: PASS
PASS V4 NECROMANCER Vault generation/save/load, mirror=Phylactery, equipment restore, quest completion/shop and six enchantment/curses serialized
PASS NECROMANCER seed=0 floor=6 save/load=ok
[GAME] ** There is no room for another minion.
TEST 27 PASS: 300 turns unchanged; 12 charges level=1 Wraith offered; hostile attacked within 2 turns
[GAME] ** There is no room for another minion.
NECROMANCER kit, talents, subclasses, spells, armor, caps, and persistence: PASS
PASS NECROMANCER seed=1 floor=6 save/load=ok
[GAME] ** There is no room for another minion.
TEST 27 PASS: 300 turns unchanged; 12 charges level=1 Wraith offered; hostile attacked within 2 turns
[GAME] ** There is no room for another minion.
NECROMANCER kit, talents, subclasses, spells, armor, caps, and persistence: PASS
PASS NECROMANCER seed=2 floor=6 save/load=ok
[GAME] ** There is no room for another minion.
TEST 27 PASS: 300 turns unchanged; 12 charges level=1 Wraith offered; hostile attacked within 2 turns
[GAME] ** There is no room for another minion.
NECROMANCER kit, talents, subclasses, spells, armor, caps, and persistence: PASS
PASS NECROMANCER seed=3 floor=6 save/load=ok
[GAME] ** There is no room for another minion.
TEST 27 PASS: 300 turns unchanged; 12 charges level=1 Wraith offered; hostile attacked within 2 turns
[GAME] ** There is no room for another minion.
NECROMANCER kit, talents, subclasses, spells, armor, caps, and persistence: PASS
PASS NECROMANCER seed=4 floor=6 save/load=ok
[GAME] ** There is no room for another minion.
TEST 27 PASS: 300 turns unchanged; 12 charges level=1 Wraith offered; hostile attacked within 2 turns
[GAME] ** There is no room for another minion.
NECROMANCER kit, talents, subclasses, spells, armor, caps, and persistence: PASS
PASS NECROMANCER seed=5 floor=6 save/load=ok
[GAME] ** There is no room for another minion.
TEST 27 PASS: 300 turns unchanged; 12 charges level=1 Wraith offered; hostile attacked within 2 turns
[GAME] ** There is no room for another minion.
NECROMANCER kit, talents, subclasses, spells, armor, caps, and persistence: PASS
PASS NECROMANCER seed=6 floor=6 save/load=ok
[GAME] ** There is no room for another minion.
TEST 27 PASS: 300 turns unchanged; 12 charges level=1 Wraith offered; hostile attacked within 2 turns
[GAME] ** There is no room for another minion.
NECROMANCER kit, talents, subclasses, spells, armor, caps, and persistence: PASS
PASS NECROMANCER seed=7 floor=6 save/load=ok
[GAME] ** There is no room for another minion.
TEST 27 PASS: 300 turns unchanged; 12 charges level=1 Wraith offered; hostile attacked within 2 turns
[GAME] ** There is no room for another minion.
NECROMANCER kit, talents, subclasses, spells, armor, caps, and persistence: PASS
PASS NECROMANCER seed=8 floor=6 save/load=ok
[GAME] ** There is no room for another minion.
TEST 27 PASS: 300 turns unchanged; 12 charges level=1 Wraith offered; hostile attacked within 2 turns
[GAME] ** There is no room for another minion.
NECROMANCER kit, talents, subclasses, spells, armor, caps, and persistence: PASS
PASS NECROMANCER seed=9 floor=6 save/load=ok
TEST 37 PASS: transfer, upgrade, replacement, carrier loss and reattachment
TEST 33 PASS: scroll and stone offers, distinct exclusions, cancel/apply, Artificer, Scrivener and history persistence
ENCHANTER kit, talents, subclasses, inscriptions, armor, and persistence: PASS
PASS V4 ENCHANTER Vault generation/save/load, mirror=SigilBrush, equipment restore, quest completion/shop and six enchantment/curses serialized
PASS ENCHANTER seed=0 floor=6 save/load=ok
TEST 37 PASS: transfer, upgrade, replacement, carrier loss and reattachment
TEST 33 PASS: scroll and stone offers, distinct exclusions, cancel/apply, Artificer, Scrivener and history persistence
ENCHANTER kit, talents, subclasses, inscriptions, armor, and persistence: PASS
PASS ENCHANTER seed=1 floor=6 save/load=ok
TEST 37 PASS: transfer, upgrade, replacement, carrier loss and reattachment
TEST 33 PASS: scroll and stone offers, distinct exclusions, cancel/apply, Artificer, Scrivener and history persistence
ENCHANTER kit, talents, subclasses, inscriptions, armor, and persistence: PASS
PASS ENCHANTER seed=2 floor=6 save/load=ok
TEST 37 PASS: transfer, upgrade, replacement, carrier loss and reattachment
TEST 33 PASS: scroll and stone offers, distinct exclusions, cancel/apply, Artificer, Scrivener and history persistence
ENCHANTER kit, talents, subclasses, inscriptions, armor, and persistence: PASS
PASS ENCHANTER seed=3 floor=6 save/load=ok
TEST 37 PASS: transfer, upgrade, replacement, carrier loss and reattachment
TEST 33 PASS: scroll and stone offers, distinct exclusions, cancel/apply, Artificer, Scrivener and history persistence
ENCHANTER kit, talents, subclasses, inscriptions, armor, and persistence: PASS
PASS ENCHANTER seed=4 floor=6 save/load=ok
TEST 37 PASS: transfer, upgrade, replacement, carrier loss and reattachment
TEST 33 PASS: scroll and stone offers, distinct exclusions, cancel/apply, Artificer, Scrivener and history persistence
ENCHANTER kit, talents, subclasses, inscriptions, armor, and persistence: PASS
PASS ENCHANTER seed=5 floor=6 save/load=ok
TEST 37 PASS: transfer, upgrade, replacement, carrier loss and reattachment
TEST 33 PASS: scroll and stone offers, distinct exclusions, cancel/apply, Artificer, Scrivener and history persistence
ENCHANTER kit, talents, subclasses, inscriptions, armor, and persistence: PASS
PASS ENCHANTER seed=6 floor=6 save/load=ok
TEST 37 PASS: transfer, upgrade, replacement, carrier loss and reattachment
TEST 33 PASS: scroll and stone offers, distinct exclusions, cancel/apply, Artificer, Scrivener and history persistence
ENCHANTER kit, talents, subclasses, inscriptions, armor, and persistence: PASS
PASS ENCHANTER seed=7 floor=6 save/load=ok
TEST 37 PASS: transfer, upgrade, replacement, carrier loss and reattachment
TEST 33 PASS: scroll and stone offers, distinct exclusions, cancel/apply, Artificer, Scrivener and history persistence
ENCHANTER kit, talents, subclasses, inscriptions, armor, and persistence: PASS
PASS ENCHANTER seed=8 floor=6 save/load=ok
TEST 37 PASS: transfer, upgrade, replacement, carrier loss and reattachment
TEST 33 PASS: scroll and stone offers, distinct exclusions, cancel/apply, Artificer, Scrivener and history persistence
ENCHANTER kit, talents, subclasses, inscriptions, armor, and persistence: PASS
PASS ENCHANTER seed=9 floor=6 save/load=ok
PSYCHIC kit, talents, subclasses, Grasp, thrown damage, domination, armor and persistence: PASS; TESTS 11-13 PASS
PASS V4 PSYCHIC Vault generation/save/load, mirror=FocusCrystal, equipment restore, quest completion/shop and six enchantment/curses serialized
PASS PSYCHIC seed=0 floor=6 save/load=ok
PSYCHIC kit, talents, subclasses, Grasp, thrown damage, domination, armor and persistence: PASS; TESTS 11-13 PASS
PASS PSYCHIC seed=1 floor=6 save/load=ok
PSYCHIC kit, talents, subclasses, Grasp, thrown damage, domination, armor and persistence: PASS; TESTS 11-13 PASS
PASS PSYCHIC seed=2 floor=6 save/load=ok
PSYCHIC kit, talents, subclasses, Grasp, thrown damage, domination, armor and persistence: PASS; TESTS 11-13 PASS
PASS PSYCHIC seed=3 floor=6 save/load=ok
PSYCHIC kit, talents, subclasses, Grasp, thrown damage, domination, armor and persistence: PASS; TESTS 11-13 PASS
PASS PSYCHIC seed=4 floor=6 save/load=ok
PSYCHIC kit, talents, subclasses, Grasp, thrown damage, domination, armor and persistence: PASS; TESTS 11-13 PASS
PASS PSYCHIC seed=5 floor=6 save/load=ok
PSYCHIC kit, talents, subclasses, Grasp, thrown damage, domination, armor and persistence: PASS; TESTS 11-13 PASS
PASS PSYCHIC seed=6 floor=6 save/load=ok
PSYCHIC kit, talents, subclasses, Grasp, thrown damage, domination, armor and persistence: PASS; TESTS 11-13 PASS
PASS PSYCHIC seed=7 floor=6 save/load=ok
PSYCHIC kit, talents, subclasses, Grasp, thrown damage, domination, armor and persistence: PASS; TESTS 11-13 PASS
PASS PSYCHIC seed=8 floor=6 save/load=ok
PSYCHIC kit, talents, subclasses, Grasp, thrown damage, domination, armor and persistence: PASS; TESTS 11-13 PASS
PASS PSYCHIC seed=9 floor=6 save/load=ok
Runs=30 failures=0

> Task :android:mergeLibDexDebug
> Task :android:packageDebug
> Task :android:createDebugApkListingFileRedirect UP-TO-DATE
> Task :android:assembleDebug

[Incubating] Problems report is available at: file:///C:/Users/Hartl/Documents/grimhollow/build/reports/problems/problems-report.html

Deprecated Gradle features were used in this build, making it incompatible with Gradle 10.

You can use '--warning-mode all' to show the individual deprecation warnings and determine if they come from your own scripts or plugins.

For more on this, please refer to https://docs.gradle.org/9.5.0/userguide/command_line_interface.html#sec:command_line_warnings in the Gradle documentation.

BUILD SUCCESSFUL in 57s
49 actionable tasks: 10 executed, 39 up-to-date
Consider enabling configuration cache to speed up this build: https://docs.gradle.org/9.5.0/userguide/configuration_cache_enabling.html


Stage 6d native characters - 2026-09-11 16:05 UTC
To honour the JVM settings for this build a single-use Daemon process will be forked. For more on this, please refer to https://docs.gradle.org/9.5.0/userguide/gradle_daemon.html#sec:disabling_the_daemon in the Gradle documentation.
Daemon will be stopped at the end of the build
> Task :core:processResources NO-SOURCE
> Task :services:news:shatteredNews:processResources NO-SOURCE
> Task :services:updates:githubUpdates:processResources NO-SOURCE
> Task :core:processTestResources NO-SOURCE
> Task :android:preBuild UP-TO-DATE
> Task :android:preDebugBuild UP-TO-DATE
> Task :android:mergeDebugNativeDebugMetadata NO-SOURCE
> Task :services:updates:debugUpdates:processResources NO-SOURCE
> Task :services:news:debugNews:processResources NO-SOURCE
> Task :desktop:processResources UP-TO-DATE
> Task :android:generateDebugResources UP-TO-DATE
> Task :services:compileJava UP-TO-DATE
> Task :SPD-classes:compileJava UP-TO-DATE
> Task :services:news:shatteredNews:compileJava UP-TO-DATE
> Task :services:updates:githubUpdates:compileJava UP-TO-DATE
> Task :android:packageDebugResources UP-TO-DATE
> Task :services:news:shatteredNews:classes UP-TO-DATE
> Task :services:processResources NO-SOURCE
> Task :services:classes UP-TO-DATE
> Task :SPD-classes:processResources NO-SOURCE
> Task :SPD-classes:classes UP-TO-DATE
> Task :SPD-classes:jar UP-TO-DATE
> Task :services:jar UP-TO-DATE
> Task :services:news:shatteredNews:jar UP-TO-DATE
> Task :services:updates:githubUpdates:classes UP-TO-DATE
> Task :services:updates:githubUpdates:jar UP-TO-DATE
> Task :services:news:debugNews:compileJava UP-TO-DATE
> Task :services:updates:debugUpdates:compileJava UP-TO-DATE
> Task :services:news:debugNews:classes UP-TO-DATE
> Task :services:updates:debugUpdates:classes UP-TO-DATE
> Task :services:news:debugNews:jar UP-TO-DATE
> Task :services:updates:debugUpdates:jar UP-TO-DATE
> Task :android:processDebugNavigationResources UP-TO-DATE
> Task :android:parseDebugLocalResources UP-TO-DATE
> Task :android:generateDebugRFile UP-TO-DATE
> Task :android:javaPreCompileDebug UP-TO-DATE
> Task :android:generateDebugAssets UP-TO-DATE
> Task :android:mergeDebugAssets UP-TO-DATE
> Task :android:compressDebugAssets UP-TO-DATE
> Task :android:generateDebugGlobalSynthetics UP-TO-DATE
> Task :android:checkDebugDuplicateClasses UP-TO-DATE
> Task :android:desugarDebugFileDependencies UP-TO-DATE
> Task :android:mergeExtDexDebug UP-TO-DATE
> Task :android:checkDebugAarMetadata UP-TO-DATE
> Task :android:mapDebugSourceSetPaths UP-TO-DATE
> Task :android:compileDebugNavigationResources UP-TO-DATE
> Task :android:mergeDebugResources UP-TO-DATE
> Task :android:createDebugCompatibleScreenManifests UP-TO-DATE
> Task :android:extractDeepLinksDebug UP-TO-DATE
> Task :android:processDebugMainManifest UP-TO-DATE
> Task :android:processDebugManifest UP-TO-DATE
> Task :android:processDebugManifestForPackage UP-TO-DATE
> Task :android:processDebugResources UP-TO-DATE
> Task :android:copyAndroidNatives
> Task :android:mergeDebugJniLibFolders UP-TO-DATE
> Task :android:validateSigningDebug UP-TO-DATE
> Task :android:writeDebugAppMetadata UP-TO-DATE
> Task :android:writeDebugSigningConfigVersions UP-TO-DATE
> Task :core:compileJava
> Task :core:classes
> Task :desktop:compileJava UP-TO-DATE
> Task :desktop:classes UP-TO-DATE
> Task :core:jar
> Task :core:compileTestJava UP-TO-DATE
> Task :core:testClasses UP-TO-DATE
> Task :android:compileDebugKotlin NO-SOURCE
> Task :android:compileDebugJavaWithJavac UP-TO-DATE
> Task :android:processDebugJavaRes NO-SOURCE
> Task :android:mergeDebugJavaResource
> Task :android:dexBuilderDebug UP-TO-DATE
> Task :android:mergeProjectDexDebug UP-TO-DATE
> Task :android:mergeDebugNativeLibs UP-TO-DATE
> Task :android:stripDebugDebugSymbols UP-TO-DATE
> Task :core:test
> Task :desktop:release
> Task :desktop:dist
> Task :android:mergeLibDexDebug
> Task :android:packageDebug
> Task :android:createDebugApkListingFileRedirect UP-TO-DATE
> Task :android:assembleDebug

[Incubating] Problems report is available at: file:///C:/Users/Hartl/Documents/grimhollow/build/reports/problems/problems-report.html

Deprecated Gradle features were used in this build, making it incompatible with Gradle 10.

You can use '--warning-mode all' to show the individual deprecation warnings and determine if they come from your own scripts or plugins.

For more on this, please refer to https://docs.gradle.org/9.5.0/userguide/command_line_interface.html#sec:command_line_warnings in the Gradle documentation.

BUILD SUCCESSFUL in 42s
55 actionable tasks: 8 executed, 47 up-to-date
Consider enabling configuration cache to speed up this build: https://docs.gradle.org/9.5.0/userguide/configuration_cache_enabling.html


STAGE 6e - 2026-09-11 - full art checkpoint

art-complete-gradle.txt
To honour the JVM settings for this build a single-use Daemon process will be forked. For more on this, please refer to https://docs.gradle.org/9.5.0/userguide/gradle_daemon.html#sec:disabling_the_daemon in the Gradle documentation.
Daemon will be stopped at the end of the build
> Task :core:processResources NO-SOURCE
> Task :services:news:shatteredNews:processResources NO-SOURCE
> Task :services:updates:githubUpdates:processResources NO-SOURCE
> Task :core:processTestResources NO-SOURCE
> Task :android:preBuild UP-TO-DATE
> Task :android:preDebugBuild UP-TO-DATE
> Task :android:mergeDebugNativeDebugMetadata NO-SOURCE
> Task :services:updates:debugUpdates:processResources NO-SOURCE
> Task :services:news:debugNews:processResources NO-SOURCE
> Task :android:generateDebugResources UP-TO-DATE
> Task :SPD-classes:compileJava UP-TO-DATE
> Task :services:compileJava UP-TO-DATE
> Task :services:news:shatteredNews:compileJava UP-TO-DATE
> Task :services:processResources NO-SOURCE
> Task :services:classes UP-TO-DATE
> Task :services:updates:githubUpdates:compileJava UP-TO-DATE
> Task :SPD-classes:processResources NO-SOURCE
> Task :SPD-classes:classes UP-TO-DATE
> Task :SPD-classes:jar
> Task :services:jar
> Task :services:news:shatteredNews:classes UP-TO-DATE
> Task :services:updates:githubUpdates:classes UP-TO-DATE
> Task :services:news:shatteredNews:jar
> Task :services:updates:debugUpdates:compileJava UP-TO-DATE
> Task :services:updates:debugUpdates:classes UP-TO-DATE
> Task :services:updates:githubUpdates:jar
> Task :services:updates:debugUpdates:jar
> Task :services:news:debugNews:compileJava UP-TO-DATE
> Task :services:news:debugNews:classes UP-TO-DATE
> Task :services:news:debugNews:jar
> Task :android:packageDebugResources UP-TO-DATE
> Task :android:processDebugNavigationResources UP-TO-DATE
> Task :android:parseDebugLocalResources UP-TO-DATE
> Task :android:generateDebugRFile UP-TO-DATE
> Task :android:javaPreCompileDebug UP-TO-DATE
> Task :android:generateDebugAssets UP-TO-DATE
> Task :android:mergeDebugAssets
> Task :android:compressDebugAssets
> Task :android:generateDebugGlobalSynthetics UP-TO-DATE
> Task :desktop:processResources
> Task :android:checkDebugDuplicateClasses UP-TO-DATE
> Task :android:desugarDebugFileDependencies UP-TO-DATE
> Task :android:mergeExtDexDebug UP-TO-DATE
> Task :android:checkDebugAarMetadata UP-TO-DATE
> Task :android:mapDebugSourceSetPaths UP-TO-DATE
> Task :android:compileDebugNavigationResources UP-TO-DATE
> Task :android:mergeDebugResources UP-TO-DATE
> Task :android:createDebugCompatibleScreenManifests
> Task :android:extractDeepLinksDebug UP-TO-DATE
> Task :android:processDebugMainManifest
> Task :android:processDebugManifest
> Task :android:copyAndroidNatives
> Task :android:processDebugManifestForPackage
> Task :android:mergeDebugJniLibFolders UP-TO-DATE
> Task :android:validateSigningDebug UP-TO-DATE
> Task :android:writeDebugAppMetadata UP-TO-DATE
> Task :android:writeDebugSigningConfigVersions UP-TO-DATE
> Task :android:processDebugResources

> Task :core:compileJava
C:\Users\Hartl\Documents\grimhollow\core\src\main\java\com\shatteredpixel\shatteredpixeldungeon\tiles\CustomTilemap.java:99: error: cellSize(float,float) has protected access in Tilemap
        vis.cellSize(SIZE, SIZE);
           ^
Note: Some input files use unchecked or unsafe operations.
Note: Recompile with -Xlint:unchecked for details.
1 error

> Task :core:compileJava FAILED

[Incubating] Problems report is available at: file:///C:/Users/Hartl/Documents/grimhollow/build/reports/problems/problems-report.html

FAILURE: Build failed with an exception.

* What went wrong:
Execution failed for task ':core:compileJava' (registered by plugin class 'org.gradle.api.plugins.JavaBasePlugin').
> Compilation failed; see the compiler output below.
  C:\Users\Hartl\Documents\grimhollow\core\src\main\java\com\shatteredpixel\shatteredpixeldungeon\tiles\CustomTilemap.java:99: error: cellSize(float,float) has protected access in Tilemap
        vis.cellSize(SIZE, SIZE);
           ^
  Note: Recompile with -Xlint:unchecked for details.
  Note: Some input files use unchecked or unsafe operations.
  1 error

* Try:
> Check your code and dependencies to fix the compilation error(s)
> Run with --scan to get full insights from a Build Scan (powered by Develocity).

Deprecated Gradle features were used in this build, making it incompatible with Gradle 10.

You can use '--warning-mode all' to show the individual deprecation warnings and determine if they come from your own scripts or plugins.

For more on this, please refer to https://docs.gradle.org/9.5.0/userguide/command_line_interface.html#sec:command_line_warnings in the Gradle documentation.

BUILD FAILED in 53s
41 actionable tasks: 16 executed, 25 up-to-date

art-complete-gradle-final.txt
To honour the JVM settings for this build a single-use Daemon process will be forked. For more on this, please refer to https://docs.gradle.org/9.5.0/userguide/gradle_daemon.html#sec:disabling_the_daemon in the Gradle documentation.
Daemon will be stopped at the end of the build
> Task :core:processResources NO-SOURCE
> Task :SPD-classes:compileJava UP-TO-DATE
> Task :services:compileJava UP-TO-DATE
> Task :services:news:shatteredNews:compileJava UP-TO-DATE
> Task :services:updates:githubUpdates:compileJava UP-TO-DATE
> Task :services:processResources NO-SOURCE
> Task :services:classes UP-TO-DATE
> Task :services:jar UP-TO-DATE
> Task :SPD-classes:processResources NO-SOURCE
> Task :SPD-classes:classes UP-TO-DATE
> Task :SPD-classes:jar UP-TO-DATE
> Task :services:news:shatteredNews:processResources NO-SOURCE
> Task :services:news:shatteredNews:classes UP-TO-DATE
> Task :services:news:shatteredNews:jar UP-TO-DATE
> Task :services:updates:githubUpdates:processResources NO-SOURCE
> Task :services:updates:githubUpdates:classes UP-TO-DATE
> Task :services:updates:githubUpdates:jar UP-TO-DATE
> Task :services:updates:debugUpdates:compileJava UP-TO-DATE
> Task :services:updates:debugUpdates:processResources NO-SOURCE
> Task :services:updates:debugUpdates:classes UP-TO-DATE
> Task :services:updates:debugUpdates:jar UP-TO-DATE
> Task :services:news:debugNews:compileJava UP-TO-DATE
> Task :services:news:debugNews:processResources NO-SOURCE
> Task :services:news:debugNews:classes UP-TO-DATE
> Task :services:news:debugNews:jar UP-TO-DATE
> Task :android:preBuild UP-TO-DATE
> Task :android:preDebugBuild UP-TO-DATE
> Task :android:mergeDebugNativeDebugMetadata NO-SOURCE
> Task :android:generateDebugResources UP-TO-DATE
> Task :android:packageDebugResources UP-TO-DATE
> Task :android:processDebugNavigationResources UP-TO-DATE
> Task :android:parseDebugLocalResources UP-TO-DATE
> Task :android:generateDebugRFile UP-TO-DATE
> Task :android:javaPreCompileDebug UP-TO-DATE
> Task :android:generateDebugAssets UP-TO-DATE
> Task :android:mergeDebugAssets
> Task :android:generateDebugGlobalSynthetics UP-TO-DATE
> Task :android:compressDebugAssets
> Task :android:checkDebugDuplicateClasses UP-TO-DATE
> Task :android:desugarDebugFileDependencies UP-TO-DATE
> Task :android:mergeExtDexDebug UP-TO-DATE
> Task :android:checkDebugAarMetadata UP-TO-DATE
> Task :android:mapDebugSourceSetPaths UP-TO-DATE
> Task :android:compileDebugNavigationResources UP-TO-DATE
> Task :android:mergeDebugResources UP-TO-DATE
> Task :android:createDebugCompatibleScreenManifests UP-TO-DATE
> Task :android:extractDeepLinksDebug UP-TO-DATE
> Task :android:processDebugMainManifest UP-TO-DATE
> Task :android:processDebugManifest UP-TO-DATE
> Task :android:processDebugManifestForPackage UP-TO-DATE
> Task :android:processDebugResources UP-TO-DATE
> Task :android:copyAndroidNatives
> Task :android:mergeDebugJniLibFolders UP-TO-DATE
> Task :android:validateSigningDebug UP-TO-DATE
> Task :android:writeDebugAppMetadata UP-TO-DATE
> Task :android:writeDebugSigningConfigVersions UP-TO-DATE
> Task :desktop:processResources
> Task :core:compileJava
Note: Some input files use unchecked or unsafe operations.
Note: Recompile with -Xlint:unchecked for details.

> Task :core:classes
> Task :core:jar
> Task :android:compileDebugKotlin NO-SOURCE
> Task :core:compileTestJava
> Task :core:processTestResources NO-SOURCE
> Task :core:testClasses
> Task :desktop:compileJava
> Task :desktop:classes
> Task :android:compileDebugJavaWithJavac
> Task :android:processDebugJavaRes NO-SOURCE
> Task :core:test
> Task :android:mergeDebugJavaResource
> Task :android:dexBuilderDebug
> Task :android:mergeProjectDexDebug UP-TO-DATE
> Task :android:mergeDebugNativeLibs UP-TO-DATE
> Task :android:stripDebugDebugSymbols UP-TO-DATE
> Task :desktop:release
> Task :desktop:dist
> Task :android:mergeLibDexDebug
> Task :android:packageDebug
> Task :android:createDebugApkListingFileRedirect
> Task :android:assembleDebug

[Incubating] Problems report is available at: file:///C:/Users/Hartl/Documents/grimhollow/build/reports/problems/problems-report.html

Deprecated Gradle features were used in this build, making it incompatible with Gradle 10.

You can use '--warning-mode all' to show the individual deprecation warnings and determine if they come from your own scripts or plugins.

For more on this, please refer to https://docs.gradle.org/9.5.0/userguide/command_line_interface.html#sec:command_line_warnings in the Gradle documentation.

BUILD SUCCESSFUL in 4m 7s
55 actionable tasks: 16 executed, 39 up-to-date
Consider enabling configuration cache to speed up this build: https://docs.gradle.org/9.5.0/userguide/configuration_cache_enabling.html

art-complete-title-build.txt
To honour the JVM settings for this build a single-use Daemon process will be forked. For more on this, please refer to https://docs.gradle.org/9.5.0/userguide/gradle_daemon.html#sec:disabling_the_daemon in the Gradle documentation.
Daemon will be stopped at the end of the build
> Task :core:processResources NO-SOURCE
> Task :services:news:shatteredNews:processResources NO-SOURCE
> Task :services:updates:githubUpdates:processResources NO-SOURCE
> Task :android:preBuild UP-TO-DATE
> Task :android:preDebugBuild UP-TO-DATE
> Task :android:mergeDebugNativeDebugMetadata NO-SOURCE
> Task :services:updates:debugUpdates:processResources NO-SOURCE
> Task :services:news:debugNews:processResources NO-SOURCE
> Task :android:generateDebugResources UP-TO-DATE
> Task :SPD-classes:compileJava UP-TO-DATE
> Task :services:compileJava UP-TO-DATE
> Task :desktop:processResources UP-TO-DATE
> Task :services:processResources NO-SOURCE
> Task :services:classes UP-TO-DATE
> Task :services:news:shatteredNews:compileJava UP-TO-DATE
> Task :services:updates:githubUpdates:compileJava UP-TO-DATE
> Task :services:news:shatteredNews:classes UP-TO-DATE
> Task :SPD-classes:processResources NO-SOURCE
> Task :SPD-classes:classes UP-TO-DATE
> Task :services:jar UP-TO-DATE
> Task :SPD-classes:jar UP-TO-DATE
> Task :services:updates:githubUpdates:classes UP-TO-DATE
> Task :services:news:shatteredNews:jar UP-TO-DATE
> Task :services:updates:githubUpdates:jar UP-TO-DATE
> Task :services:updates:debugUpdates:compileJava UP-TO-DATE
> Task :services:updates:debugUpdates:classes UP-TO-DATE
> Task :services:updates:debugUpdates:jar UP-TO-DATE
> Task :services:news:debugNews:compileJava UP-TO-DATE
> Task :services:news:debugNews:classes UP-TO-DATE
> Task :android:packageDebugResources UP-TO-DATE
> Task :services:news:debugNews:jar UP-TO-DATE
> Task :android:processDebugNavigationResources UP-TO-DATE
> Task :android:parseDebugLocalResources UP-TO-DATE
> Task :android:generateDebugRFile UP-TO-DATE
> Task :android:javaPreCompileDebug UP-TO-DATE
> Task :android:generateDebugAssets UP-TO-DATE
> Task :android:mergeDebugAssets UP-TO-DATE
> Task :android:compressDebugAssets UP-TO-DATE
> Task :android:generateDebugGlobalSynthetics UP-TO-DATE
> Task :android:checkDebugDuplicateClasses UP-TO-DATE
> Task :android:desugarDebugFileDependencies UP-TO-DATE
> Task :android:mergeExtDexDebug UP-TO-DATE
> Task :android:checkDebugAarMetadata UP-TO-DATE
> Task :android:mapDebugSourceSetPaths UP-TO-DATE
> Task :android:compileDebugNavigationResources UP-TO-DATE
> Task :android:mergeDebugResources UP-TO-DATE
> Task :android:createDebugCompatibleScreenManifests UP-TO-DATE
> Task :android:extractDeepLinksDebug UP-TO-DATE
> Task :android:processDebugMainManifest UP-TO-DATE
> Task :android:processDebugManifest UP-TO-DATE
> Task :android:processDebugManifestForPackage UP-TO-DATE
> Task :android:processDebugResources UP-TO-DATE
> Task :android:copyAndroidNatives
> Task :android:mergeDebugJniLibFolders UP-TO-DATE
> Task :android:validateSigningDebug UP-TO-DATE
> Task :android:writeDebugAppMetadata UP-TO-DATE
> Task :android:writeDebugSigningConfigVersions UP-TO-DATE

> Task :core:compileJava
Note: C:\Users\Hartl\Documents\grimhollow\core\src\main\java\com\shatteredpixel\shatteredpixeldungeon\ShatteredPixelDungeon.java uses unchecked or unsafe operations.
Note: Recompile with -Xlint:unchecked for details.

> Task :core:classes
> Task :desktop:compileJava UP-TO-DATE
> Task :desktop:classes UP-TO-DATE
> Task :core:jar
> Task :android:compileDebugKotlin NO-SOURCE
> Task :android:compileDebugJavaWithJavac UP-TO-DATE
> Task :android:processDebugJavaRes NO-SOURCE
> Task :android:dexBuilderDebug UP-TO-DATE
> Task :android:mergeProjectDexDebug UP-TO-DATE
> Task :android:mergeDebugNativeLibs UP-TO-DATE
> Task :android:stripDebugDebugSymbols UP-TO-DATE
> Task :android:mergeDebugJavaResource
> Task :desktop:release
> Task :desktop:dist
> Task :android:mergeLibDexDebug
> Task :android:packageDebug
> Task :android:createDebugApkListingFileRedirect UP-TO-DATE
> Task :android:assembleDebug

[Incubating] Problems report is available at: file:///C:/Users/Hartl/Documents/grimhollow/build/reports/problems/problems-report.html

Deprecated Gradle features were used in this build, making it incompatible with Gradle 10.

You can use '--warning-mode all' to show the individual deprecation warnings and determine if they come from your own scripts or plugins.

For more on this, please refer to https://docs.gradle.org/9.5.0/userguide/command_line_interface.html#sec:command_line_warnings in the Gradle documentation.

BUILD SUCCESSFUL in 1m 7s
53 actionable tasks: 7 executed, 46 up-to-date
Consider enabling configuration cache to speed up this build: https://docs.gradle.org/9.5.0/userguide/configuration_cache_enabling.html

Stage 7 enhanced effects

.local/effects-build.txt
To honour the JVM settings for this build a single-use Daemon process will be forked. For more on this, please refer to https://docs.gradle.org/9.5.0/userguide/gradle_daemon.html#sec:disabling_the_daemon in the Gradle documentation.
Daemon will be stopped at the end of the build
> Task :core:processResources NO-SOURCE
> Task :services:news:shatteredNews:processResources NO-SOURCE
> Task :services:updates:githubUpdates:processResources NO-SOURCE
> Task :core:processTestResources NO-SOURCE
> Task :android:preBuild UP-TO-DATE
> Task :android:preDebugBuild UP-TO-DATE
> Task :android:mergeDebugNativeDebugMetadata NO-SOURCE
> Task :services:updates:debugUpdates:processResources NO-SOURCE
> Task :services:news:debugNews:processResources NO-SOURCE
> Task :android:generateDebugResources UP-TO-DATE
> Task :SPD-classes:compileJava UP-TO-DATE
> Task :services:compileJava UP-TO-DATE
> Task :services:news:shatteredNews:compileJava UP-TO-DATE
> Task :services:processResources NO-SOURCE
> Task :services:classes UP-TO-DATE
> Task :services:updates:githubUpdates:compileJava UP-TO-DATE
> Task :SPD-classes:processResources NO-SOURCE
> Task :SPD-classes:classes UP-TO-DATE
> Task :services:jar UP-TO-DATE
> Task :services:news:shatteredNews:classes UP-TO-DATE
> Task :SPD-classes:jar UP-TO-DATE
> Task :services:updates:githubUpdates:classes UP-TO-DATE
> Task :services:news:shatteredNews:jar UP-TO-DATE
> Task :services:updates:githubUpdates:jar UP-TO-DATE
> Task :services:updates:debugUpdates:compileJava UP-TO-DATE
> Task :services:news:debugNews:compileJava UP-TO-DATE
> Task :services:updates:debugUpdates:classes UP-TO-DATE
> Task :services:news:debugNews:classes UP-TO-DATE
> Task :services:updates:debugUpdates:jar UP-TO-DATE
> Task :services:news:debugNews:jar UP-TO-DATE
> Task :android:packageDebugResources UP-TO-DATE
> Task :android:processDebugNavigationResources UP-TO-DATE
> Task :android:parseDebugLocalResources UP-TO-DATE
> Task :android:generateDebugRFile UP-TO-DATE
> Task :android:javaPreCompileDebug UP-TO-DATE
> Task :android:generateDebugAssets UP-TO-DATE
> Task :android:mergeDebugAssets
> Task :android:generateDebugGlobalSynthetics UP-TO-DATE
> Task :android:compressDebugAssets
> Task :android:checkDebugDuplicateClasses UP-TO-DATE
> Task :android:desugarDebugFileDependencies UP-TO-DATE
> Task :android:mergeExtDexDebug UP-TO-DATE
> Task :android:checkDebugAarMetadata UP-TO-DATE
> Task :android:mapDebugSourceSetPaths UP-TO-DATE
> Task :android:compileDebugNavigationResources UP-TO-DATE
> Task :android:mergeDebugResources UP-TO-DATE
> Task :android:createDebugCompatibleScreenManifests UP-TO-DATE
> Task :desktop:processResources
> Task :android:extractDeepLinksDebug UP-TO-DATE
> Task :android:processDebugMainManifest UP-TO-DATE
> Task :android:processDebugManifest UP-TO-DATE
> Task :android:processDebugManifestForPackage UP-TO-DATE
> Task :android:processDebugResources UP-TO-DATE
> Task :android:copyAndroidNatives
> Task :android:mergeDebugJniLibFolders UP-TO-DATE
> Task :android:validateSigningDebug UP-TO-DATE
> Task :android:writeDebugAppMetadata UP-TO-DATE
> Task :android:writeDebugSigningConfigVersions UP-TO-DATE
> Task :core:compileJava
Note: Some input files use unchecked or unsafe operations.
Note: Recompile with -Xlint:unchecked for details.

> Task :core:classes
> Task :core:jar
> Task :android:compileDebugKotlin NO-SOURCE
> Task :desktop:compileJava
> Task :desktop:classes
> Task :core:compileTestJava
> Task :core:testClasses

> Task :android:compileDebugJavaWithJavac
Note: Some input files use or override a deprecated API.
Note: Recompile with -Xlint:deprecation for details.

> Task :android:processDebugJavaRes NO-SOURCE
> Task :android:mergeDebugJavaResource
> Task :core:test
> Task :android:dexBuilderDebug
> Task :android:mergeProjectDexDebug UP-TO-DATE
> Task :android:mergeDebugNativeLibs UP-TO-DATE
> Task :android:stripDebugDebugSymbols UP-TO-DATE
> Task :desktop:release
> Task :desktop:dist
> Task :android:mergeLibDexDebug
> Task :android:packageDebug
> Task :android:createDebugApkListingFileRedirect UP-TO-DATE
> Task :android:assembleDebug

[Incubating] Problems report is available at: file:///C:/Users/Hartl/Documents/grimhollow/build/reports/problems/problems-report.html

Deprecated Gradle features were used in this build, making it incompatible with Gradle 10.

You can use '--warning-mode all' to show the individual deprecation warnings and determine if they come from your own scripts or plugins.

For more on this, please refer to https://docs.gradle.org/9.5.0/userguide/command_line_interface.html#sec:command_line_warnings in the Gradle documentation.

BUILD SUCCESSFUL in 2m 4s
55 actionable tasks: 15 executed, 40 up-to-date
Consider enabling configuration cache to speed up this build: https://docs.gradle.org/9.5.0/userguide/configuration_cache_enabling.html

.local/effects-final-build.txt
To honour the JVM settings for this build a single-use Daemon process will be forked. For more on this, please refer to https://docs.gradle.org/9.5.0/userguide/gradle_daemon.html#sec:disabling_the_daemon in the Gradle documentation.
Daemon will be stopped at the end of the build
> Task :core:processResources NO-SOURCE
> Task :services:news:shatteredNews:processResources NO-SOURCE
> Task :services:updates:githubUpdates:processResources NO-SOURCE
> Task :core:processTestResources NO-SOURCE
> Task :android:preBuild UP-TO-DATE
> Task :android:preDebugBuild UP-TO-DATE
> Task :android:mergeDebugNativeDebugMetadata NO-SOURCE
> Task :services:updates:debugUpdates:processResources NO-SOURCE
> Task :services:news:debugNews:processResources NO-SOURCE
> Task :android:generateDebugResources UP-TO-DATE
> Task :services:compileJava UP-TO-DATE
> Task :SPD-classes:compileJava UP-TO-DATE
> Task :android:packageDebugResources UP-TO-DATE
> Task :services:updates:githubUpdates:compileJava UP-TO-DATE
> Task :services:news:shatteredNews:compileJava UP-TO-DATE
> Task :services:processResources NO-SOURCE
> Task :SPD-classes:processResources NO-SOURCE
> Task :services:classes UP-TO-DATE
> Task :SPD-classes:classes UP-TO-DATE
> Task :services:jar
> Task :services:news:shatteredNews:classes UP-TO-DATE
> Task :services:news:shatteredNews:jar
> Task :services:updates:githubUpdates:classes UP-TO-DATE
> Task :services:updates:githubUpdates:jar
> Task :services:updates:debugUpdates:compileJava UP-TO-DATE
> Task :services:updates:debugUpdates:classes UP-TO-DATE
> Task :services:updates:debugUpdates:jar
> Task :SPD-classes:jar
> Task :services:news:debugNews:compileJava UP-TO-DATE
> Task :services:news:debugNews:classes UP-TO-DATE
> Task :services:news:debugNews:jar
> Task :android:processDebugNavigationResources UP-TO-DATE
> Task :android:parseDebugLocalResources UP-TO-DATE
> Task :android:generateDebugRFile UP-TO-DATE
> Task :android:javaPreCompileDebug UP-TO-DATE
> Task :android:generateDebugAssets UP-TO-DATE
> Task :android:mergeDebugAssets
> Task :android:compressDebugAssets
> Task :android:generateDebugGlobalSynthetics UP-TO-DATE
> Task :android:checkDebugDuplicateClasses UP-TO-DATE
> Task :android:desugarDebugFileDependencies UP-TO-DATE
> Task :android:mergeExtDexDebug UP-TO-DATE
> Task :android:checkDebugAarMetadata UP-TO-DATE
> Task :android:mapDebugSourceSetPaths UP-TO-DATE
> Task :android:compileDebugNavigationResources UP-TO-DATE
> Task :android:mergeDebugResources UP-TO-DATE
> Task :android:createDebugCompatibleScreenManifests
> Task :desktop:processResources
> Task :android:extractDeepLinksDebug UP-TO-DATE
> Task :android:processDebugMainManifest
> Task :android:processDebugManifest
> Task :android:copyAndroidNatives
> Task :android:mergeDebugJniLibFolders UP-TO-DATE
> Task :android:validateSigningDebug UP-TO-DATE
> Task :android:writeDebugAppMetadata UP-TO-DATE
> Task :android:writeDebugSigningConfigVersions UP-TO-DATE
> Task :android:processDebugManifestForPackage
> Task :android:processDebugResources
> Task :core:compileJava
Note: Some input files use unchecked or unsafe operations.
Note: Recompile with -Xlint:unchecked for details.

> Task :core:classes
> Task :core:jar
> Task :android:compileDebugKotlin NO-SOURCE
> Task :desktop:compileJava
> Task :desktop:classes
> Task :core:compileTestJava
> Task :core:testClasses
> Task :android:compileDebugJavaWithJavac
> Task :android:processDebugJavaRes NO-SOURCE
> Task :android:mergeDebugJavaResource
> Task :android:dexBuilderDebug
> Task :android:mergeProjectDexDebug UP-TO-DATE
> Task :android:mergeDebugNativeLibs UP-TO-DATE
> Task :android:stripDebugDebugSymbols UP-TO-DATE
> Task :core:test
> Task :desktop:release
> Task :desktop:dist
> Task :android:mergeLibDexDebug
> Task :android:packageDebug
> Task :android:createDebugApkListingFileRedirect
> Task :android:assembleDebug

[Incubating] Problems report is available at: file:///C:/Users/Hartl/Documents/grimhollow/build/reports/problems/problems-report.html

Deprecated Gradle features were used in this build, making it incompatible with Gradle 10.

You can use '--warning-mode all' to show the individual deprecation warnings and determine if they come from your own scripts or plugins.

For more on this, please refer to https://docs.gradle.org/9.5.0/userguide/command_line_interface.html#sec:command_line_warnings in the Gradle documentation.

BUILD SUCCESSFUL in 2m 22s
55 actionable tasks: 27 executed, 28 up-to-date
Consider enabling configuration cache to speed up this build: https://docs.gradle.org/9.5.0/userguide/configuration_cache_enabling.html

.local/effects-batched-build.txt
To honour the JVM settings for this build a single-use Daemon process will be forked. For more on this, please refer to https://docs.gradle.org/9.5.0/userguide/gradle_daemon.html#sec:disabling_the_daemon in the Gradle documentation.
Daemon will be stopped at the end of the build
> Task :core:processResources NO-SOURCE
> Task :services:news:shatteredNews:processResources NO-SOURCE
> Task :services:updates:githubUpdates:processResources NO-SOURCE
> Task :core:processTestResources NO-SOURCE
> Task :android:preBuild UP-TO-DATE
> Task :android:preDebugBuild UP-TO-DATE
> Task :android:mergeDebugNativeDebugMetadata NO-SOURCE
> Task :services:updates:debugUpdates:processResources NO-SOURCE
> Task :services:news:debugNews:processResources NO-SOURCE
> Task :android:generateDebugResources UP-TO-DATE
> Task :services:compileJava UP-TO-DATE
> Task :SPD-classes:compileJava UP-TO-DATE
> Task :services:news:shatteredNews:compileJava UP-TO-DATE
> Task :android:packageDebugResources UP-TO-DATE
> Task :services:processResources NO-SOURCE
> Task :services:classes UP-TO-DATE
> Task :services:jar UP-TO-DATE
> Task :SPD-classes:processResources NO-SOURCE
> Task :SPD-classes:classes UP-TO-DATE
> Task :SPD-classes:jar UP-TO-DATE
> Task :services:news:shatteredNews:classes UP-TO-DATE
> Task :services:updates:githubUpdates:compileJava UP-TO-DATE
> Task :services:updates:githubUpdates:classes UP-TO-DATE
> Task :services:news:shatteredNews:jar UP-TO-DATE
> Task :services:updates:githubUpdates:jar UP-TO-DATE
> Task :services:news:debugNews:compileJava UP-TO-DATE
> Task :services:updates:debugUpdates:compileJava UP-TO-DATE
> Task :services:news:debugNews:classes UP-TO-DATE
> Task :services:updates:debugUpdates:classes UP-TO-DATE
> Task :services:updates:debugUpdates:jar UP-TO-DATE
> Task :services:news:debugNews:jar UP-TO-DATE
> Task :android:processDebugNavigationResources UP-TO-DATE
> Task :android:parseDebugLocalResources UP-TO-DATE
> Task :android:generateDebugRFile UP-TO-DATE
> Task :android:javaPreCompileDebug UP-TO-DATE
> Task :android:generateDebugAssets UP-TO-DATE
> Task :android:mergeDebugAssets
> Task :android:generateDebugGlobalSynthetics UP-TO-DATE
> Task :android:compressDebugAssets
> Task :android:checkDebugDuplicateClasses UP-TO-DATE
> Task :android:desugarDebugFileDependencies UP-TO-DATE
> Task :android:mergeExtDexDebug UP-TO-DATE
> Task :android:checkDebugAarMetadata UP-TO-DATE
> Task :android:mapDebugSourceSetPaths UP-TO-DATE
> Task :android:compileDebugNavigationResources UP-TO-DATE
> Task :android:mergeDebugResources UP-TO-DATE
> Task :android:createDebugCompatibleScreenManifests UP-TO-DATE
> Task :android:extractDeepLinksDebug UP-TO-DATE
> Task :android:processDebugMainManifest UP-TO-DATE
> Task :android:processDebugManifest UP-TO-DATE
> Task :android:processDebugManifestForPackage UP-TO-DATE
> Task :android:processDebugResources UP-TO-DATE
> Task :android:copyAndroidNatives
> Task :android:mergeDebugJniLibFolders UP-TO-DATE
> Task :android:validateSigningDebug UP-TO-DATE
> Task :android:writeDebugAppMetadata UP-TO-DATE
> Task :android:writeDebugSigningConfigVersions UP-TO-DATE
> Task :desktop:processResources

> Task :core:compileJava
Note: C:\Users\Hartl\Documents\grimhollow\core\src\main\java\com\shatteredpixel\shatteredpixeldungeon\effects\EnhancedEffects.java uses unchecked or unsafe operations.
Note: Recompile with -Xlint:unchecked for details.

> Task :core:classes
> Task :core:jar
> Task :core:compileTestJava UP-TO-DATE
> Task :core:testClasses UP-TO-DATE
> Task :android:compileDebugKotlin NO-SOURCE
> Task :desktop:compileJava
> Task :desktop:classes
> Task :android:compileDebugJavaWithJavac UP-TO-DATE
> Task :android:processDebugJavaRes NO-SOURCE
> Task :android:mergeDebugJavaResource
> Task :core:test
> Task :android:dexBuilderDebug
> Task :android:mergeProjectDexDebug UP-TO-DATE
> Task :android:mergeDebugNativeLibs UP-TO-DATE
> Task :android:stripDebugDebugSymbols UP-TO-DATE
> Task :desktop:release
> Task :desktop:dist
> Task :android:mergeLibDexDebug
> Task :android:packageDebug
> Task :android:createDebugApkListingFileRedirect UP-TO-DATE
> Task :android:assembleDebug

[Incubating] Problems report is available at: file:///C:/Users/Hartl/Documents/grimhollow/build/reports/problems/problems-report.html

Deprecated Gradle features were used in this build, making it incompatible with Gradle 10.

You can use '--warning-mode all' to show the individual deprecation warnings and determine if they come from your own scripts or plugins.

For more on this, please refer to https://docs.gradle.org/9.5.0/userguide/command_line_interface.html#sec:command_line_warnings in the Gradle documentation.

BUILD SUCCESSFUL in 1m 14s
55 actionable tasks: 13 executed, 42 up-to-date
Consider enabling configuration cache to speed up this build: https://docs.gradle.org/9.5.0/userguide/configuration_cache_enabling.html

.local/effects-light-build.txt
To honour the JVM settings for this build a single-use Daemon process will be forked. For more on this, please refer to https://docs.gradle.org/9.5.0/userguide/gradle_daemon.html#sec:disabling_the_daemon in the Gradle documentation.
Daemon will be stopped at the end of the build
> Task :core:processResources NO-SOURCE
> Task :services:news:shatteredNews:processResources NO-SOURCE
> Task :services:updates:githubUpdates:processResources NO-SOURCE
> Task :core:processTestResources NO-SOURCE
> Task :android:preBuild UP-TO-DATE
> Task :android:preDebugBuild UP-TO-DATE
> Task :android:mergeDebugNativeDebugMetadata NO-SOURCE
> Task :services:updates:debugUpdates:processResources NO-SOURCE
> Task :services:news:debugNews:processResources NO-SOURCE
> Task :android:generateDebugResources UP-TO-DATE
> Task :desktop:processResources UP-TO-DATE
> Task :services:compileJava UP-TO-DATE
> Task :SPD-classes:compileJava UP-TO-DATE
> Task :android:packageDebugResources UP-TO-DATE
> Task :services:news:shatteredNews:compileJava UP-TO-DATE
> Task :SPD-classes:processResources NO-SOURCE
> Task :SPD-classes:classes UP-TO-DATE
> Task :services:processResources NO-SOURCE
> Task :services:classes UP-TO-DATE
> Task :services:updates:githubUpdates:compileJava UP-TO-DATE
> Task :services:news:shatteredNews:classes UP-TO-DATE
> Task :services:news:shatteredNews:jar UP-TO-DATE
> Task :SPD-classes:jar UP-TO-DATE
> Task :services:jar UP-TO-DATE
> Task :services:updates:githubUpdates:classes UP-TO-DATE
> Task :services:updates:githubUpdates:jar UP-TO-DATE
> Task :services:news:debugNews:compileJava UP-TO-DATE
> Task :services:news:debugNews:classes UP-TO-DATE
> Task :services:updates:debugUpdates:compileJava UP-TO-DATE
> Task :services:updates:debugUpdates:classes UP-TO-DATE
> Task :services:news:debugNews:jar UP-TO-DATE
> Task :services:updates:debugUpdates:jar UP-TO-DATE
> Task :android:processDebugNavigationResources UP-TO-DATE
> Task :android:parseDebugLocalResources UP-TO-DATE
> Task :android:generateDebugRFile UP-TO-DATE
> Task :android:javaPreCompileDebug UP-TO-DATE
> Task :android:generateDebugAssets UP-TO-DATE
> Task :android:mergeDebugAssets UP-TO-DATE
> Task :android:compressDebugAssets UP-TO-DATE
> Task :android:generateDebugGlobalSynthetics UP-TO-DATE
> Task :android:checkDebugDuplicateClasses UP-TO-DATE
> Task :android:desugarDebugFileDependencies UP-TO-DATE
> Task :android:mergeExtDexDebug UP-TO-DATE
> Task :android:checkDebugAarMetadata UP-TO-DATE
> Task :android:mapDebugSourceSetPaths UP-TO-DATE
> Task :android:compileDebugNavigationResources UP-TO-DATE
> Task :android:mergeDebugResources UP-TO-DATE
> Task :android:createDebugCompatibleScreenManifests UP-TO-DATE
> Task :android:extractDeepLinksDebug UP-TO-DATE
> Task :android:processDebugMainManifest UP-TO-DATE
> Task :android:processDebugManifest UP-TO-DATE
> Task :android:processDebugManifestForPackage UP-TO-DATE
> Task :android:processDebugResources UP-TO-DATE
> Task :android:copyAndroidNatives
> Task :android:mergeDebugJniLibFolders UP-TO-DATE
> Task :android:validateSigningDebug UP-TO-DATE
> Task :android:writeDebugAppMetadata UP-TO-DATE
> Task :android:writeDebugSigningConfigVersions UP-TO-DATE
> Task :core:compileJava
> Task :core:classes
> Task :desktop:compileJava UP-TO-DATE
> Task :desktop:classes UP-TO-DATE
> Task :core:jar
> Task :core:compileTestJava UP-TO-DATE
> Task :core:testClasses UP-TO-DATE
> Task :android:compileDebugKotlin NO-SOURCE
> Task :android:compileDebugJavaWithJavac UP-TO-DATE
> Task :android:processDebugJavaRes NO-SOURCE
> Task :android:mergeDebugJavaResource
> Task :android:dexBuilderDebug UP-TO-DATE
> Task :android:mergeProjectDexDebug UP-TO-DATE
> Task :android:mergeDebugNativeLibs UP-TO-DATE
> Task :android:stripDebugDebugSymbols UP-TO-DATE
> Task :core:test
> Task :desktop:release
> Task :desktop:dist
> Task :android:mergeLibDexDebug
> Task :android:packageDebug
> Task :android:createDebugApkListingFileRedirect UP-TO-DATE
> Task :android:assembleDebug

[Incubating] Problems report is available at: file:///C:/Users/Hartl/Documents/grimhollow/build/reports/problems/problems-report.html

Deprecated Gradle features were used in this build, making it incompatible with Gradle 10.

You can use '--warning-mode all' to show the individual deprecation warnings and determine if they come from your own scripts or plugins.

For more on this, please refer to https://docs.gradle.org/9.5.0/userguide/command_line_interface.html#sec:command_line_warnings in the Gradle documentation.

BUILD SUCCESSFUL in 1m 18s
55 actionable tasks: 8 executed, 47 up-to-date
Consider enabling configuration cache to speed up this build: https://docs.gradle.org/9.5.0/userguide/configuration_cache_enabling.html

Stage 8 initial verification (failure retained)
To honour the JVM settings for this build a single-use Daemon process will be forked. For more on this, please refer to https://docs.gradle.org/9.5.0/userguide/gradle_daemon.html#sec:disabling_the_daemon in the Gradle documentation.
Daemon will be stopped at the end of the build
> Task :core:processResources NO-SOURCE
> Task :services:news:shatteredNews:processResources NO-SOURCE
> Task :services:updates:githubUpdates:processResources NO-SOURCE
> Task :core:processTestResources NO-SOURCE
> Task :android:preBuild UP-TO-DATE
> Task :android:preDebugBuild UP-TO-DATE
> Task :android:mergeDebugNativeDebugMetadata NO-SOURCE
> Task :services:updates:debugUpdates:processResources NO-SOURCE
> Task :services:news:debugNews:processResources NO-SOURCE
> Task :android:generateDebugResources UP-TO-DATE
> Task :services:compileJava UP-TO-DATE
> Task :SPD-classes:compileJava UP-TO-DATE
> Task :SPD-classes:processResources NO-SOURCE
> Task :android:packageDebugResources UP-TO-DATE
> Task :services:updates:githubUpdates:compileJava UP-TO-DATE
> Task :services:news:shatteredNews:compileJava UP-TO-DATE
> Task :SPD-classes:classes UP-TO-DATE
> Task :services:processResources NO-SOURCE
> Task :services:classes UP-TO-DATE
> Task :services:jar
> Task :SPD-classes:jar
> Task :services:news:shatteredNews:classes UP-TO-DATE
> Task :services:updates:githubUpdates:classes UP-TO-DATE
> Task :services:updates:githubUpdates:jar
> Task :services:news:shatteredNews:jar
> Task :services:news:debugNews:compileJava UP-TO-DATE
> Task :services:updates:debugUpdates:compileJava UP-TO-DATE
> Task :services:updates:debugUpdates:classes UP-TO-DATE
> Task :services:news:debugNews:classes UP-TO-DATE
> Task :services:updates:debugUpdates:jar
> Task :services:news:debugNews:jar
> Task :android:processDebugNavigationResources UP-TO-DATE
> Task :android:parseDebugLocalResources UP-TO-DATE
> Task :android:generateDebugRFile UP-TO-DATE
> Task :android:javaPreCompileDebug UP-TO-DATE
> Task :android:generateDebugAssets UP-TO-DATE
> Task :android:mergeDebugAssets
> Task :android:compressDebugAssets
> Task :android:generateDebugGlobalSynthetics UP-TO-DATE
> Task :desktop:processResources
> Task :android:checkDebugDuplicateClasses UP-TO-DATE
> Task :android:desugarDebugFileDependencies UP-TO-DATE
> Task :android:mergeExtDexDebug UP-TO-DATE
> Task :android:checkDebugAarMetadata UP-TO-DATE
> Task :android:mapDebugSourceSetPaths UP-TO-DATE
> Task :android:compileDebugNavigationResources UP-TO-DATE
> Task :android:mergeDebugResources UP-TO-DATE
> Task :android:createDebugCompatibleScreenManifests
> Task :android:extractDeepLinksDebug UP-TO-DATE
> Task :android:processDebugMainManifest
> Task :android:processDebugManifest
> Task :android:copyAndroidNatives
> Task :android:mergeDebugJniLibFolders UP-TO-DATE
> Task :android:validateSigningDebug UP-TO-DATE
> Task :android:writeDebugAppMetadata UP-TO-DATE
> Task :android:writeDebugSigningConfigVersions UP-TO-DATE
> Task :android:processDebugManifestForPackage
> Task :android:processDebugResources
> Task :core:compileJava
Note: Some input files use unchecked or unsafe operations.
Note: Recompile with -Xlint:unchecked for details.

> Task :core:classes
> Task :core:jar
> Task :android:compileDebugKotlin NO-SOURCE
> Task :desktop:compileJava
> Task :desktop:classes

> Task :core:compileTestJava FAILED
C:\Users\Hartl\Documents\grimhollow\core\src\test\java\com\shatteredpixel\shatteredpixeldungeon\acceptance\SmokeRun.java:151: error: cannot find symbol
        check(Dungeon.level.map[wallCell]==Terrain.EMPTY&&Dungeon.level.boneOriginal.size()==0,"9: Wand wall cleanup on real save/reload");
                                                                                    ^
  symbol:   method size()
  location: variable boneOriginal of type SparseArray<Integer>
C:\Users\Hartl\Documents\grimhollow\core\src\test\java\com\shatteredpixel\shatteredpixeldungeon\acceptance\SmokeRun.java:156: error: incompatible types: Blob cannot be converted to Soulfire
        com.shatteredpixel.shatteredpixeldungeon.actors.blobs.Soulfire flame=Dungeon.level.blobs.get(com.shatteredpixel.shatteredpixeldungeon.actors.blobs.Soulfire.class);
                                                                                                    ^
2 errors

> Task :android:compileDebugJavaWithJavac
> Task :desktop:release

[Incubating] Problems report is available at: file:///C:/Users/Hartl/Documents/grimhollow/build/reports/problems/problems-report.html

FAILURE: Build failed with an exception.

* What went wrong:
Execution failed for task ':core:compileTestJava' (registered by plugin class 'org.gradle.api.plugins.JavaBasePlugin').
> Compilation failed; see the compiler output below.
  C:\Users\Hartl\Documents\grimhollow\core\src\test\java\com\shatteredpixel\shatteredpixeldungeon\acceptance\SmokeRun.java:156: error: incompatible types: Blob cannot be converted to Soulfire
          com.shatteredpixel.shatteredpixeldungeon.actors.blobs.Soulfire flame=Dungeon.level.blobs.get(com.shatteredpixel.shatteredpixeldungeon.actors.blobs.Soulfire.class);
                                                                                                      ^
  C:\Users\Hartl\Documents\grimhollow\core\src\test\java\com\shatteredpixel\shatteredpixeldungeon\acceptance\SmokeRun.java:151: error: cannot find symbol
          check(Dungeon.level.map[wallCell]==Terrain.EMPTY&&Dungeon.level.boneOriginal.size()==0,"9: Wand wall cleanup on real save/reload");
                                                                                      ^
    symbol:   method size()
    location: variable boneOriginal of type SparseArray<Integer>
  2 errors

* Try:
> Check your code and dependencies to fix the compilation error(s)

> Run with --scan to get full insights from a Build Scan (powered by Develocity).
Deprecated Gradle features were used in this build, making it incompatible with Gradle 10.

You can use '--warning-mode all' to show the individual deprecation warnings and determine if they come from your own scripts or plugins.

For more on this, please refer to https://docs.gradle.org/9.5.0/userguide/command_line_interface.html#sec:command_line_warnings in the Gradle documentation.

BUILD FAILED in 1m 38s
46 actionable tasks: 21 executed, 25 up-to-date

STAGE 8 FINAL: content-build-final.txt
To honour the JVM settings for this build a single-use Daemon process will be forked. For more on this, please refer to https://docs.gradle.org/9.5.0/userguide/gradle_daemon.html#sec:disabling_the_daemon in the Gradle documentation.
Daemon will be stopped at the end of the build
> Task :core:processResources NO-SOURCE
> Task :services:news:shatteredNews:processResources NO-SOURCE
> Task :services:updates:githubUpdates:processResources NO-SOURCE
> Task :core:processTestResources NO-SOURCE
> Task :android:preBuild UP-TO-DATE
> Task :android:preDebugBuild UP-TO-DATE
> Task :android:mergeDebugNativeDebugMetadata NO-SOURCE
> Task :services:updates:debugUpdates:processResources NO-SOURCE
> Task :services:news:debugNews:processResources NO-SOURCE
> Task :android:generateDebugResources UP-TO-DATE
> Task :SPD-classes:compileJava UP-TO-DATE
> Task :services:compileJava UP-TO-DATE
> Task :services:news:shatteredNews:compileJava UP-TO-DATE
> Task :android:packageDebugResources UP-TO-DATE
> Task :services:processResources NO-SOURCE
> Task :services:classes UP-TO-DATE
> Task :services:updates:githubUpdates:compileJava UP-TO-DATE
> Task :SPD-classes:processResources NO-SOURCE
> Task :SPD-classes:classes UP-TO-DATE
> Task :SPD-classes:jar UP-TO-DATE
> Task :services:jar UP-TO-DATE
> Task :services:news:shatteredNews:classes UP-TO-DATE
> Task :services:updates:githubUpdates:classes UP-TO-DATE
> Task :services:updates:githubUpdates:jar UP-TO-DATE
> Task :services:news:shatteredNews:jar UP-TO-DATE
> Task :services:updates:debugUpdates:compileJava UP-TO-DATE
> Task :services:updates:debugUpdates:classes UP-TO-DATE
> Task :services:news:debugNews:compileJava UP-TO-DATE
> Task :services:news:debugNews:classes UP-TO-DATE
> Task :services:updates:debugUpdates:jar UP-TO-DATE
> Task :services:news:debugNews:jar UP-TO-DATE
> Task :android:processDebugNavigationResources UP-TO-DATE
> Task :android:parseDebugLocalResources UP-TO-DATE
> Task :android:generateDebugRFile UP-TO-DATE
> Task :android:javaPreCompileDebug UP-TO-DATE
> Task :android:generateDebugAssets UP-TO-DATE
> Task :android:mergeDebugAssets
> Task :android:generateDebugGlobalSynthetics UP-TO-DATE
> Task :android:compressDebugAssets
> Task :android:checkDebugDuplicateClasses UP-TO-DATE
> Task :android:desugarDebugFileDependencies UP-TO-DATE
> Task :android:mergeExtDexDebug UP-TO-DATE
> Task :android:checkDebugAarMetadata UP-TO-DATE
> Task :android:mapDebugSourceSetPaths UP-TO-DATE
> Task :android:compileDebugNavigationResources UP-TO-DATE
> Task :android:mergeDebugResources UP-TO-DATE
> Task :android:createDebugCompatibleScreenManifests UP-TO-DATE
> Task :desktop:processResources
> Task :android:extractDeepLinksDebug UP-TO-DATE
> Task :android:processDebugMainManifest UP-TO-DATE
> Task :android:processDebugManifest UP-TO-DATE
> Task :android:processDebugManifestForPackage UP-TO-DATE
> Task :android:processDebugResources UP-TO-DATE
> Task :android:copyAndroidNatives
> Task :android:mergeDebugJniLibFolders UP-TO-DATE
> Task :android:validateSigningDebug UP-TO-DATE
> Task :android:writeDebugAppMetadata UP-TO-DATE
> Task :android:writeDebugSigningConfigVersions UP-TO-DATE

> Task :core:compileJava
Note: Some input files use unchecked or unsafe operations.
Note: Recompile with -Xlint:unchecked for details.

> Task :core:classes
> Task :core:jar
> Task :android:compileDebugKotlin NO-SOURCE
> Task :desktop:compileJava
> Task :desktop:classes
> Task :core:compileTestJava
> Task :core:testClasses
> Task :android:compileDebugJavaWithJavac
> Task :android:processDebugJavaRes NO-SOURCE
> Task :android:mergeDebugJavaResource
> Task :android:dexBuilderDebug
> Task :android:mergeProjectDexDebug UP-TO-DATE
> Task :android:mergeDebugNativeLibs UP-TO-DATE
> Task :android:stripDebugDebugSymbols UP-TO-DATE
> Task :core:test
> Task :desktop:release
> Task :desktop:dist
> Task :android:mergeLibDexDebug
> Task :android:packageDebug
> Task :android:createDebugApkListingFileRedirect UP-TO-DATE
> Task :android:assembleDebug

[Incubating] Problems report is available at: file:///C:/Users/Hartl/Documents/grimhollow/build/reports/problems/problems-report.html

Deprecated Gradle features were used in this build, making it incompatible with Gradle 10.

You can use '--warning-mode all' to show the individual deprecation warnings and determine if they come from your own scripts or plugins.

For more on this, please refer to https://docs.gradle.org/9.5.0/userguide/command_line_interface.html#sec:command_line_warnings in the Gradle documentation.

BUILD SUCCESSFUL in 44s
55 actionable tasks: 15 executed, 40 up-to-date
Consider enabling configuration cache to speed up this build: https://docs.gradle.org/9.5.0/userguide/configuration_cache_enabling.html


STAGE 8 FINAL: content-build-lighting.txt
To honour the JVM settings for this build a single-use Daemon process will be forked. For more on this, please refer to https://docs.gradle.org/9.5.0/userguide/gradle_daemon.html#sec:disabling_the_daemon in the Gradle documentation.
Daemon will be stopped at the end of the build
> Task :core:processResources NO-SOURCE
> Task :services:news:shatteredNews:processResources NO-SOURCE
> Task :services:updates:githubUpdates:processResources NO-SOURCE
> Task :core:processTestResources NO-SOURCE
> Task :android:preBuild UP-TO-DATE
> Task :android:preDebugBuild UP-TO-DATE
> Task :android:mergeDebugNativeDebugMetadata NO-SOURCE
> Task :services:updates:debugUpdates:processResources NO-SOURCE
> Task :services:news:debugNews:processResources NO-SOURCE
> Task :android:generateDebugResources UP-TO-DATE
> Task :SPD-classes:compileJava UP-TO-DATE
> Task :services:compileJava UP-TO-DATE
> Task :desktop:processResources UP-TO-DATE
> Task :android:packageDebugResources UP-TO-DATE
> Task :services:processResources NO-SOURCE
> Task :services:classes UP-TO-DATE
> Task :services:news:shatteredNews:compileJava UP-TO-DATE
> Task :services:updates:githubUpdates:compileJava UP-TO-DATE
> Task :services:news:shatteredNews:classes UP-TO-DATE
> Task :SPD-classes:processResources NO-SOURCE
> Task :SPD-classes:classes UP-TO-DATE
> Task :SPD-classes:jar UP-TO-DATE
> Task :services:jar UP-TO-DATE
> Task :services:news:shatteredNews:jar UP-TO-DATE
> Task :services:updates:githubUpdates:classes UP-TO-DATE
> Task :services:updates:githubUpdates:jar UP-TO-DATE
> Task :services:updates:debugUpdates:compileJava UP-TO-DATE
> Task :services:news:debugNews:compileJava UP-TO-DATE
> Task :services:updates:debugUpdates:classes UP-TO-DATE
> Task :services:news:debugNews:classes UP-TO-DATE
> Task :services:updates:debugUpdates:jar UP-TO-DATE
> Task :services:news:debugNews:jar UP-TO-DATE
> Task :android:processDebugNavigationResources UP-TO-DATE
> Task :android:parseDebugLocalResources UP-TO-DATE
> Task :android:generateDebugRFile UP-TO-DATE
> Task :android:javaPreCompileDebug UP-TO-DATE
> Task :android:generateDebugAssets UP-TO-DATE
> Task :android:mergeDebugAssets UP-TO-DATE
> Task :android:compressDebugAssets UP-TO-DATE
> Task :android:generateDebugGlobalSynthetics UP-TO-DATE
> Task :android:checkDebugDuplicateClasses UP-TO-DATE
> Task :android:desugarDebugFileDependencies UP-TO-DATE
> Task :android:mergeExtDexDebug UP-TO-DATE
> Task :android:checkDebugAarMetadata UP-TO-DATE
> Task :android:mapDebugSourceSetPaths UP-TO-DATE
> Task :android:compileDebugNavigationResources UP-TO-DATE
> Task :android:mergeDebugResources UP-TO-DATE
> Task :android:createDebugCompatibleScreenManifests UP-TO-DATE
> Task :android:extractDeepLinksDebug UP-TO-DATE
> Task :android:processDebugMainManifest UP-TO-DATE
> Task :android:processDebugManifest UP-TO-DATE
> Task :android:processDebugManifestForPackage UP-TO-DATE
> Task :android:processDebugResources UP-TO-DATE
> Task :android:copyAndroidNatives
> Task :android:mergeDebugJniLibFolders UP-TO-DATE
> Task :android:validateSigningDebug UP-TO-DATE
> Task :android:writeDebugAppMetadata UP-TO-DATE
> Task :android:writeDebugSigningConfigVersions UP-TO-DATE
> Task :core:compileJava
> Task :core:classes
> Task :desktop:compileJava UP-TO-DATE
> Task :desktop:classes UP-TO-DATE
> Task :core:jar
> Task :core:compileTestJava UP-TO-DATE
> Task :core:testClasses UP-TO-DATE
> Task :android:compileDebugKotlin NO-SOURCE
> Task :android:compileDebugJavaWithJavac UP-TO-DATE
> Task :android:processDebugJavaRes NO-SOURCE
> Task :android:mergeDebugJavaResource
> Task :android:dexBuilderDebug UP-TO-DATE
> Task :android:mergeProjectDexDebug UP-TO-DATE
> Task :android:mergeDebugNativeLibs UP-TO-DATE
> Task :android:stripDebugDebugSymbols UP-TO-DATE
> Task :core:test
> Task :desktop:release
> Task :desktop:dist
> Task :android:mergeLibDexDebug
> Task :android:packageDebug
> Task :android:createDebugApkListingFileRedirect UP-TO-DATE
> Task :android:assembleDebug

[Incubating] Problems report is available at: file:///C:/Users/Hartl/Documents/grimhollow/build/reports/problems/problems-report.html

Deprecated Gradle features were used in this build, making it incompatible with Gradle 10.

You can use '--warning-mode all' to show the individual deprecation warnings and determine if they come from your own scripts or plugins.

For more on this, please refer to https://docs.gradle.org/9.5.0/userguide/command_line_interface.html#sec:command_line_warnings in the Gradle documentation.

BUILD SUCCESSFUL in 40s
55 actionable tasks: 8 executed, 47 up-to-date
Consider enabling configuration cache to speed up this build: https://docs.gradle.org/9.5.0/userguide/configuration_cache_enabling.html


=== Recovery v1.0.1: build attempts and final desktop/Android build ===

--- .local/recovery-build.txt ---
To honour the JVM settings for this build a single-use Daemon process will be forked. For more on this, please refer to https://docs.gradle.org/9.5.0/userguide/gradle_daemon.html#sec:disabling_the_daemon in the Gradle documentation.
Daemon will be stopped at the end of the build
> Task :core:processResources NO-SOURCE
> Task :services:compileJava UP-TO-DATE
> Task :services:processResources NO-SOURCE
> Task :services:classes UP-TO-DATE
> Task :core:processTestResources NO-SOURCE
> Task :android:preBuild UP-TO-DATE
> Task :android:preDebugBuild UP-TO-DATE
> Task :android:mergeDebugNativeDebugMetadata NO-SOURCE
> Task :services:updates:debugUpdates:processResources NO-SOURCE
> Task :services:news:debugNews:processResources NO-SOURCE
> Task :android:generateDebugResources UP-TO-DATE
> Task :android:packageDebugResources UP-TO-DATE
> Task :services:jar
> Task :android:processDebugNavigationResources UP-TO-DATE
> Task :android:parseDebugLocalResources UP-TO-DATE
> Task :android:generateDebugRFile UP-TO-DATE
> Task :android:javaPreCompileDebug UP-TO-DATE
> Task :android:generateDebugAssets UP-TO-DATE
> Task :android:mergeDebugAssets
> Task :android:compressDebugAssets
> Task :android:generateDebugGlobalSynthetics UP-TO-DATE

> Task :SPD-classes:compileJava
Note: C:\Users\Hartl\Documents\grimhollow\SPD-classes\src\main\java\com\watabou\noosa\TextInput.java uses or overrides a deprecated API.
Note: Recompile with -Xlint:deprecation for details.
Note: C:\Users\Hartl\Documents\grimhollow\SPD-classes\src\main\java\com\watabou\noosa\TextInput.java uses unchecked or unsafe operations.
Note: Recompile with -Xlint:unchecked for details.

> Task :SPD-classes:processResources NO-SOURCE
> Task :SPD-classes:classes
> Task :SPD-classes:jar
> Task :services:updates:debugUpdates:compileJava
> Task :services:updates:debugUpdates:classes
> Task :services:updates:debugUpdates:jar
> Task :services:news:debugNews:compileJava
> Task :services:news:debugNews:classes
> Task :services:news:debugNews:jar
> Task :desktop:processResources
> Task :android:checkDebugDuplicateClasses UP-TO-DATE
> Task :android:desugarDebugFileDependencies UP-TO-DATE
> Task :android:mergeExtDexDebug UP-TO-DATE
> Task :android:checkDebugAarMetadata UP-TO-DATE
> Task :android:mapDebugSourceSetPaths UP-TO-DATE
> Task :android:compileDebugNavigationResources UP-TO-DATE
> Task :android:mergeDebugResources UP-TO-DATE
> Task :android:createDebugCompatibleScreenManifests
> Task :android:extractDeepLinksDebug UP-TO-DATE
> Task :android:processDebugMainManifest
> Task :android:processDebugManifest
> Task :android:copyAndroidNatives
> Task :android:processDebugManifestForPackage
> Task :android:mergeDebugJniLibFolders UP-TO-DATE
> Task :android:validateSigningDebug UP-TO-DATE
> Task :android:writeDebugAppMetadata UP-TO-DATE
> Task :android:writeDebugSigningConfigVersions UP-TO-DATE
> Task :android:processDebugResources
> Task :core:compileJava
Note: Some input files use unchecked or unsafe operations.
Note: Recompile with -Xlint:unchecked for details.

> Task :core:classes
> Task :core:jar
> Task :android:compileDebugKotlin NO-SOURCE

C:\Users\Hartl\Documents\grimhollow\desktop\src\main\java\com\shatteredpixel\shatteredpixeldungeon\desktop\DesktopLauncher.java:35: error: cannot find symbol
import com.shatteredpixel.shatteredpixeldungeon.services.news.NewsImpl;
                                                             ^
  symbol:   class NewsImpl
  location: package com.shatteredpixel.shatteredpixeldungeon.services.news
C:\Users\Hartl\Documents\grimhollow\desktop\src\main\java\com\shatteredpixel\shatteredpixeldungeon\desktop\DesktopLauncher.java:36: error: cannot find symbol
import com.shatteredpixel.shatteredpixeldungeon.services.updates.UpdateImpl;
                                                                ^
  symbol:   class UpdateImpl
> Task :desktop:compileJava
  location: package com.shatteredpixel.shatteredpixeldungeon.services.updates
C:\Users\Hartl\Documents\grimhollow\desktop\src\main\java\com\shatteredpixel\shatteredpixeldungeon\desktop\DesktopLauncher.java:132: error: cannot find symbol
		if (UpdateImpl.supportsUpdates()){
		    ^
  symbol:   variable UpdateImpl
  location: class DesktopLauncher
C:\Users\Hartl\Documents\grimhollow\desktop\src\main\java\com\shatteredpixel\shatteredpixeldungeon\desktop\DesktopLauncher.java:133: error: cannot access UpdateService
			Updates.service = null; // Fork releases are not published yet.
			                ^
  class file for com.shatteredpixel.shatteredpixeldungeon.services.updates.UpdateService not found
C:\Users\Hartl\Documents\grimhollow\desktop\src\main\java\com\shatteredpixel\shatteredpixeldungeon\desktop\DesktopLauncher.java:135: error: cannot find symbol
		if (NewsImpl.supportsNews()){
		    ^
  symbol:   variable NewsImpl
  location: class DesktopLauncher
C:\Users\Hartl\Documents\grimhollow\desktop\src\main\java\com\shatteredpixel\shatteredpixeldungeon\desktop\DesktopLauncher.java:136: error: cannot access NewsService
			News.service = null; // No fork news service.
			             ^
  class file for com.shatteredpixel.shatteredpixeldungeon.services.news.NewsService not found
C:\Users\Hartl\Documents\grimhollow\desktop\src\main\java\com\shatteredpixel\shatteredpixeldungeon\desktop\RecoveryChecks.java:40: error: members has protected access in Group
        for(Gizmo child:((Group)Game.scene()).members)if(child instanceof com.shatteredpixel.shatteredpixeldungeon.ui.StyledButton)controls++;
                                             ^
C:\Users\Hartl\Documents\grimhollow\desktop\src\main\java\com\shatteredpixel\shatteredpixeldungeon\desktop\RecoveryChecks.java:54: error: members has protected access in Group
            for(Gizmo child:credits.members)if(child instanceof com.shatteredpixel.shatteredpixeldungeon.ui.RedButton) {
                                   ^
C:\Users\Hartl\Documents\grimhollow\desktop\src\main\java\com\shatteredpixel\shatteredpixeldungeon\desktop\RecoveryChecks.java:227: error: texture has protected access in Tilemap
                com.watabou.noosa.TextureFilm film=new com.watabou.noosa.TextureFilm(terrain.texture,64,64);
                                                                                            ^
C:\Users\Hartl\Documents\grimhollow\desktop\src\main\java\com\shatteredpixel\shatteredpixeldungeon\desktop\RecoveryChecks.java:237: error: visible has private access in FogOfWar
        fog.visible=false;Gdx.gl.glClear(Gdx.gl.GL_COLOR_BUFFER_BIT);scene.draw();Pixmap raw=screen();fog.visible=true;
           ^
C:\Users\Hartl\Documents\grimhollow\desktop\src\main\java\com\shatteredpixel\shatteredpixeldungeon\desktop\RecoveryChecks.java:237: error: incompatible types: boolean cannot be converted to boolean[]
        fog.visible=false;Gdx.gl.glClear(Gdx.gl.GL_COLOR_BUFFER_BIT);scene.draw();Pixmap raw=screen();fog.visible=true;
                    ^
C:\Users\Hartl\Documents\grimhollow\desktop\src\main\java\com\shatteredpixel\shatteredpixeldungeon\desktop\RecoveryChecks.java:237: error: visible has private access in FogOfWar
        fog.visible=false;Gdx.gl.glClear(Gdx.gl.GL_COLOR_BUFFER_BIT);scene.draw();Pixmap raw=screen();fog.visible=true;
                                                                                                         ^
C:\Users\Hartl\Documents\grimhollow\desktop\src\main\java\com\shatteredpixel\shatteredpixeldungeon\desktop\RecoveryChecks.java:237: error: incompatible types: boolean cannot be converted to boolean[]
        fog.visible=false;Gdx.gl.glClear(Gdx.gl.GL_COLOR_BUFFER_BIT);scene.draw();Pixmap raw=screen();fog.visible=true;
                                                                                                                  ^
13 errors

> Task :core:compileTestJava
> Task :core:testClasses
> Task :desktop:compileJava FAILED

> Task :android:compileDebugJavaWithJavac
Note: Some input files use or override a deprecated API.
Note: Recompile with -Xlint:deprecation for details.

> Task :core:test

[Incubating] Problems report is available at: file:///C:/Users/Hartl/Documents/grimhollow/build/reports/problems/problems-report.html

FAILURE: Build failed with an exception.

* What went wrong:
Execution failed for task ':desktop:compileJava' (registered by plugin class 'org.gradle.api.plugins.JavaBasePlugin').
> Compilation failed; see the compiler output below.
  C:\Users\Hartl\Documents\grimhollow\desktop\src\main\java\com\shatteredpixel\shatteredpixeldungeon\desktop\RecoveryChecks.java:237: error: incompatible types: boolean cannot be converted to boolean[]
          fog.visible=false;Gdx.gl.glClear(Gdx.gl.GL_COLOR_BUFFER_BIT);scene.draw();Pixmap raw=screen();fog.visible=true;
                      ^
  C:\Users\Hartl\Documents\grimhollow\desktop\src\main\java\com\shatteredpixel\shatteredpixeldungeon\desktop\RecoveryChecks.java:237: error: incompatible types: boolean cannot be converted to boolean[]
          fog.visible=false;Gdx.gl.glClear(Gdx.gl.GL_COLOR_BUFFER_BIT);scene.draw();Pixmap raw=screen();fog.visible=true;
                                                                                                                    ^
  C:\Users\Hartl\Documents\grimhollow\desktop\src\main\java\com\shatteredpixel\shatteredpixeldungeon\desktop\DesktopLauncher.java:133: error: cannot access UpdateService
  			Updates.service = null; // Fork releases are not published yet.
  			                ^
    class file for com.shatteredpixel.shatteredpixeldungeon.services.updates.UpdateService not found
  C:\Users\Hartl\Documents\grimhollow\desktop\src\main\java\com\shatteredpixel\shatteredpixeldungeon\desktop\DesktopLauncher.java:136: error: cannot access NewsService
  			News.service = null; // No fork news service.
  			             ^
    class file for com.shatteredpixel.shatteredpixeldungeon.services.news.NewsService not found
  C:\Users\Hartl\Documents\grimhollow\desktop\src\main\java\com\shatteredpixel\shatteredpixeldungeon\desktop\DesktopLauncher.java:35: error: cannot find symbol
  import com.shatteredpixel.shatteredpixeldungeon.services.news.NewsImpl;
                                                               ^
    symbol:   class NewsImpl
    location: package com.shatteredpixel.shatteredpixeldungeon.services.news
  C:\Users\Hartl\Documents\grimhollow\desktop\src\main\java\com\shatteredpixel\shatteredpixeldungeon\desktop\DesktopLauncher.java:36: error: cannot find symbol
  import com.shatteredpixel.shatteredpixeldungeon.services.updates.UpdateImpl;
                                                                  ^
    symbol:   class UpdateImpl
    location: package com.shatteredpixel.shatteredpixeldungeon.services.updates
  C:\Users\Hartl\Documents\grimhollow\desktop\src\main\java\com\shatteredpixel\shatteredpixeldungeon\desktop\DesktopLauncher.java:132: error: cannot find symbol
  		if (UpdateImpl.supportsUpdates()){
  		    ^
    symbol:   variable UpdateImpl
    location: class DesktopLauncher
  C:\Users\Hartl\Documents\grimhollow\desktop\src\main\java\com\shatteredpixel\shatteredpixeldungeon\desktop\DesktopLauncher.java:135: error: cannot find symbol
  		if (NewsImpl.supportsNews()){
  		    ^
    symbol:   variable NewsImpl
    location: class DesktopLauncher
  C:\Users\Hartl\Documents\grimhollow\desktop\src\main\java\com\shatteredpixel\shatteredpixeldungeon\desktop\RecoveryChecks.java:40: error: members has protected access in Group
          for(Gizmo child:((Group)Game.scene()).members)if(child instanceof com.shatteredpixel.shatteredpixeldungeon.ui.StyledButton)controls++;
                                               ^
  C:\Users\Hartl\Documents\grimhollow\desktop\src\main\java\com\shatteredpixel\shatteredpixeldungeon\desktop\RecoveryChecks.java:54: error: members has protected access in Group
              for(Gizmo child:credits.members)if(child instanceof com.shatteredpixel.shatteredpixeldungeon.ui.RedButton) {
                                     ^
  C:\Users\Hartl\Documents\grimhollow\desktop\src\main\java\com\shatteredpixel\shatteredpixeldungeon\desktop\RecoveryChecks.java:227: error: texture has protected access in Tilemap
                  com.watabou.noosa.TextureFilm film=new com.watabou.noosa.TextureFilm(terrain.texture,64,64);
                                                                                              ^
  C:\Users\Hartl\Documents\grimhollow\desktop\src\main\java\com\shatteredpixel\shatteredpixeldungeon\desktop\RecoveryChecks.java:237: error: visible has private access in FogOfWar
          fog.visible=false;Gdx.gl.glClear(Gdx.gl.GL_COLOR_BUFFER_BIT);scene.draw();Pixmap raw=screen();fog.visible=true;
             ^
  C:\Users\Hartl\Documents\grimhollow\desktop\src\main\java\com\shatteredpixel\shatteredpixeldungeon\desktop\RecoveryChecks.java:237: error: visible has private access in FogOfWar
          fog.visible=false;Gdx.gl.glClear(Gdx.gl.GL_COLOR_BUFFER_BIT);scene.draw();Pixmap raw=screen();fog.visible=true;
                                                                                                           ^
  13 errors

* Try:
> Check your code and dependencies to fix the compilation error(s)
> Run with --scan to get full insights from a Build Scan (powered by Develocity).

Deprecated Gradle features were used in this build, making it incompatible with Gradle 10.

You can use '--warning-mode all' to show the individual deprecation warnings and determine if they come from your own scripts or plugins.

For more on this, please refer to https://docs.gradle.org/9.5.0/userguide/command_line_interface.html#sec:command_line_warnings in the Gradle documentation.

BUILD FAILED in 3h 16m 47s
42 actionable tasks: 22 executed, 20 up-to-date


--- .local/recovery-build-2.txt ---
To honour the JVM settings for this build a single-use Daemon process will be forked. For more on this, please refer to https://docs.gradle.org/9.5.0/userguide/gradle_daemon.html#sec:disabling_the_daemon in the Gradle documentation.
Daemon will be stopped at the end of the build
> Task :core:processResources NO-SOURCE
> Task :core:processTestResources NO-SOURCE
> Task :android:preBuild UP-TO-DATE
> Task :android:preDebugBuild UP-TO-DATE
> Task :android:mergeDebugNativeDebugMetadata NO-SOURCE
> Task :android:generateDebugResources UP-TO-DATE
> Task :services:compileJava UP-TO-DATE
> Task :SPD-classes:compileJava UP-TO-DATE
> Task :services:processResources NO-SOURCE
> Task :services:classes UP-TO-DATE
> Task :android:packageDebugResources UP-TO-DATE
> Task :SPD-classes:processResources NO-SOURCE
> Task :SPD-classes:classes UP-TO-DATE
> Task :desktop:processResources UP-TO-DATE
> Task :services:jar UP-TO-DATE
> Task :SPD-classes:jar UP-TO-DATE
> Task :android:processDebugNavigationResources UP-TO-DATE
> Task :android:parseDebugLocalResources UP-TO-DATE
> Task :android:generateDebugRFile UP-TO-DATE
> Task :android:javaPreCompileDebug UP-TO-DATE
> Task :android:generateDebugAssets UP-TO-DATE
> Task :android:mergeDebugAssets UP-TO-DATE
> Task :android:compressDebugAssets UP-TO-DATE
> Task :android:generateDebugGlobalSynthetics UP-TO-DATE
> Task :android:checkDebugDuplicateClasses UP-TO-DATE
> Task :android:desugarDebugFileDependencies UP-TO-DATE
> Task :android:mergeExtDexDebug UP-TO-DATE
> Task :android:checkDebugAarMetadata UP-TO-DATE
> Task :android:mapDebugSourceSetPaths UP-TO-DATE
> Task :android:compileDebugNavigationResources UP-TO-DATE
> Task :core:compileJava UP-TO-DATE
> Task :core:classes UP-TO-DATE
> Task :core:jar UP-TO-DATE
> Task :core:compileTestJava UP-TO-DATE
> Task :android:mergeDebugResources UP-TO-DATE
> Task :core:testClasses UP-TO-DATE
> Task :core:test UP-TO-DATE
> Task :android:compileDebugKotlin NO-SOURCE

> Task :android:compileDebugJavaWithJavac
Note: Some input files use or override a deprecated API.
Note: Recompile with -Xlint:deprecation for details.

> Task :android:processDebugJavaRes NO-SOURCE
> Task :android:createDebugCompatibleScreenManifests UP-TO-DATE
> Task :android:extractDeepLinksDebug UP-TO-DATE
> Task :android:processDebugMainManifest UP-TO-DATE
> Task :android:processDebugManifest UP-TO-DATE
> Task :android:processDebugManifestForPackage UP-TO-DATE
> Task :android:processDebugResources UP-TO-DATE
> Task :desktop:compileJava
> Task :desktop:classes
> Task :android:mergeDebugJavaResource
> Task :android:dexBuilderDebug
> Task :android:copyAndroidNatives
> Task :android:mergeProjectDexDebug
> Task :android:mergeDebugJniLibFolders UP-TO-DATE
> Task :android:mergeDebugNativeLibs UP-TO-DATE
> Task :android:stripDebugDebugSymbols UP-TO-DATE
> Task :android:validateSigningDebug UP-TO-DATE
> Task :android:writeDebugAppMetadata UP-TO-DATE
> Task :android:writeDebugSigningConfigVersions UP-TO-DATE
> Task :desktop:release
> Task :desktop:dist
> Task :android:mergeLibDexDebug
> Task :android:packageDebug
> Task :android:createDebugApkListingFileRedirect
> Task :android:assembleDebug

[Incubating] Problems report is available at: file:///C:/Users/Hartl/Documents/grimhollow/build/reports/problems/problems-report.html

Deprecated Gradle features were used in this build, making it incompatible with Gradle 10.

You can use '--warning-mode all' to show the individual deprecation warnings and determine if they come from your own scripts or plugins.

For more on this, please refer to https://docs.gradle.org/9.5.0/userguide/command_line_interface.html#sec:command_line_warnings in the Gradle documentation.

BUILD SUCCESSFUL in 42s
47 actionable tasks: 10 executed, 37 up-to-date
Consider enabling configuration cache to speed up this build: https://docs.gradle.org/9.5.0/userguide/configuration_cache_enabling.html


--- .local/recovery-build-3.txt ---
To honour the JVM settings for this build a single-use Daemon process will be forked. For more on this, please refer to https://docs.gradle.org/9.5.0/userguide/gradle_daemon.html#sec:disabling_the_daemon in the Gradle documentation.
Daemon will be stopped at the end of the build
> Task :core:processResources NO-SOURCE
> Task :SPD-classes:compileJava UP-TO-DATE
> Task :services:compileJava UP-TO-DATE
> Task :services:processResources NO-SOURCE
> Task :services:classes UP-TO-DATE
> Task :SPD-classes:processResources NO-SOURCE
> Task :SPD-classes:classes UP-TO-DATE
> Task :SPD-classes:jar UP-TO-DATE
> Task :services:jar UP-TO-DATE
> Task :desktop:processResources UP-TO-DATE
> Task :core:compileJava UP-TO-DATE
> Task :core:classes UP-TO-DATE
> Task :core:jar UP-TO-DATE
> Task :desktop:compileJava
> Task :desktop:classes
> Task :desktop:release
> Task :desktop:dist

[Incubating] Problems report is available at: file:///C:/Users/Hartl/Documents/grimhollow/build/reports/problems/problems-report.html

Deprecated Gradle features were used in this build, making it incompatible with Gradle 10.

You can use '--warning-mode all' to show the individual deprecation warnings and determine if they come from your own scripts or plugins.

For more on this, please refer to https://docs.gradle.org/9.5.0/userguide/command_line_interface.html#sec:command_line_warnings in the Gradle documentation.

BUILD SUCCESSFUL in 15s
9 actionable tasks: 2 executed, 7 up-to-date
Consider enabling configuration cache to speed up this build: https://docs.gradle.org/9.5.0/userguide/configuration_cache_enabling.html


--- .local/recovery-final-build-smoke.txt ---
To honour the JVM settings for this build a single-use Daemon process will be forked. For more on this, please refer to https://docs.gradle.org/9.5.0/userguide/gradle_daemon.html#sec:disabling_the_daemon in the Gradle documentation.
Daemon will be stopped at the end of the build
> Task :core:processResources NO-SOURCE
> Task :core:processTestResources NO-SOURCE
> Task :android:preBuild UP-TO-DATE
> Task :android:preDebugBuild UP-TO-DATE
> Task :android:mergeDebugNativeDebugMetadata NO-SOURCE
> Task :android:generateDebugResources UP-TO-DATE
> Task :SPD-classes:compileJava UP-TO-DATE
> Task :services:compileJava UP-TO-DATE
> Task :services:processResources NO-SOURCE
> Task :SPD-classes:processResources NO-SOURCE
> Task :services:classes UP-TO-DATE
> Task :SPD-classes:classes UP-TO-DATE
> Task :desktop:processResources UP-TO-DATE
> Task :SPD-classes:jar UP-TO-DATE
> Task :services:jar UP-TO-DATE
> Task :android:packageDebugResources UP-TO-DATE
> Task :android:processDebugNavigationResources UP-TO-DATE
> Task :android:parseDebugLocalResources UP-TO-DATE
> Task :android:generateDebugRFile UP-TO-DATE
> Task :android:javaPreCompileDebug UP-TO-DATE
> Task :android:generateDebugAssets UP-TO-DATE
> Task :android:mergeDebugAssets UP-TO-DATE
> Task :android:compressDebugAssets UP-TO-DATE
> Task :android:generateDebugGlobalSynthetics UP-TO-DATE
> Task :android:checkDebugDuplicateClasses UP-TO-DATE
> Task :android:desugarDebugFileDependencies UP-TO-DATE
> Task :android:mergeExtDexDebug UP-TO-DATE
> Task :android:checkDebugAarMetadata UP-TO-DATE
> Task :android:mapDebugSourceSetPaths UP-TO-DATE
> Task :android:compileDebugNavigationResources UP-TO-DATE
> Task :core:compileJava UP-TO-DATE
> Task :core:classes UP-TO-DATE
> Task :core:jar UP-TO-DATE
> Task :core:compileTestJava UP-TO-DATE
> Task :core:testClasses UP-TO-DATE
> Task :android:mergeDebugResources UP-TO-DATE
> Task :core:test UP-TO-DATE
> Task :android:compileDebugKotlin NO-SOURCE
> Task :android:compileDebugJavaWithJavac UP-TO-DATE
> Task :android:processDebugJavaRes NO-SOURCE
> Task :android:mergeDebugJavaResource UP-TO-DATE
> Task :android:mergeLibDexDebug UP-TO-DATE
> Task :android:createDebugCompatibleScreenManifests UP-TO-DATE
> Task :android:extractDeepLinksDebug UP-TO-DATE
> Task :android:processDebugMainManifest UP-TO-DATE
> Task :android:processDebugManifest UP-TO-DATE
> Task :android:processDebugManifestForPackage UP-TO-DATE
> Task :android:processDebugResources UP-TO-DATE
> Task :android:dexBuilderDebug UP-TO-DATE
> Task :android:mergeProjectDexDebug UP-TO-DATE
> Task :android:copyAndroidNatives
> Task :android:mergeDebugJniLibFolders UP-TO-DATE
> Task :android:mergeDebugNativeLibs UP-TO-DATE
> Task :android:stripDebugDebugSymbols UP-TO-DATE
> Task :android:validateSigningDebug UP-TO-DATE
> Task :android:writeDebugAppMetadata UP-TO-DATE
> Task :android:writeDebugSigningConfigVersions UP-TO-DATE
> Task :android:packageDebug UP-TO-DATE
> Task :android:createDebugApkListingFileRedirect UP-TO-DATE
> Task :android:assembleDebug UP-TO-DATE

> Task :core:smokeRun
PASS V4 WARRIOR Vault generation/save/load, mirror=BrokenSeal, equipment restore, quest completion/shop and six enchantment/curses serialized
TEST 9 PASS: Wand of Bone and Bone Prison terrain blocks movement/bolts, expires and clears on level exit/save/load
[GAME] ** You feel weakened!
[GAME] ** You are crippled!
[GAME] ** You feel weakened!
[GAME] ** You are crippled!
[GAME] ** You can't move!
PASS CONTENT WARRIOR: curses, healing, three scythes, armor/crown persistence, three wands, Soulfire recipe/immunity, Hourglass charge/upgrade/refund/save, cursed mob/drop, Hexcaster and Chainwarden
PASS WARRIOR seed=0 floor=6 save/load=ok
PASS WARRIOR seed=1 floor=6 save/load=ok
PASS WARRIOR seed=2 floor=6 save/load=ok
PASS WARRIOR seed=3 floor=6 save/load=ok
PASS WARRIOR seed=4 floor=6 save/load=ok
PASS WARRIOR seed=5 floor=6 save/load=ok
PASS WARRIOR seed=6 floor=6 save/load=ok
PASS WARRIOR seed=7 floor=6 save/load=ok
PASS WARRIOR seed=8 floor=6 save/load=ok

> Task :desktop:compileJava
> Task :desktop:classes

> Task :core:smokeRun
PASS WARRIOR seed=9 floor=6 save/load=ok
PASS V4 MAGE Vault generation/save/load, mirror=MagesStaff, equipment restore, quest completion/shop and six enchantment/curses serialized
TEST 9 PASS: Wand of Bone and Bone Prison terrain blocks movement/bolts, expires and clears on level exit/save/load
[GAME] ** You feel weakened!
[GAME] ** You are crippled!
[GAME] ** You feel weakened!
[GAME] ** You are crippled!
[GAME] ** You can't move!
PASS CONTENT MAGE: curses, healing, three scythes, armor/crown persistence, three wands, Soulfire recipe/immunity, Hourglass charge/upgrade/refund/save, cursed mob/drop, Hexcaster and Chainwarden
PASS MAGE seed=0 floor=6 save/load=ok
PASS MAGE seed=1 floor=6 save/load=ok
PASS MAGE seed=2 floor=6 save/load=ok
PASS MAGE seed=3 floor=6 save/load=ok
PASS MAGE seed=4 floor=6 save/load=ok
PASS MAGE seed=5 floor=6 save/load=ok
PASS MAGE seed=6 floor=6 save/load=ok
PASS MAGE seed=7 floor=6 save/load=ok
PASS MAGE seed=8 floor=6 save/load=ok
PASS MAGE seed=9 floor=6 save/load=ok
PASS V4 ROGUE Vault generation/save/load, mirror=CloakOfShadows, equipment restore, quest completion/shop and six enchantment/curses serialized
TEST 9 PASS: Wand of Bone and Bone Prison terrain blocks movement/bolts, expires and clears on level exit/save/load
[GAME] ** You feel weakened!
[GAME] ** You are crippled!
[GAME] ** You feel weakened!
[GAME] ** You are crippled!
[GAME] ** You can't move!
PASS CONTENT ROGUE: curses, healing, three scythes, armor/crown persistence, three wands, Soulfire recipe/immunity, Hourglass charge/upgrade/refund/save, cursed mob/drop, Hexcaster and Chainwarden
PASS ROGUE seed=0 floor=6 save/load=ok
PASS ROGUE seed=1 floor=6 save/load=ok
PASS ROGUE seed=2 floor=6 save/load=ok
PASS ROGUE seed=3 floor=6 save/load=ok
PASS ROGUE seed=4 floor=6 save/load=ok
PASS ROGUE seed=5 floor=6 save/load=ok
PASS ROGUE seed=6 floor=6 save/load=ok
PASS ROGUE seed=7 floor=6 save/load=ok
PASS ROGUE seed=8 floor=6 save/load=ok
PASS ROGUE seed=9 floor=6 save/load=ok
PASS V4 HUNTRESS Vault generation/save/load, mirror=SpiritBow, equipment restore, quest completion/shop and six enchantment/curses serialized
TEST 9 PASS: Wand of Bone and Bone Prison terrain blocks movement/bolts, expires and clears on level exit/save/load
[GAME] ** You feel weakened!
[GAME] ** You are crippled!
[GAME] ** You feel weakened!
[GAME] ** You are crippled!
[GAME] ** You can't move!
PASS CONTENT HUNTRESS: curses, healing, three scythes, armor/crown persistence, three wands, Soulfire recipe/immunity, Hourglass charge/upgrade/refund/save, cursed mob/drop, Hexcaster and Chainwarden
PASS HUNTRESS seed=0 floor=6 save/load=ok
PASS HUNTRESS seed=1 floor=6 save/load=ok
PASS HUNTRESS seed=2 floor=6 save/load=ok
PASS HUNTRESS seed=3 floor=6 save/load=ok
PASS HUNTRESS seed=4 floor=6 save/load=ok
PASS HUNTRESS seed=5 floor=6 save/load=ok
PASS HUNTRESS seed=6 floor=6 save/load=ok
PASS HUNTRESS seed=7 floor=6 save/load=ok
PASS HUNTRESS seed=8 floor=6 save/load=ok
PASS HUNTRESS seed=9 floor=6 save/load=ok
PASS V4 DUELIST Vault generation/save/load, mirror=MirrorSword, equipment restore, quest completion/shop and six enchantment/curses serialized
TEST 9 PASS: Wand of Bone and Bone Prison terrain blocks movement/bolts, expires and clears on level exit/save/load
[GAME] ** You feel weakened!
[GAME] ** You are crippled!
[GAME] ** You feel weakened!
[GAME] ** You are crippled!
[GAME] ** You can't move!
PASS CONTENT DUELIST: curses, healing, three scythes, armor/crown persistence, three wands, Soulfire recipe/immunity, Hourglass charge/upgrade/refund/save, cursed mob/drop, Hexcaster and Chainwarden
PASS DUELIST seed=0 floor=6 save/load=ok
PASS DUELIST seed=1 floor=6 save/load=ok
PASS DUELIST seed=2 floor=6 save/load=ok
PASS DUELIST seed=3 floor=6 save/load=ok
PASS DUELIST seed=4 floor=6 save/load=ok
PASS DUELIST seed=5 floor=6 save/load=ok
PASS DUELIST seed=6 floor=6 save/load=ok
PASS DUELIST seed=7 floor=6 save/load=ok
PASS DUELIST seed=8 floor=6 save/load=ok
PASS DUELIST seed=9 floor=6 save/load=ok
PASS V4 CLERIC Vault generation/save/load, mirror=HolyTome, equipment restore, quest completion/shop and six enchantment/curses serialized

> Task :desktop:release
> Task :desktop:dist

> Task :core:smokeRun
TEST 9 PASS: Wand of Bone and Bone Prison terrain blocks movement/bolts, expires and clears on level exit/save/load
[GAME] ** You feel weakened!
[GAME] ** You are crippled!
[GAME] ** You feel weakened!
[GAME] ** You are crippled!
[GAME] ** You can't move!
PASS CONTENT CLERIC: curses, healing, three scythes, armor/crown persistence, three wands, Soulfire recipe/immunity, Hourglass charge/upgrade/refund/save, cursed mob/drop, Hexcaster and Chainwarden
PASS CLERIC seed=0 floor=6 save/load=ok
PASS CLERIC seed=1 floor=6 save/load=ok
PASS CLERIC seed=2 floor=6 save/load=ok
PASS CLERIC seed=3 floor=6 save/load=ok
PASS CLERIC seed=4 floor=6 save/load=ok
PASS CLERIC seed=5 floor=6 save/load=ok
PASS CLERIC seed=6 floor=6 save/load=ok
PASS CLERIC seed=7 floor=6 save/load=ok
PASS CLERIC seed=8 floor=6 save/load=ok
PASS CLERIC seed=9 floor=6 save/load=ok
[GAME] ** There is no room for another minion.
TEST 27 PASS: 300 turns unchanged; 12 charges level=1 Wraith offered; hostile attacked within 2 turns
[GAME] ** There is no room for another minion.
NECROMANCER kit, talents, subclasses, spells, armor, caps, and persistence: PASS
PASS V4 NECROMANCER Vault generation/save/load, mirror=Phylactery, equipment restore, quest completion/shop and six enchantment/curses serialized
TEST 9 PASS: Wand of Bone and Bone Prison terrain blocks movement/bolts, expires and clears on level exit/save/load
[GAME] ** You feel weakened!
[GAME] ** You are crippled!
[GAME] ** You feel weakened!
[GAME] ** You are crippled!
[GAME] ** You can't move!
PASS CONTENT NECROMANCER: curses, healing, three scythes, armor/crown persistence, three wands, Soulfire recipe/immunity, Hourglass charge/upgrade/refund/save, cursed mob/drop, Hexcaster and Chainwarden
PASS NECROMANCER seed=0 floor=6 save/load=ok
[GAME] ** There is no room for another minion.
TEST 27 PASS: 300 turns unchanged; 12 charges level=1 Wraith offered; hostile attacked within 2 turns
[GAME] ** There is no room for another minion.
NECROMANCER kit, talents, subclasses, spells, armor, caps, and persistence: PASS
PASS NECROMANCER seed=1 floor=6 save/load=ok
[GAME] ** There is no room for another minion.
TEST 27 PASS: 300 turns unchanged; 12 charges level=1 Wraith offered; hostile attacked within 2 turns
[GAME] ** There is no room for another minion.
NECROMANCER kit, talents, subclasses, spells, armor, caps, and persistence: PASS
PASS NECROMANCER seed=2 floor=6 save/load=ok
[GAME] ** There is no room for another minion.
TEST 27 PASS: 300 turns unchanged; 12 charges level=1 Wraith offered; hostile attacked within 2 turns
[GAME] ** There is no room for another minion.
NECROMANCER kit, talents, subclasses, spells, armor, caps, and persistence: PASS
PASS NECROMANCER seed=3 floor=6 save/load=ok
[GAME] ** There is no room for another minion.
TEST 27 PASS: 300 turns unchanged; 12 charges level=1 Wraith offered; hostile attacked within 2 turns
[GAME] ** There is no room for another minion.
NECROMANCER kit, talents, subclasses, spells, armor, caps, and persistence: PASS
PASS NECROMANCER seed=4 floor=6 save/load=ok
[GAME] ** There is no room for another minion.
TEST 27 PASS: 300 turns unchanged; 12 charges level=1 Wraith offered; hostile attacked within 2 turns
[GAME] ** There is no room for another minion.
NECROMANCER kit, talents, subclasses, spells, armor, caps, and persistence: PASS
PASS NECROMANCER seed=5 floor=6 save/load=ok
[GAME] ** There is no room for another minion.
TEST 27 PASS: 300 turns unchanged; 12 charges level=1 Wraith offered; hostile attacked within 2 turns
[GAME] ** There is no room for another minion.
NECROMANCER kit, talents, subclasses, spells, armor, caps, and persistence: PASS
PASS NECROMANCER seed=6 floor=6 save/load=ok
[GAME] ** There is no room for another minion.
TEST 27 PASS: 300 turns unchanged; 12 charges level=1 Wraith offered; hostile attacked within 2 turns
[GAME] ** There is no room for another minion.
NECROMANCER kit, talents, subclasses, spells, armor, caps, and persistence: PASS
PASS NECROMANCER seed=7 floor=6 save/load=ok
[GAME] ** There is no room for another minion.
TEST 27 PASS: 300 turns unchanged; 12 charges level=1 Wraith offered; hostile attacked within 2 turns
[GAME] ** There is no room for another minion.
NECROMANCER kit, talents, subclasses, spells, armor, caps, and persistence: PASS
PASS NECROMANCER seed=8 floor=6 save/load=ok
[GAME] ** There is no room for another minion.
TEST 27 PASS: 300 turns unchanged; 12 charges level=1 Wraith offered; hostile attacked within 2 turns
[GAME] ** There is no room for another minion.
NECROMANCER kit, talents, subclasses, spells, armor, caps, and persistence: PASS
PASS NECROMANCER seed=9 floor=6 save/load=ok
TEST 37 PASS: transfer, upgrade, replacement, carrier loss and reattachment
[GAME] @@ Badge unlocked: Novice Researcher (Fill in 40 catalog entries in your journal).
TEST 33 PASS: scroll and stone offers, distinct exclusions, cancel/apply, Artificer, Scrivener and history persistence
ENCHANTER kit, talents, subclasses, inscriptions, armor, and persistence: PASS
PASS V4 ENCHANTER Vault generation/save/load, mirror=SigilBrush, equipment restore, quest completion/shop and six enchantment/curses serialized
TEST 9 PASS: Wand of Bone and Bone Prison terrain blocks movement/bolts, expires and clears on level exit/save/load
[GAME] ** You feel weakened!
[GAME] ** You are crippled!
[GAME] ** You feel weakened!
[GAME] ** You are crippled!
[GAME] ** You can't move!
PASS CONTENT ENCHANTER: curses, healing, three scythes, armor/crown persistence, three wands, Soulfire recipe/immunity, Hourglass charge/upgrade/refund/save, cursed mob/drop, Hexcaster and Chainwarden
PASS ENCHANTER seed=0 floor=6 save/load=ok
TEST 37 PASS: transfer, upgrade, replacement, carrier loss and reattachment
TEST 33 PASS: scroll and stone offers, distinct exclusions, cancel/apply, Artificer, Scrivener and history persistence
ENCHANTER kit, talents, subclasses, inscriptions, armor, and persistence: PASS
PASS ENCHANTER seed=1 floor=6 save/load=ok
TEST 37 PASS: transfer, upgrade, replacement, carrier loss and reattachment
TEST 33 PASS: scroll and stone offers, distinct exclusions, cancel/apply, Artificer, Scrivener and history persistence
ENCHANTER kit, talents, subclasses, inscriptions, armor, and persistence: PASS
PASS ENCHANTER seed=2 floor=6 save/load=ok
TEST 37 PASS: transfer, upgrade, replacement, carrier loss and reattachment
TEST 33 PASS: scroll and stone offers, distinct exclusions, cancel/apply, Artificer, Scrivener and history persistence
ENCHANTER kit, talents, subclasses, inscriptions, armor, and persistence: PASS
PASS ENCHANTER seed=3 floor=6 save/load=ok
TEST 37 PASS: transfer, upgrade, replacement, carrier loss and reattachment
TEST 33 PASS: scroll and stone offers, distinct exclusions, cancel/apply, Artificer, Scrivener and history persistence
ENCHANTER kit, talents, subclasses, inscriptions, armor, and persistence: PASS
PASS ENCHANTER seed=4 floor=6 save/load=ok
TEST 37 PASS: transfer, upgrade, replacement, carrier loss and reattachment
TEST 33 PASS: scroll and stone offers, distinct exclusions, cancel/apply, Artificer, Scrivener and history persistence
ENCHANTER kit, talents, subclasses, inscriptions, armor, and persistence: PASS
PASS ENCHANTER seed=5 floor=6 save/load=ok
TEST 37 PASS: transfer, upgrade, replacement, carrier loss and reattachment
TEST 33 PASS: scroll and stone offers, distinct exclusions, cancel/apply, Artificer, Scrivener and history persistence
ENCHANTER kit, talents, subclasses, inscriptions, armor, and persistence: PASS
PASS ENCHANTER seed=6 floor=6 save/load=ok
TEST 37 PASS: transfer, upgrade, replacement, carrier loss and reattachment
TEST 33 PASS: scroll and stone offers, distinct exclusions, cancel/apply, Artificer, Scrivener and history persistence
ENCHANTER kit, talents, subclasses, inscriptions, armor, and persistence: PASS
PASS ENCHANTER seed=7 floor=6 save/load=ok
TEST 37 PASS: transfer, upgrade, replacement, carrier loss and reattachment
TEST 33 PASS: scroll and stone offers, distinct exclusions, cancel/apply, Artificer, Scrivener and history persistence
ENCHANTER kit, talents, subclasses, inscriptions, armor, and persistence: PASS
PASS ENCHANTER seed=8 floor=6 save/load=ok
TEST 37 PASS: transfer, upgrade, replacement, carrier loss and reattachment
TEST 33 PASS: scroll and stone offers, distinct exclusions, cancel/apply, Artificer, Scrivener and history persistence
ENCHANTER kit, talents, subclasses, inscriptions, armor, and persistence: PASS
PASS ENCHANTER seed=9 floor=6 save/load=ok
PSYCHIC kit, talents, subclasses, Grasp, thrown damage, domination, armor and persistence: PASS; TESTS 11-13 PASS
PASS V4 PSYCHIC Vault generation/save/load, mirror=FocusCrystal, equipment restore, quest completion/shop and six enchantment/curses serialized
TEST 9 PASS: Wand of Bone and Bone Prison terrain blocks movement/bolts, expires and clears on level exit/save/load
[GAME] ** You feel weakened!
[GAME] ** You are crippled!
[GAME] ** You feel weakened!
[GAME] ** You are crippled!
[GAME] ** You can't move!
PASS CONTENT PSYCHIC: curses, healing, three scythes, armor/crown persistence, three wands, Soulfire recipe/immunity, Hourglass charge/upgrade/refund/save, cursed mob/drop, Hexcaster and Chainwarden
PASS PSYCHIC seed=0 floor=6 save/load=ok
PSYCHIC kit, talents, subclasses, Grasp, thrown damage, domination, armor and persistence: PASS; TESTS 11-13 PASS
PASS PSYCHIC seed=1 floor=6 save/load=ok
PSYCHIC kit, talents, subclasses, Grasp, thrown damage, domination, armor and persistence: PASS; TESTS 11-13 PASS
PASS PSYCHIC seed=2 floor=6 save/load=ok
PSYCHIC kit, talents, subclasses, Grasp, thrown damage, domination, armor and persistence: PASS; TESTS 11-13 PASS
PASS PSYCHIC seed=3 floor=6 save/load=ok
PSYCHIC kit, talents, subclasses, Grasp, thrown damage, domination, armor and persistence: PASS; TESTS 11-13 PASS
PASS PSYCHIC seed=4 floor=6 save/load=ok
PSYCHIC kit, talents, subclasses, Grasp, thrown damage, domination, armor and persistence: PASS; TESTS 11-13 PASS
PASS PSYCHIC seed=5 floor=6 save/load=ok
PSYCHIC kit, talents, subclasses, Grasp, thrown damage, domination, armor and persistence: PASS; TESTS 11-13 PASS
PASS PSYCHIC seed=6 floor=6 save/load=ok
PSYCHIC kit, talents, subclasses, Grasp, thrown damage, domination, armor and persistence: PASS; TESTS 11-13 PASS
PASS PSYCHIC seed=7 floor=6 save/load=ok
PSYCHIC kit, talents, subclasses, Grasp, thrown damage, domination, armor and persistence: PASS; TESTS 11-13 PASS
PASS PSYCHIC seed=8 floor=6 save/load=ok
PSYCHIC kit, talents, subclasses, Grasp, thrown damage, domination, armor and persistence: PASS; TESTS 11-13 PASS
PASS PSYCHIC seed=9 floor=6 save/load=ok
Runs=90 failures=0

[Incubating] Problems report is available at: file:///C:/Users/Hartl/Documents/grimhollow/build/reports/problems/problems-report.html

Deprecated Gradle features were used in this build, making it incompatible with Gradle 10.

You can use '--warning-mode all' to show the individual deprecation warnings and determine if they come from your own scripts or plugins.

For more on this, please refer to https://docs.gradle.org/9.5.0/userguide/command_line_interface.html#sec:command_line_warnings in the Gradle documentation.

BUILD SUCCESSFUL in 28s
48 actionable tasks: 4 executed, 44 up-to-date
Consider enabling configuration cache to speed up this build: https://docs.gradle.org/9.5.0/userguide/configuration_cache_enabling.html

To honour the JVM settings for this build a single-use Daemon process will be forked. For more on this, please refer to https://docs.gradle.org/9.5.0/userguide/gradle_daemon.html#sec:disabling_the_daemon in the Gradle documentation.
Daemon will be stopped at the end of the build
> Task :core:processResources NO-SOURCE
> Task :SPD-classes:compileJava UP-TO-DATE
> Task :services:compileJava UP-TO-DATE
> Task :services:processResources NO-SOURCE
> Task :services:classes UP-TO-DATE
> Task :desktop:processResources UP-TO-DATE
> Task :SPD-classes:processResources NO-SOURCE
> Task :SPD-classes:classes UP-TO-DATE
> Task :android:preBuild UP-TO-DATE
> Task :android:preDebugBuild UP-TO-DATE
> Task :android:mergeDebugNativeDebugMetadata NO-SOURCE
> Task :android:generateDebugResources UP-TO-DATE
> Task :android:packageDebugResources UP-TO-DATE
> Task :services:jar
> Task :SPD-classes:jar
> Task :android:processDebugNavigationResources UP-TO-DATE
> Task :android:parseDebugLocalResources UP-TO-DATE
> Task :android:generateDebugRFile UP-TO-DATE
> Task :android:javaPreCompileDebug UP-TO-DATE
> Task :android:generateDebugAssets UP-TO-DATE
> Task :android:mergeDebugAssets UP-TO-DATE
> Task :android:compressDebugAssets UP-TO-DATE
> Task :android:generateDebugGlobalSynthetics UP-TO-DATE
> Task :android:checkDebugDuplicateClasses UP-TO-DATE
> Task :android:desugarDebugFileDependencies UP-TO-DATE
> Task :android:mergeExtDexDebug UP-TO-DATE
> Task :android:checkDebugAarMetadata UP-TO-DATE
> Task :android:mapDebugSourceSetPaths UP-TO-DATE
> Task :android:compileDebugNavigationResources UP-TO-DATE
> Task :android:mergeDebugResources UP-TO-DATE
> Task :android:createDebugCompatibleScreenManifests
> Task :android:extractDeepLinksDebug UP-TO-DATE
> Task :android:processDebugMainManifest
> Task :android:processDebugManifest
> Task :android:copyAndroidNatives
> Task :android:mergeDebugJniLibFolders UP-TO-DATE
> Task :android:validateSigningDebug UP-TO-DATE
> Task :android:writeDebugAppMetadata UP-TO-DATE
> Task :android:writeDebugSigningConfigVersions UP-TO-DATE
> Task :android:processDebugManifestForPackage
> Task :android:processDebugResources

> Task :core:compileJava
Note: Some input files use unchecked or unsafe operations.
Note: Recompile with -Xlint:unchecked for details.

> Task :core:classes
> Task :core:jar
> Task :android:compileDebugKotlin NO-SOURCE
> Task :desktop:compileJava
> Task :desktop:classes
> Task :core:compileTestJava
> Task :core:processTestResources NO-SOURCE
> Task :core:testClasses

> Task :android:compileDebugJavaWithJavac
Note: Some input files use or override a deprecated API.
Note: Recompile with -Xlint:deprecation for details.

> Task :android:processDebugJavaRes NO-SOURCE
> Task :core:test
> Task :android:mergeDebugJavaResource
> Task :android:dexBuilderDebug
> Task :android:mergeProjectDexDebug UP-TO-DATE
> Task :android:mergeDebugNativeLibs UP-TO-DATE
> Task :android:stripDebugDebugSymbols UP-TO-DATE

> Task :core:smokeRun
PASS V4 WARRIOR Vault generation/save/load, mirror=BrokenSeal, equipment restore, quest completion/shop and six enchantment/curses serialized
TEST 9 PASS: Wand of Bone and Bone Prison terrain blocks movement/bolts, expires and clears on level exit/save/load
[GAME] ** You feel weakened!
[GAME] ** You are crippled!
[GAME] ** You feel weakened!
[GAME] ** You are crippled!
[GAME] ** You can't move!
PASS CONTENT WARRIOR: curses, healing, three scythes, armor/crown persistence, three wands, Soulfire recipe/immunity, Hourglass charge/upgrade/refund/save, cursed mob/drop, Hexcaster and Chainwarden
PASS WARRIOR seed=0 floor=6 save/load=ok
PASS WARRIOR seed=1 floor=6 save/load=ok
PASS WARRIOR seed=2 floor=6 save/load=ok
PASS WARRIOR seed=3 floor=6 save/load=ok
PASS WARRIOR seed=4 floor=6 save/load=ok
PASS WARRIOR seed=5 floor=6 save/load=ok
PASS WARRIOR seed=6 floor=6 save/load=ok
PASS WARRIOR seed=7 floor=6 save/load=ok
PASS WARRIOR seed=8 floor=6 save/load=ok
PASS WARRIOR seed=9 floor=6 save/load=ok
PASS V4 MAGE Vault generation/save/load, mirror=MagesStaff, equipment restore, quest completion/shop and six enchantment/curses serialized
TEST 9 PASS: Wand of Bone and Bone Prison terrain blocks movement/bolts, expires and clears on level exit/save/load
[GAME] ** You feel weakened!
[GAME] ** You are crippled!
[GAME] ** You feel weakened!
[GAME] ** You are crippled!
[GAME] ** You can't move!
PASS CONTENT MAGE: curses, healing, three scythes, armor/crown persistence, three wands, Soulfire recipe/immunity, Hourglass charge/upgrade/refund/save, cursed mob/drop, Hexcaster and Chainwarden
PASS MAGE seed=0 floor=6 save/load=ok
PASS MAGE seed=1 floor=6 save/load=ok
PASS MAGE seed=2 floor=6 save/load=ok
PASS MAGE seed=3 floor=6 save/load=ok
PASS MAGE seed=4 floor=6 save/load=ok
PASS MAGE seed=5 floor=6 save/load=ok
PASS MAGE seed=6 floor=6 save/load=ok
PASS MAGE seed=7 floor=6 save/load=ok
PASS MAGE seed=8 floor=6 save/load=ok
PASS MAGE seed=9 floor=6 save/load=ok
PASS V4 ROGUE Vault generation/save/load, mirror=CloakOfShadows, equipment restore, quest completion/shop and six enchantment/curses serialized
TEST 9 PASS: Wand of Bone and Bone Prison terrain blocks movement/bolts, expires and clears on level exit/save/load
[GAME] ** You feel weakened!
[GAME] ** You are crippled!
[GAME] ** You feel weakened!
[GAME] ** You are crippled!
[GAME] ** You can't move!
PASS CONTENT ROGUE: curses, healing, three scythes, armor/crown persistence, three wands, Soulfire recipe/immunity, Hourglass charge/upgrade/refund/save, cursed mob/drop, Hexcaster and Chainwarden
PASS ROGUE seed=0 floor=6 save/load=ok

> Task :desktop:release
> Task :desktop:dist

> Task :core:smokeRun
PASS ROGUE seed=1 floor=6 save/load=ok
PASS ROGUE seed=2 floor=6 save/load=ok
PASS ROGUE seed=3 floor=6 save/load=ok
PASS ROGUE seed=4 floor=6 save/load=ok
PASS ROGUE seed=5 floor=6 save/load=ok
PASS ROGUE seed=6 floor=6 save/load=ok
PASS ROGUE seed=7 floor=6 save/load=ok
PASS ROGUE seed=8 floor=6 save/load=ok
PASS ROGUE seed=9 floor=6 save/load=ok
PASS V4 HUNTRESS Vault generation/save/load, mirror=SpiritBow, equipment restore, quest completion/shop and six enchantment/curses serialized
TEST 9 PASS: Wand of Bone and Bone Prison terrain blocks movement/bolts, expires and clears on level exit/save/load
[GAME] ** You feel weakened!
[GAME] ** You are crippled!
[GAME] ** You feel weakened!
[GAME] ** You are crippled!
[GAME] ** You can't move!
PASS CONTENT HUNTRESS: curses, healing, three scythes, armor/crown persistence, three wands, Soulfire recipe/immunity, Hourglass charge/upgrade/refund/save, cursed mob/drop, Hexcaster and Chainwarden
PASS HUNTRESS seed=0 floor=6 save/load=ok
PASS HUNTRESS seed=1 floor=6 save/load=ok
PASS HUNTRESS seed=2 floor=6 save/load=ok
PASS HUNTRESS seed=3 floor=6 save/load=ok
PASS HUNTRESS seed=4 floor=6 save/load=ok
PASS HUNTRESS seed=5 floor=6 save/load=ok
PASS HUNTRESS seed=6 floor=6 save/load=ok
PASS HUNTRESS seed=7 floor=6 save/load=ok
PASS HUNTRESS seed=8 floor=6 save/load=ok
PASS HUNTRESS seed=9 floor=6 save/load=ok
PASS V4 DUELIST Vault generation/save/load, mirror=MirrorSword, equipment restore, quest completion/shop and six enchantment/curses serialized
TEST 9 PASS: Wand of Bone and Bone Prison terrain blocks movement/bolts, expires and clears on level exit/save/load
[GAME] ** You feel weakened!
[GAME] ** You are crippled!
[GAME] ** You feel weakened!
[GAME] ** You are crippled!
[GAME] ** You can't move!
PASS CONTENT DUELIST: curses, healing, three scythes, armor/crown persistence, three wands, Soulfire recipe/immunity, Hourglass charge/upgrade/refund/save, cursed mob/drop, Hexcaster and Chainwarden
PASS DUELIST seed=0 floor=6 save/load=ok
PASS DUELIST seed=1 floor=6 save/load=ok
PASS DUELIST seed=2 floor=6 save/load=ok
PASS DUELIST seed=3 floor=6 save/load=ok
PASS DUELIST seed=4 floor=6 save/load=ok
PASS DUELIST seed=5 floor=6 save/load=ok
PASS DUELIST seed=6 floor=6 save/load=ok
PASS DUELIST seed=7 floor=6 save/load=ok
PASS DUELIST seed=8 floor=6 save/load=ok
PASS DUELIST seed=9 floor=6 save/load=ok
PASS V4 CLERIC Vault generation/save/load, mirror=HolyTome, equipment restore, quest completion/shop and six enchantment/curses serialized
TEST 9 PASS: Wand of Bone and Bone Prison terrain blocks movement/bolts, expires and clears on level exit/save/load
[GAME] ** You feel weakened!
[GAME] ** You are crippled!
[GAME] ** You feel weakened!
[GAME] ** You are crippled!
[GAME] ** You can't move!
PASS CONTENT CLERIC: curses, healing, three scythes, armor/crown persistence, three wands, Soulfire recipe/immunity, Hourglass charge/upgrade/refund/save, cursed mob/drop, Hexcaster and Chainwarden
PASS CLERIC seed=0 floor=6 save/load=ok
PASS CLERIC seed=1 floor=6 save/load=ok
PASS CLERIC seed=2 floor=6 save/load=ok
PASS CLERIC seed=3 floor=6 save/load=ok
PASS CLERIC seed=4 floor=6 save/load=ok
PASS CLERIC seed=5 floor=6 save/load=ok
PASS CLERIC seed=6 floor=6 save/load=ok
PASS CLERIC seed=7 floor=6 save/load=ok
PASS CLERIC seed=8 floor=6 save/load=ok
PASS CLERIC seed=9 floor=6 save/load=ok
[GAME] ** There is no room for another minion.
TEST 27 PASS: 300 turns unchanged; 12 charges level=1 Wraith offered; hostile attacked within 2 turns
[GAME] ** There is no room for another minion.
NECROMANCER kit, talents, subclasses, spells, armor, caps, and persistence: PASS
PASS V4 NECROMANCER Vault generation/save/load, mirror=Phylactery, equipment restore, quest completion/shop and six enchantment/curses serialized
TEST 9 PASS: Wand of Bone and Bone Prison terrain blocks movement/bolts, expires and clears on level exit/save/load
[GAME] ** You feel weakened!
[GAME] ** You are crippled!
[GAME] ** You feel weakened!
[GAME] ** You are crippled!
[GAME] ** You can't move!
PASS CONTENT NECROMANCER: curses, healing, three scythes, armor/crown persistence, three wands, Soulfire recipe/immunity, Hourglass charge/upgrade/refund/save, cursed mob/drop, Hexcaster and Chainwarden
PASS NECROMANCER seed=0 floor=6 save/load=ok
[GAME] ** There is no room for another minion.
TEST 27 PASS: 300 turns unchanged; 12 charges level=1 Wraith offered; hostile attacked within 2 turns
[GAME] ** There is no room for another minion.
NECROMANCER kit, talents, subclasses, spells, armor, caps, and persistence: PASS
PASS NECROMANCER seed=1 floor=6 save/load=ok
[GAME] ** There is no room for another minion.
TEST 27 PASS: 300 turns unchanged; 12 charges level=1 Wraith offered; hostile attacked within 2 turns
[GAME] ** There is no room for another minion.
NECROMANCER kit, talents, subclasses, spells, armor, caps, and persistence: PASS
PASS NECROMANCER seed=2 floor=6 save/load=ok
[GAME] ** There is no room for another minion.
TEST 27 PASS: 300 turns unchanged; 12 charges level=1 Wraith offered; hostile attacked within 2 turns
[GAME] ** There is no room for another minion.
NECROMANCER kit, talents, subclasses, spells, armor, caps, and persistence: PASS
PASS NECROMANCER seed=3 floor=6 save/load=ok
[GAME] ** There is no room for another minion.
TEST 27 PASS: 300 turns unchanged; 12 charges level=1 Wraith offered; hostile attacked within 2 turns
[GAME] ** There is no room for another minion.
NECROMANCER kit, talents, subclasses, spells, armor, caps, and persistence: PASS
PASS NECROMANCER seed=4 floor=6 save/load=ok
[GAME] ** There is no room for another minion.
TEST 27 PASS: 300 turns unchanged; 12 charges level=1 Wraith offered; hostile attacked within 2 turns
[GAME] ** There is no room for another minion.
NECROMANCER kit, talents, subclasses, spells, armor, caps, and persistence: PASS
PASS NECROMANCER seed=5 floor=6 save/load=ok
[GAME] ** There is no room for another minion.
TEST 27 PASS: 300 turns unchanged; 12 charges level=1 Wraith offered; hostile attacked within 2 turns
[GAME] ** There is no room for another minion.
NECROMANCER kit, talents, subclasses, spells, armor, caps, and persistence: PASS
PASS NECROMANCER seed=6 floor=6 save/load=ok
[GAME] ** There is no room for another minion.
TEST 27 PASS: 300 turns unchanged; 12 charges level=1 Wraith offered; hostile attacked within 2 turns
[GAME] ** There is no room for another minion.
NECROMANCER kit, talents, subclasses, spells, armor, caps, and persistence: PASS
PASS NECROMANCER seed=7 floor=6 save/load=ok
[GAME] ** There is no room for another minion.
TEST 27 PASS: 300 turns unchanged; 12 charges level=1 Wraith offered; hostile attacked within 2 turns
[GAME] ** There is no room for another minion.
NECROMANCER kit, talents, subclasses, spells, armor, caps, and persistence: PASS
PASS NECROMANCER seed=8 floor=6 save/load=ok
[GAME] ** There is no room for another minion.
TEST 27 PASS: 300 turns unchanged; 12 charges level=1 Wraith offered; hostile attacked within 2 turns
[GAME] ** There is no room for another minion.
NECROMANCER kit, talents, subclasses, spells, armor, caps, and persistence: PASS
PASS NECROMANCER seed=9 floor=6 save/load=ok
TEST 37 PASS: transfer, upgrade, replacement, carrier loss and reattachment
[GAME] @@ Badge unlocked: Novice Researcher (Fill in 40 catalog entries in your journal).
TEST 33 PASS: scroll and stone offers, distinct exclusions, cancel/apply, Artificer, Scrivener and history persistence
ENCHANTER kit, talents, subclasses, inscriptions, armor, and persistence: PASS
PASS V4 ENCHANTER Vault generation/save/load, mirror=SigilBrush, equipment restore, quest completion/shop and six enchantment/curses serialized
TEST 9 PASS: Wand of Bone and Bone Prison terrain blocks movement/bolts, expires and clears on level exit/save/load
[GAME] ** You feel weakened!
[GAME] ** You are crippled!
[GAME] ** You feel weakened!
[GAME] ** You are crippled!
[GAME] ** You can't move!
PASS CONTENT ENCHANTER: curses, healing, three scythes, armor/crown persistence, three wands, Soulfire recipe/immunity, Hourglass charge/upgrade/refund/save, cursed mob/drop, Hexcaster and Chainwarden
PASS ENCHANTER seed=0 floor=6 save/load=ok
TEST 37 PASS: transfer, upgrade, replacement, carrier loss and reattachment
TEST 33 PASS: scroll and stone offers, distinct exclusions, cancel/apply, Artificer, Scrivener and history persistence
ENCHANTER kit, talents, subclasses, inscriptions, armor, and persistence: PASS
PASS ENCHANTER seed=1 floor=6 save/load=ok
TEST 37 PASS: transfer, upgrade, replacement, carrier loss and reattachment
TEST 33 PASS: scroll and stone offers, distinct exclusions, cancel/apply, Artificer, Scrivener and history persistence
ENCHANTER kit, talents, subclasses, inscriptions, armor, and persistence: PASS
PASS ENCHANTER seed=2 floor=6 save/load=ok
TEST 37 PASS: transfer, upgrade, replacement, carrier loss and reattachment
TEST 33 PASS: scroll and stone offers, distinct exclusions, cancel/apply, Artificer, Scrivener and history persistence
ENCHANTER kit, talents, subclasses, inscriptions, armor, and persistence: PASS
PASS ENCHANTER seed=3 floor=6 save/load=ok
TEST 37 PASS: transfer, upgrade, replacement, carrier loss and reattachment
TEST 33 PASS: scroll and stone offers, distinct exclusions, cancel/apply, Artificer, Scrivener and history persistence
ENCHANTER kit, talents, subclasses, inscriptions, armor, and persistence: PASS
PASS ENCHANTER seed=4 floor=6 save/load=ok
TEST 37 PASS: transfer, upgrade, replacement, carrier loss and reattachment
TEST 33 PASS: scroll and stone offers, distinct exclusions, cancel/apply, Artificer, Scrivener and history persistence
ENCHANTER kit, talents, subclasses, inscriptions, armor, and persistence: PASS
PASS ENCHANTER seed=5 floor=6 save/load=ok
TEST 37 PASS: transfer, upgrade, replacement, carrier loss and reattachment
TEST 33 PASS: scroll and stone offers, distinct exclusions, cancel/apply, Artificer, Scrivener and history persistence
ENCHANTER kit, talents, subclasses, inscriptions, armor, and persistence: PASS
PASS ENCHANTER seed=6 floor=6 save/load=ok
TEST 37 PASS: transfer, upgrade, replacement, carrier loss and reattachment
TEST 33 PASS: scroll and stone offers, distinct exclusions, cancel/apply, Artificer, Scrivener and history persistence
ENCHANTER kit, talents, subclasses, inscriptions, armor, and persistence: PASS
PASS ENCHANTER seed=7 floor=6 save/load=ok
TEST 37 PASS: transfer, upgrade, replacement, carrier loss and reattachment
TEST 33 PASS: scroll and stone offers, distinct exclusions, cancel/apply, Artificer, Scrivener and history persistence
ENCHANTER kit, talents, subclasses, inscriptions, armor, and persistence: PASS
PASS ENCHANTER seed=8 floor=6 save/load=ok
TEST 37 PASS: transfer, upgrade, replacement, carrier loss and reattachment
TEST 33 PASS: scroll and stone offers, distinct exclusions, cancel/apply, Artificer, Scrivener and history persistence
ENCHANTER kit, talents, subclasses, inscriptions, armor, and persistence: PASS
PASS ENCHANTER seed=9 floor=6 save/load=ok
PSYCHIC kit, talents, subclasses, Grasp, thrown damage, domination, armor and persistence: PASS; TESTS 11-13 PASS
PASS V4 PSYCHIC Vault generation/save/load, mirror=FocusCrystal, equipment restore, quest completion/shop and six enchantment/curses serialized
TEST 9 PASS: Wand of Bone and Bone Prison terrain blocks movement/bolts, expires and clears on level exit/save/load
[GAME] ** You feel weakened!
[GAME] ** You are crippled!
[GAME] ** You feel weakened!
[GAME] ** You are crippled!
[GAME] ** You can't move!
PASS CONTENT PSYCHIC: curses, healing, three scythes, armor/crown persistence, three wands, Soulfire recipe/immunity, Hourglass charge/upgrade/refund/save, cursed mob/drop, Hexcaster and Chainwarden
PASS PSYCHIC seed=0 floor=6 save/load=ok
PSYCHIC kit, talents, subclasses, Grasp, thrown damage, domination, armor and persistence: PASS; TESTS 11-13 PASS
PASS PSYCHIC seed=1 floor=6 save/load=ok
PSYCHIC kit, talents, subclasses, Grasp, thrown damage, domination, armor and persistence: PASS; TESTS 11-13 PASS
PASS PSYCHIC seed=2 floor=6 save/load=ok

> Task :android:mergeLibDexDebug

> Task :core:smokeRun
PSYCHIC kit, talents, subclasses, Grasp, thrown damage, domination, armor and persistence: PASS; TESTS 11-13 PASS
PASS PSYCHIC seed=3 floor=6 save/load=ok
PSYCHIC kit, talents, subclasses, Grasp, thrown damage, domination, armor and persistence: PASS; TESTS 11-13 PASS
PASS PSYCHIC seed=4 floor=6 save/load=ok
PSYCHIC kit, talents, subclasses, Grasp, thrown damage, domination, armor and persistence: PASS; TESTS 11-13 PASS
PASS PSYCHIC seed=5 floor=6 save/load=ok
PSYCHIC kit, talents, subclasses, Grasp, thrown damage, domination, armor and persistence: PASS; TESTS 11-13 PASS
PASS PSYCHIC seed=6 floor=6 save/load=ok
PSYCHIC kit, talents, subclasses, Grasp, thrown damage, domination, armor and persistence: PASS; TESTS 11-13 PASS
PASS PSYCHIC seed=7 floor=6 save/load=ok
PSYCHIC kit, talents, subclasses, Grasp, thrown damage, domination, armor and persistence: PASS; TESTS 11-13 PASS
PASS PSYCHIC seed=8 floor=6 save/load=ok
PSYCHIC kit, talents, subclasses, Grasp, thrown damage, domination, armor and persistence: PASS; TESTS 11-13 PASS
PASS PSYCHIC seed=9 floor=6 save/load=ok
Runs=90 failures=0

> Task :android:packageDebug
> Task :android:createDebugApkListingFileRedirect
> Task :android:assembleDebug

[Incubating] Problems report is available at: file:///C:/Users/Hartl/Documents/grimhollow/build/reports/problems/problems-report.html

Deprecated Gradle features were used in this build, making it incompatible with Gradle 10.

You can use '--warning-mode all' to show the individual deprecation warnings and determine if they come from your own scripts or plugins.

For more on this, please refer to https://docs.gradle.org/9.5.0/userguide/command_line_interface.html#sec:command_line_warnings in the Gradle documentation.

BUILD SUCCESSFUL in 1m 34s
48 actionable tasks: 21 executed, 27 up-to-date
Consider enabling configuration cache to speed up this build: https://docs.gradle.org/9.5.0/userguide/configuration_cache_enabling.html
To honour the JVM settings for this build a single-use Daemon process will be forked. For more on this, please refer to https://docs.gradle.org/9.5.0/userguide/gradle_daemon.html#sec:disabling_the_daemon in the Gradle documentation.
Daemon will be stopped at the end of the build
> Task :core:processResources NO-SOURCE
> Task :services:compileJava
> Task :services:processResources NO-SOURCE
> Task :services:classes
> Task :services:jar

> Task :SPD-classes:compileJava
Note: C:\Users\Hartl\Documents\grimhollow\.local\fogfix-clean\SPD-classes\src\main\java\com\watabou\noosa\TextInput.java uses or overrides a deprecated API.
Note: Recompile with -Xlint:deprecation for details.
Note: Some input files use unchecked or unsafe operations.
Note: Recompile with -Xlint:unchecked for details.

> Task :SPD-classes:processResources NO-SOURCE
> Task :SPD-classes:classes
> Task :SPD-classes:jar
> Task :desktop:processResources
> Task :core:compileJava
Note: Some input files use unchecked or unsafe operations.
Note: Recompile with -Xlint:unchecked for details.

> Task :core:classes
> Task :core:jar
> Task :desktop:compileJava
> Task :desktop:classes
> Task :desktop:release
> Task :desktop:dist

[Incubating] Problems report is available at: file:///C:/Users/Hartl/Documents/grimhollow/.local/fogfix-clean/build/reports/problems/problems-report.html

Deprecated Gradle features were used in this build, making it incompatible with Gradle 10.

You can use '--warning-mode all' to show the individual deprecation warnings and determine if they come from your own scripts or plugins.

For more on this, please refer to https://docs.gradle.org/9.5.0/userguide/command_line_interface.html#sec:command_line_warnings in the Gradle documentation.

BUILD SUCCESSFUL in 1m 46s
9 actionable tasks: 9 executed
Consider enabling configuration cache to speed up this build: https://docs.gradle.org/9.5.0/userguide/configuration_cache_enabling.html
To honour the JVM settings for this build a single-use Daemon process will be forked. For more on this, please refer to https://docs.gradle.org/9.5.0/userguide/gradle_daemon.html#sec:disabling_the_daemon in the Gradle documentation.
Daemon will be stopped at the end of the build
> Task :core:processResources NO-SOURCE
> Task :core:processTestResources NO-SOURCE
> Task :android:preBuild UP-TO-DATE
> Task :android:preDebugBuild UP-TO-DATE
> Task :android:mergeDebugNativeDebugMetadata NO-SOURCE
> Task :android:generateDebugResources UP-TO-DATE
> Task :SPD-classes:compileJava UP-TO-DATE
> Task :services:compileJava UP-TO-DATE
> Task :services:processResources NO-SOURCE
> Task :SPD-classes:processResources NO-SOURCE
> Task :SPD-classes:classes UP-TO-DATE
> Task :services:classes UP-TO-DATE
> Task :services:jar
> Task :SPD-classes:jar
> Task :android:packageDebugResources UP-TO-DATE
> Task :android:processDebugNavigationResources UP-TO-DATE
> Task :android:parseDebugLocalResources UP-TO-DATE
> Task :android:generateDebugRFile UP-TO-DATE
> Task :android:javaPreCompileDebug UP-TO-DATE
> Task :android:generateDebugAssets UP-TO-DATE
> Task :android:mergeDebugAssets
> Task :android:compressDebugAssets
> Task :android:generateDebugGlobalSynthetics UP-TO-DATE
> Task :desktop:processResources
> Task :android:checkDebugDuplicateClasses UP-TO-DATE
> Task :android:desugarDebugFileDependencies UP-TO-DATE
> Task :android:mergeExtDexDebug UP-TO-DATE
> Task :android:checkDebugAarMetadata UP-TO-DATE
> Task :android:mapDebugSourceSetPaths UP-TO-DATE
> Task :android:compileDebugNavigationResources UP-TO-DATE
> Task :android:mergeDebugResources UP-TO-DATE
> Task :android:createDebugCompatibleScreenManifests
> Task :android:extractDeepLinksDebug UP-TO-DATE
> Task :android:processDebugMainManifest
> Task :android:processDebugManifest
> Task :android:copyAndroidNatives
> Task :android:mergeDebugJniLibFolders UP-TO-DATE
> Task :android:processDebugManifestForPackage
> Task :android:validateSigningDebug UP-TO-DATE
> Task :android:writeDebugAppMetadata UP-TO-DATE
> Task :android:writeDebugSigningConfigVersions UP-TO-DATE
> Task :android:processDebugResources
> Task :core:compileJava
Note: Some input files use unchecked or unsafe operations.
Note: Recompile with -Xlint:unchecked for details.

> Task :core:classes
> Task :desktop:compileJava UP-TO-DATE
> Task :desktop:classes
> Task :core:jar
> Task :android:compileDebugKotlin NO-SOURCE
> Task :core:compileTestJava UP-TO-DATE
> Task :core:testClasses UP-TO-DATE
> Task :android:compileDebugJavaWithJavac UP-TO-DATE
> Task :android:processDebugJavaRes NO-SOURCE
> Task :android:mergeDebugJavaResource
> Task :android:dexBuilderDebug UP-TO-DATE
> Task :android:mergeProjectDexDebug UP-TO-DATE
> Task :android:mergeDebugNativeLibs UP-TO-DATE
> Task :android:stripDebugDebugSymbols UP-TO-DATE
> Task :core:test

> Task :core:smokeRun
PASS V4 WARRIOR Vault generation/save/load, mirror=BrokenSeal, equipment restore, quest completion/shop and six enchantment/curses serialized
TEST 9 PASS: Wand of Bone and Bone Prison terrain blocks movement/bolts, expires and clears on level exit/save/load
[GAME] ** You feel weakened!
[GAME] ** You are crippled!
[GAME] ** You feel weakened!
[GAME] ** You are crippled!
[GAME] ** You can't move!
PASS CONTENT WARRIOR: curses, healing, three scythes, armor/crown persistence, three wands, Soulfire recipe/immunity, Hourglass charge/upgrade/refund/save, cursed mob/drop, Hexcaster and Chainwarden
PASS WARRIOR seed=0 floor=6 save/load=ok
PASS WARRIOR seed=1 floor=6 save/load=ok
PASS WARRIOR seed=2 floor=6 save/load=ok
PASS WARRIOR seed=3 floor=6 save/load=ok
PASS WARRIOR seed=4 floor=6 save/load=ok
PASS WARRIOR seed=5 floor=6 save/load=ok
PASS WARRIOR seed=6 floor=6 save/load=ok
PASS WARRIOR seed=7 floor=6 save/load=ok
PASS WARRIOR seed=8 floor=6 save/load=ok
PASS WARRIOR seed=9 floor=6 save/load=ok
PASS V4 MAGE Vault generation/save/load, mirror=MagesStaff, equipment restore, quest completion/shop and six enchantment/curses serialized
TEST 9 PASS: Wand of Bone and Bone Prison terrain blocks movement/bolts, expires and clears on level exit/save/load
[GAME] ** You feel weakened!
[GAME] ** You are crippled!
[GAME] ** You feel weakened!
[GAME] ** You are crippled!
[GAME] ** You can't move!
PASS CONTENT MAGE: curses, healing, three scythes, armor/crown persistence, three wands, Soulfire recipe/immunity, Hourglass charge/upgrade/refund/save, cursed mob/drop, Hexcaster and Chainwarden
PASS MAGE seed=0 floor=6 save/load=ok
PASS MAGE seed=1 floor=6 save/load=ok
PASS MAGE seed=2 floor=6 save/load=ok
PASS MAGE seed=3 floor=6 save/load=ok
PASS MAGE seed=4 floor=6 save/load=ok
PASS MAGE seed=5 floor=6 save/load=ok
PASS MAGE seed=6 floor=6 save/load=ok
PASS MAGE seed=7 floor=6 save/load=ok
PASS MAGE seed=8 floor=6 save/load=ok
PASS MAGE seed=9 floor=6 save/load=ok
PASS V4 ROGUE Vault generation/save/load, mirror=CloakOfShadows, equipment restore, quest completion/shop and six enchantment/curses serialized
TEST 9 PASS: Wand of Bone and Bone Prison terrain blocks movement/bolts, expires and clears on level exit/save/load
[GAME] ** You feel weakened!
[GAME] ** You are crippled!
[GAME] ** You feel weakened!
[GAME] ** You are crippled!
[GAME] ** You can't move!
PASS CONTENT ROGUE: curses, healing, three scythes, armor/crown persistence, three wands, Soulfire recipe/immunity, Hourglass charge/upgrade/refund/save, cursed mob/drop, Hexcaster and Chainwarden
PASS ROGUE seed=0 floor=6 save/load=ok
PASS ROGUE seed=1 floor=6 save/load=ok
PASS ROGUE seed=2 floor=6 save/load=ok
PASS ROGUE seed=3 floor=6 save/load=ok
PASS ROGUE seed=4 floor=6 save/load=ok
PASS ROGUE seed=5 floor=6 save/load=ok
PASS ROGUE seed=6 floor=6 save/load=ok
PASS ROGUE seed=7 floor=6 save/load=ok
PASS ROGUE seed=8 floor=6 save/load=ok
PASS ROGUE seed=9 floor=6 save/load=ok
PASS V4 HUNTRESS Vault generation/save/load, mirror=SpiritBow, equipment restore, quest completion/shop and six enchantment/curses serialized
TEST 9 PASS: Wand of Bone and Bone Prison terrain blocks movement/bolts, expires and clears on level exit/save/load

> Task :desktop:release
> Task :desktop:dist

> Task :core:smokeRun
[GAME] ** You feel weakened!
[GAME] ** You are crippled!
[GAME] ** You feel weakened!
[GAME] ** You are crippled!
[GAME] ** You can't move!
PASS CONTENT HUNTRESS: curses, healing, three scythes, armor/crown persistence, three wands, Soulfire recipe/immunity, Hourglass charge/upgrade/refund/save, cursed mob/drop, Hexcaster and Chainwarden
PASS HUNTRESS seed=0 floor=6 save/load=ok
PASS HUNTRESS seed=1 floor=6 save/load=ok
PASS HUNTRESS seed=2 floor=6 save/load=ok
PASS HUNTRESS seed=3 floor=6 save/load=ok
PASS HUNTRESS seed=4 floor=6 save/load=ok
PASS HUNTRESS seed=5 floor=6 save/load=ok
PASS HUNTRESS seed=6 floor=6 save/load=ok
PASS HUNTRESS seed=7 floor=6 save/load=ok
PASS HUNTRESS seed=8 floor=6 save/load=ok
PASS HUNTRESS seed=9 floor=6 save/load=ok
PASS V4 DUELIST Vault generation/save/load, mirror=MirrorSword, equipment restore, quest completion/shop and six enchantment/curses serialized
TEST 9 PASS: Wand of Bone and Bone Prison terrain blocks movement/bolts, expires and clears on level exit/save/load
[GAME] ** You feel weakened!
[GAME] ** You are crippled!
[GAME] ** You feel weakened!
[GAME] ** You are crippled!
[GAME] ** You can't move!
PASS CONTENT DUELIST: curses, healing, three scythes, armor/crown persistence, three wands, Soulfire recipe/immunity, Hourglass charge/upgrade/refund/save, cursed mob/drop, Hexcaster and Chainwarden
PASS DUELIST seed=0 floor=6 save/load=ok
PASS DUELIST seed=1 floor=6 save/load=ok
PASS DUELIST seed=2 floor=6 save/load=ok
PASS DUELIST seed=3 floor=6 save/load=ok
PASS DUELIST seed=4 floor=6 save/load=ok
PASS DUELIST seed=5 floor=6 save/load=ok
PASS DUELIST seed=6 floor=6 save/load=ok
PASS DUELIST seed=7 floor=6 save/load=ok
PASS DUELIST seed=8 floor=6 save/load=ok
PASS DUELIST seed=9 floor=6 save/load=ok
PASS V4 CLERIC Vault generation/save/load, mirror=HolyTome, equipment restore, quest completion/shop and six enchantment/curses serialized
TEST 9 PASS: Wand of Bone and Bone Prison terrain blocks movement/bolts, expires and clears on level exit/save/load
[GAME] ** You feel weakened!
[GAME] ** You are crippled!
[GAME] ** You feel weakened!
[GAME] ** You are crippled!
[GAME] ** You can't move!
PASS CONTENT CLERIC: curses, healing, three scythes, armor/crown persistence, three wands, Soulfire recipe/immunity, Hourglass charge/upgrade/refund/save, cursed mob/drop, Hexcaster and Chainwarden
PASS CLERIC seed=0 floor=6 save/load=ok
PASS CLERIC seed=1 floor=6 save/load=ok
PASS CLERIC seed=2 floor=6 save/load=ok
PASS CLERIC seed=3 floor=6 save/load=ok
PASS CLERIC seed=4 floor=6 save/load=ok
PASS CLERIC seed=5 floor=6 save/load=ok
PASS CLERIC seed=6 floor=6 save/load=ok
PASS CLERIC seed=7 floor=6 save/load=ok
PASS CLERIC seed=8 floor=6 save/load=ok
PASS CLERIC seed=9 floor=6 save/load=ok
[GAME] ** There is no room for another minion.
TEST 27 PASS: 300 turns unchanged; 12 charges level=1 Wraith offered; hostile attacked within 2 turns
[GAME] ** There is no room for another minion.
NECROMANCER kit, talents, subclasses, spells, armor, caps, and persistence: PASS
PASS V4 NECROMANCER Vault generation/save/load, mirror=Phylactery, equipment restore, quest completion/shop and six enchantment/curses serialized
TEST 9 PASS: Wand of Bone and Bone Prison terrain blocks movement/bolts, expires and clears on level exit/save/load
[GAME] ** You feel weakened!
[GAME] ** You are crippled!
[GAME] ** You feel weakened!
[GAME] ** You are crippled!
[GAME] ** You can't move!
PASS CONTENT NECROMANCER: curses, healing, three scythes, armor/crown persistence, three wands, Soulfire recipe/immunity, Hourglass charge/upgrade/refund/save, cursed mob/drop, Hexcaster and Chainwarden
PASS NECROMANCER seed=0 floor=6 save/load=ok
[GAME] ** There is no room for another minion.
TEST 27 PASS: 300 turns unchanged; 12 charges level=1 Wraith offered; hostile attacked within 2 turns
[GAME] ** There is no room for another minion.
NECROMANCER kit, talents, subclasses, spells, armor, caps, and persistence: PASS
PASS NECROMANCER seed=1 floor=6 save/load=ok
[GAME] ** There is no room for another minion.
TEST 27 PASS: 300 turns unchanged; 12 charges level=1 Wraith offered; hostile attacked within 2 turns
[GAME] ** There is no room for another minion.
NECROMANCER kit, talents, subclasses, spells, armor, caps, and persistence: PASS
PASS NECROMANCER seed=2 floor=6 save/load=ok
[GAME] ** There is no room for another minion.
TEST 27 PASS: 300 turns unchanged; 12 charges level=1 Wraith offered; hostile attacked within 2 turns
[GAME] ** There is no room for another minion.
NECROMANCER kit, talents, subclasses, spells, armor, caps, and persistence: PASS
PASS NECROMANCER seed=3 floor=6 save/load=ok
[GAME] ** There is no room for another minion.
TEST 27 PASS: 300 turns unchanged; 12 charges level=1 Wraith offered; hostile attacked within 2 turns
[GAME] ** There is no room for another minion.
NECROMANCER kit, talents, subclasses, spells, armor, caps, and persistence: PASS
PASS NECROMANCER seed=4 floor=6 save/load=ok
[GAME] ** There is no room for another minion.
TEST 27 PASS: 300 turns unchanged; 12 charges level=1 Wraith offered; hostile attacked within 2 turns
[GAME] ** There is no room for another minion.
NECROMANCER kit, talents, subclasses, spells, armor, caps, and persistence: PASS
PASS NECROMANCER seed=5 floor=6 save/load=ok
[GAME] ** There is no room for another minion.
TEST 27 PASS: 300 turns unchanged; 12 charges level=1 Wraith offered; hostile attacked within 2 turns
[GAME] ** There is no room for another minion.
NECROMANCER kit, talents, subclasses, spells, armor, caps, and persistence: PASS
PASS NECROMANCER seed=6 floor=6 save/load=ok
[GAME] ** There is no room for another minion.
TEST 27 PASS: 300 turns unchanged; 12 charges level=1 Wraith offered; hostile attacked within 2 turns
[GAME] ** There is no room for another minion.
NECROMANCER kit, talents, subclasses, spells, armor, caps, and persistence: PASS
PASS NECROMANCER seed=7 floor=6 save/load=ok
[GAME] ** There is no room for another minion.
TEST 27 PASS: 300 turns unchanged; 12 charges level=1 Wraith offered; hostile attacked within 2 turns
[GAME] ** There is no room for another minion.
NECROMANCER kit, talents, subclasses, spells, armor, caps, and persistence: PASS
PASS NECROMANCER seed=8 floor=6 save/load=ok
[GAME] ** There is no room for another minion.
TEST 27 PASS: 300 turns unchanged; 12 charges level=1 Wraith offered; hostile attacked within 2 turns
[GAME] ** There is no room for another minion.
NECROMANCER kit, talents, subclasses, spells, armor, caps, and persistence: PASS
PASS NECROMANCER seed=9 floor=6 save/load=ok
TEST 37 PASS: transfer, upgrade, replacement, carrier loss and reattachment
[GAME] @@ Badge unlocked: Novice Researcher (Fill in 40 catalog entries in your journal).
TEST 33 PASS: scroll and stone offers, distinct exclusions, cancel/apply, Artificer, Scrivener and history persistence
ENCHANTER kit, talents, subclasses, inscriptions, armor, and persistence: PASS
PASS V4 ENCHANTER Vault generation/save/load, mirror=SigilBrush, equipment restore, quest completion/shop and six enchantment/curses serialized
TEST 9 PASS: Wand of Bone and Bone Prison terrain blocks movement/bolts, expires and clears on level exit/save/load
[GAME] ** You feel weakened!
[GAME] ** You are crippled!
[GAME] ** You feel weakened!
[GAME] ** You are crippled!
[GAME] ** You can't move!
PASS CONTENT ENCHANTER: curses, healing, three scythes, armor/crown persistence, three wands, Soulfire recipe/immunity, Hourglass charge/upgrade/refund/save, cursed mob/drop, Hexcaster and Chainwarden
PASS ENCHANTER seed=0 floor=6 save/load=ok
TEST 37 PASS: transfer, upgrade, replacement, carrier loss and reattachment
TEST 33 PASS: scroll and stone offers, distinct exclusions, cancel/apply, Artificer, Scrivener and history persistence
ENCHANTER kit, talents, subclasses, inscriptions, armor, and persistence: PASS
PASS ENCHANTER seed=1 floor=6 save/load=ok
TEST 37 PASS: transfer, upgrade, replacement, carrier loss and reattachment
TEST 33 PASS: scroll and stone offers, distinct exclusions, cancel/apply, Artificer, Scrivener and history persistence
ENCHANTER kit, talents, subclasses, inscriptions, armor, and persistence: PASS
PASS ENCHANTER seed=2 floor=6 save/load=ok
TEST 37 PASS: transfer, upgrade, replacement, carrier loss and reattachment
TEST 33 PASS: scroll and stone offers, distinct exclusions, cancel/apply, Artificer, Scrivener and history persistence
ENCHANTER kit, talents, subclasses, inscriptions, armor, and persistence: PASS
PASS ENCHANTER seed=3 floor=6 save/load=ok
TEST 37 PASS: transfer, upgrade, replacement, carrier loss and reattachment
TEST 33 PASS: scroll and stone offers, distinct exclusions, cancel/apply, Artificer, Scrivener and history persistence
ENCHANTER kit, talents, subclasses, inscriptions, armor, and persistence: PASS
PASS ENCHANTER seed=4 floor=6 save/load=ok
TEST 37 PASS: transfer, upgrade, replacement, carrier loss and reattachment
TEST 33 PASS: scroll and stone offers, distinct exclusions, cancel/apply, Artificer, Scrivener and history persistence
ENCHANTER kit, talents, subclasses, inscriptions, armor, and persistence: PASS
PASS ENCHANTER seed=5 floor=6 save/load=ok
TEST 37 PASS: transfer, upgrade, replacement, carrier loss and reattachment
TEST 33 PASS: scroll and stone offers, distinct exclusions, cancel/apply, Artificer, Scrivener and history persistence
ENCHANTER kit, talents, subclasses, inscriptions, armor, and persistence: PASS
PASS ENCHANTER seed=6 floor=6 save/load=ok
TEST 37 PASS: transfer, upgrade, replacement, carrier loss and reattachment
TEST 33 PASS: scroll and stone offers, distinct exclusions, cancel/apply, Artificer, Scrivener and history persistence
ENCHANTER kit, talents, subclasses, inscriptions, armor, and persistence: PASS
PASS ENCHANTER seed=7 floor=6 save/load=ok
TEST 37 PASS: transfer, upgrade, replacement, carrier loss and reattachment
TEST 33 PASS: scroll and stone offers, distinct exclusions, cancel/apply, Artificer, Scrivener and history persistence
ENCHANTER kit, talents, subclasses, inscriptions, armor, and persistence: PASS
PASS ENCHANTER seed=8 floor=6 save/load=ok
TEST 37 PASS: transfer, upgrade, replacement, carrier loss and reattachment
TEST 33 PASS: scroll and stone offers, distinct exclusions, cancel/apply, Artificer, Scrivener and history persistence
ENCHANTER kit, talents, subclasses, inscriptions, armor, and persistence: PASS
PASS ENCHANTER seed=9 floor=6 save/load=ok
PSYCHIC kit, talents, subclasses, Grasp, thrown damage, domination, armor and persistence: PASS; TESTS 11-13 PASS
PASS V4 PSYCHIC Vault generation/save/load, mirror=FocusCrystal, equipment restore, quest completion/shop and six enchantment/curses serialized
TEST 9 PASS: Wand of Bone and Bone Prison terrain blocks movement/bolts, expires and clears on level exit/save/load
[GAME] ** You feel weakened!
[GAME] ** You are crippled!
[GAME] ** You feel weakened!
[GAME] ** You are crippled!
[GAME] ** You can't move!
PASS CONTENT PSYCHIC: curses, healing, three scythes, armor/crown persistence, three wands, Soulfire recipe/immunity, Hourglass charge/upgrade/refund/save, cursed mob/drop, Hexcaster and Chainwarden
PASS PSYCHIC seed=0 floor=6 save/load=ok
PSYCHIC kit, talents, subclasses, Grasp, thrown damage, domination, armor and persistence: PASS; TESTS 11-13 PASS
PASS PSYCHIC seed=1 floor=6 save/load=ok
PSYCHIC kit, talents, subclasses, Grasp, thrown damage, domination, armor and persistence: PASS; TESTS 11-13 PASS
PASS PSYCHIC seed=2 floor=6 save/load=ok
PSYCHIC kit, talents, subclasses, Grasp, thrown damage, domination, armor and persistence: PASS; TESTS 11-13 PASS
PASS PSYCHIC seed=3 floor=6 save/load=ok
PSYCHIC kit, talents, subclasses, Grasp, thrown damage, domination, armor and persistence: PASS; TESTS 11-13 PASS
PASS PSYCHIC seed=4 floor=6 save/load=ok
PSYCHIC kit, talents, subclasses, Grasp, thrown damage, domination, armor and persistence: PASS; TESTS 11-13 PASS
PASS PSYCHIC seed=5 floor=6 save/load=ok
PSYCHIC kit, talents, subclasses, Grasp, thrown damage, domination, armor and persistence: PASS; TESTS 11-13 PASS
PASS PSYCHIC seed=6 floor=6 save/load=ok
PSYCHIC kit, talents, subclasses, Grasp, thrown damage, domination, armor and persistence: PASS; TESTS 11-13 PASS

> Task :android:mergeLibDexDebug

> Task :core:smokeRun
PASS PSYCHIC seed=7 floor=6 save/load=ok
PSYCHIC kit, talents, subclasses, Grasp, thrown damage, domination, armor and persistence: PASS; TESTS 11-13 PASS
PASS PSYCHIC seed=8 floor=6 save/load=ok
PSYCHIC kit, talents, subclasses, Grasp, thrown damage, domination, armor and persistence: PASS; TESTS 11-13 PASS
PASS PSYCHIC seed=9 floor=6 save/load=ok
Runs=90 failures=0

> Task :android:packageDebug
> Task :android:createDebugApkListingFileRedirect
> Task :android:assembleDebug

[Incubating] Problems report is available at: file:///C:/Users/Hartl/Documents/grimhollow/build/reports/problems/problems-report.html

Deprecated Gradle features were used in this build, making it incompatible with Gradle 10.

You can use '--warning-mode all' to show the individual deprecation warnings and determine if they come from your own scripts or plugins.

For more on this, please refer to https://docs.gradle.org/9.5.0/userguide/command_line_interface.html#sec:command_line_warnings in the Gradle documentation.

BUILD SUCCESSFUL in 1m 54s
48 actionable tasks: 20 executed, 28 up-to-date
Consider enabling configuration cache to speed up this build: https://docs.gradle.org/9.5.0/userguide/configuration_cache_enabling.html
PREFERENCES_PATH=C:\Users\Hartl\AppData\Roaming\.grimhollow\Grimhollow
[Controllers] added manager for application, 1 managers active
RENDERED=TitleScene SCREENSHOT=.local/acceptance/title.png
TEST 46 runtime: title controls=5 credits handlers=4 repository URLs=4 external opens=0 scene fetches=0 failures=0
RECOVERY generated region=0 seed=417 room=[5, 8, 10, 15] fixed-path steps=100 terrainEdits=0
[GAME] @@ You descend to floor 1 of the dungeon.
[GAME] ++ Use the mouse, WASD, or arrow keys to move and interact.
TEST 47: region=0 phase=start zooms=3 pans=4 cameras=12 everyCell=1152 hiddenPixels=15869952 visiblePixels=645120 fogTexel/cell=1:1 worldUnits=16 lightQuad=aligned failures=0
TEST 47: region=0 phase=after-walk-and-doors zooms=3 pans=4 cameras=12 everyCell=1152 hiddenPixels=12500992 visiblePixels=645120 fogTexel/cell=1:1 worldUnits=16 lightQuad=aligned failures=0
TEST 47: region=0 doorTransitionFrames=153 failures=0
TEST 43: region=0 steps=100 remembered={chasm=1263, door=349, floor=3091, grass=317, water=1571} fogPixels=604 unseenBlackPixels=885 turns=23 doors=8 failures=0
TEST 24: heroes=9 mob sprites=114 failures=0
TEST 25 semantics: all 381 named item IDs + 60 icons, Waterskin=480, MindVision=eye@98 (ID 82), section9 items=11, class items=10
TEST 25: items=381 identification icons=60 failures=1
TEST 26: three stains and floor/chasm/water/trap placement failures=0
TEST 36: nine splashes, descriptions, portraits, all talents and ItemSlots failures=0
TEST 34: old/future version, portrait exception and deletion failures=0
TEST 35 RETIRED � superseded by recovery test 46 handler/network checks
FAIL 25 ARTIFACT_SANDALS height/tile=0.4375 logical=9.846154x9.846153 opaque=26 frame=com.watabou.utils.RectF@32c0915e scale=com.watabou.utils.PointF@106faf11
com.badlogic.gdx.utils.GdxRuntimeException: java.lang.AssertionError: Rendering acceptance failures=1
	at com.badlogic.gdx.backends.lwjgl3.Lwjgl3Application.<init>(Lwjgl3Application.java:159)
	at com.shatteredpixel.shatteredpixeldungeon.desktop.DesktopLauncher.main(DesktopLauncher.java:193)
Caused by: java.lang.AssertionError: Rendering acceptance failures=1
	at com.shatteredpixel.shatteredpixeldungeon.desktop.DesktopSmokeProbe.geometryTests(DesktopSmokeProbe.java:398)
	at com.shatteredpixel.shatteredpixeldungeon.desktop.DesktopSmokeProbe.render(DesktopSmokeProbe.java:62)
	at com.badlogic.gdx.backends.lwjgl3.Lwjgl3Window.update(Lwjgl3Window.java:435)
	at com.badlogic.gdx.backends.lwjgl3.Lwjgl3Application.loop(Lwjgl3Application.java:181)
	at com.badlogic.gdx.backends.lwjgl3.Lwjgl3Application.<init>(Lwjgl3Application.java:153)
	... 1 more
To honour the JVM settings for this build a single-use Daemon process will be forked. For more on this, please refer to https://docs.gradle.org/9.5.0/userguide/gradle_daemon.html#sec:disabling_the_daemon in the Gradle documentation.
Daemon will be stopped at the end of the build
> Task :core:processResources NO-SOURCE
> Task :android:preBuild UP-TO-DATE
> Task :android:preDebugBuild UP-TO-DATE
> Task :android:mergeDebugNativeDebugMetadata NO-SOURCE
> Task :android:generateDebugResources UP-TO-DATE
> Task :services:compileJava UP-TO-DATE
> Task :SPD-classes:compileJava UP-TO-DATE
> Task :services:processResources NO-SOURCE
> Task :SPD-classes:processResources NO-SOURCE
> Task :services:classes UP-TO-DATE
> Task :SPD-classes:classes UP-TO-DATE
> Task :services:jar UP-TO-DATE
> Task :SPD-classes:jar UP-TO-DATE
> Task :android:packageDebugResources UP-TO-DATE
> Task :android:processDebugNavigationResources UP-TO-DATE
> Task :android:parseDebugLocalResources UP-TO-DATE
> Task :android:generateDebugRFile UP-TO-DATE
> Task :android:javaPreCompileDebug UP-TO-DATE
> Task :android:generateDebugAssets UP-TO-DATE
> Task :core:compileJava UP-TO-DATE
> Task :core:classes UP-TO-DATE
> Task :core:jar UP-TO-DATE
> Task :android:mergeDebugAssets
> Task :android:compileDebugKotlin NO-SOURCE
> Task :android:compileDebugJavaWithJavac UP-TO-DATE
> Task :android:generateDebugGlobalSynthetics UP-TO-DATE
> Task :android:processDebugJavaRes NO-SOURCE
> Task :android:mergeDebugJavaResource UP-TO-DATE
> Task :android:compressDebugAssets
> Task :android:checkDebugDuplicateClasses UP-TO-DATE
> Task :android:desugarDebugFileDependencies UP-TO-DATE
> Task :android:mergeExtDexDebug UP-TO-DATE
> Task :android:mergeLibDexDebug UP-TO-DATE
> Task :android:checkDebugAarMetadata UP-TO-DATE
> Task :android:mapDebugSourceSetPaths UP-TO-DATE
> Task :android:compileDebugNavigationResources UP-TO-DATE
> Task :android:mergeDebugResources UP-TO-DATE
> Task :android:createDebugCompatibleScreenManifests UP-TO-DATE
> Task :android:extractDeepLinksDebug UP-TO-DATE
> Task :android:processDebugMainManifest UP-TO-DATE
> Task :android:processDebugManifest UP-TO-DATE
> Task :android:processDebugManifestForPackage UP-TO-DATE
> Task :android:processDebugResources UP-TO-DATE
> Task :android:dexBuilderDebug UP-TO-DATE
> Task :android:mergeProjectDexDebug UP-TO-DATE
> Task :android:copyAndroidNatives
> Task :android:mergeDebugJniLibFolders UP-TO-DATE
> Task :android:mergeDebugNativeLibs UP-TO-DATE
> Task :android:stripDebugDebugSymbols UP-TO-DATE
> Task :android:validateSigningDebug UP-TO-DATE
> Task :android:writeDebugAppMetadata UP-TO-DATE
> Task :android:writeDebugSigningConfigVersions UP-TO-DATE
> Task :android:packageDebug
> Task :android:createDebugApkListingFileRedirect UP-TO-DATE
> Task :android:assembleDebug
> Task :desktop:processResources
> Task :desktop:compileJava UP-TO-DATE
> Task :desktop:classes
> Task :desktop:release
> Task :desktop:dist

[Incubating] Problems report is available at: file:///C:/Users/Hartl/Documents/grimhollow/build/reports/problems/problems-report.html

Deprecated Gradle features were used in this build, making it incompatible with Gradle 10.

You can use '--warning-mode all' to show the individual deprecation warnings and determine if they come from your own scripts or plugins.

For more on this, please refer to https://docs.gradle.org/9.5.0/userguide/command_line_interface.html#sec:command_line_warnings in the Gradle documentation.

BUILD SUCCESSFUL in 25s
45 actionable tasks: 6 executed, 39 up-to-date
Consider enabling configuration cache to speed up this build: https://docs.gradle.org/9.5.0/userguide/configuration_cache_enabling.html
PREFERENCES_PATH=C:\Users\Hartl\AppData\Roaming\.grimhollow\Grimhollow
[Controllers] added manager for application, 1 managers active
RENDERED=TitleScene SCREENSHOT=.local/acceptance/title.png
TEST 46 runtime: title controls=5 credits handlers=4 repository URLs=4 external opens=0 scene fetches=0 failures=0
RECOVERY generated region=0 seed=417 room=[5, 8, 10, 15] fixed-path steps=100 terrainEdits=0
[GAME] @@ You descend to floor 1 of the dungeon.
[GAME] ++ Use the mouse, WASD, or arrow keys to move and interact.
TEST 47: region=0 phase=start zooms=3 pans=4 cameras=12 everyCell=1152 hiddenPixels=15869952 visiblePixels=645120 fogTexel/cell=1:1 worldUnits=16 lightQuad=aligned failures=0
TEST 47: region=0 phase=after-walk-and-doors zooms=3 pans=4 cameras=12 everyCell=1152 hiddenPixels=12500992 visiblePixels=645120 fogTexel/cell=1:1 worldUnits=16 lightQuad=aligned failures=0
TEST 47: region=0 doorTransitionFrames=149 failures=0
TEST 43: region=0 steps=100 remembered={chasm=1263, door=349, floor=3091, grass=317, water=1571} fogPixels=604 unseenBlackPixels=885 turns=23 doors=8 failures=0
TEST 24: heroes=9 mob sprites=114 failures=0
TEST 25 semantics: all 381 named item IDs + 60 icons, Waterskin=480, MindVision=eye@98 (ID 82), section9 items=11, class items=10
TEST 25: items=381 identification icons=60 failures=0
TEST 26: three stains and floor/chasm/water/trap placement failures=0
TEST 36: nine splashes, descriptions, portraits, all talents and ItemSlots failures=0
TEST 34: old/future version, portrait exception and deletion failures=0
TEST 35 RETIRED � superseded by recovery test 46 handler/network checks
TESTS 24-26, 34, 36 PASS; test 35 retired by recovery
TEST 32: three scorch sizes, actual floor fire expiration, water/chasm rejection failures=0
TEST 31: off pixel differences=0; 40 gas + 10 fire cells, 240 GPU-completed frames mean=0.7303ms p95=0.8809ms failures=0
[Controllers] removed manager for application, 0 managers active
PREFERENCES_PATH=C:\Users\Hartl\AppData\Roaming\.grimhollow\Grimhollow
[Controllers] added manager for application, 1 managers active
RENDERED=TitleScene SCREENSHOT=.local/acceptance/title.png
RECOVERY generated region=1 seed=417 room=[29, 25, 37, 32] fixed-path steps=202 terrainEdits=0
[GAME] @@ You descend to floor 6 of the dungeon.
[GAME] ++ Use the mouse, WASD, or arrow keys to move and interact.
TEST 47: region=1 phase=start zooms=3 pans=4 cameras=12 everyCell=1681 hiddenPixels=23066624 visiblePixels=1032192 fogTexel/cell=1:1 worldUnits=16 lightQuad=aligned failures=0
[GAME] ** You catch fire!
TEST 47: region=1 phase=after-walk-and-doors zooms=3 pans=4 cameras=12 everyCell=1681 hiddenPixels=16228352 visiblePixels=1032192 fogTexel/cell=1:1 worldUnits=16 lightQuad=aligned failures=0
TEST 47: region=1 doorTransitionFrames=299 failures=0
TEST 43: region=1 steps=202 remembered={chasm=565, door=1415, floor=27380, grass=2473, water=8230} fogPixels=1619 unseenBlackPixels=1608 turns=56 doors=16 failures=0
[Controllers] removed manager for application, 0 managers active
PREFERENCES_PATH=C:\Users\Hartl\AppData\Roaming\.grimhollow\Grimhollow
[Controllers] added manager for application, 1 managers active
RENDERED=TitleScene SCREENSHOT=.local/acceptance/title.png
RECOVERY generated region=2 seed=417 room=[23, 5, 30, 14] fixed-path steps=200 terrainEdits=0
[GAME] @@ You descend to floor 11 of the dungeon.
[GAME] ++ Use the mouse, WASD, or arrow keys to move and interact.
TEST 47: region=2 phase=start zooms=3 pans=4 cameras=12 everyCell=2067 hiddenPixels=28528640 visiblePixels=1103872 fogTexel/cell=1:1 worldUnits=16 lightQuad=aligned failures=0
TEST 47: region=2 phase=after-walk-and-doors zooms=3 pans=4 cameras=12 everyCell=2067 hiddenPixels=25145344 visiblePixels=1103872 fogTexel/cell=1:1 worldUnits=16 lightQuad=aligned failures=0
TEST 47: region=2 doorTransitionFrames=430 failures=0
TEST 43: region=2 steps=200 remembered={chasm=5742, door=694, floor=16771, grass=477, water=3379} fogPixels=1912 unseenBlackPixels=1963 turns=85 doors=23 failures=0
[Controllers] removed manager for application, 0 managers active
PREFERENCES_PATH=C:\Users\Hartl\AppData\Roaming\.grimhollow\Grimhollow
[Controllers] added manager for application, 1 managers active
RENDERED=TitleScene SCREENSHOT=.local/acceptance/title.png
RECOVERY generated region=3 seed=417 room=[16, 23, 23, 30] fixed-path steps=172 terrainEdits=0
[GAME] @@ You descend to floor 16 of the dungeon.
[GAME] ++ Use the mouse, WASD, or arrow keys to move and interact.
TEST 47: region=3 phase=start zooms=3 pans=4 cameras=12 everyCell=1722 hiddenPixels=23769088 visiblePixels=917504 fogTexel/cell=1:1 worldUnits=16 lightQuad=aligned failures=0
TEST 47: region=3 phase=after-walk-and-doors zooms=3 pans=4 cameras=12 everyCell=1722 hiddenPixels=18049024 visiblePixels=917504 fogTexel/cell=1:1 worldUnits=16 lightQuad=aligned failures=0
TEST 47: region=3 doorTransitionFrames=335 failures=0
TEST 43: region=3 steps=172 remembered={chasm=1929, door=1212, floor=12206, grass=715, water=5082} fogPixels=1369 unseenBlackPixels=1920 turns=54 doors=18 failures=0
[Controllers] removed manager for application, 0 managers active
PREFERENCES_PATH=C:\Users\Hartl\AppData\Roaming\.grimhollow\Grimhollow
[Controllers] added manager for application, 1 managers active
RENDERED=TitleScene SCREENSHOT=.local/acceptance/title.png
RECOVERY generated region=4 seed=417 room=[24, 17, 32, 25] fixed-path steps=114 terrainEdits=0
[GAME] @@ You descend to floor 21 of the dungeon.
[GAME] -- You feel that there's a source of demonic energy above you...
[GAME] ** Your steps echo across the dungeon.
[GAME] ++ Use the mouse, WASD, or arrow keys to move and interact.
TEST 47: region=4 phase=start zooms=3 pans=4 cameras=12 everyCell=1925 hiddenPixels=26851328 visiblePixels=745472 fogTexel/cell=1:1 worldUnits=16 lightQuad=aligned failures=0
TEST 47: region=4 phase=after-walk-and-doors zooms=3 pans=4 cameras=12 everyCell=1925 hiddenPixels=22306816 visiblePixels=745472 fogTexel/cell=1:1 worldUnits=16 lightQuad=aligned failures=0
TEST 47: region=4 doorTransitionFrames=186 failures=0
TEST 43: region=4 steps=114 remembered={chasm=7238, door=250, floor=4823, grass=1571, water=2529} fogPixels=1006 unseenBlackPixels=3247 turns=36 doors=10 failures=0
[Controllers] removed manager for application, 0 managers active

TEST 46 compiled handlers: classes=2876 guarded browser sinks=1 HTTP/socket calls=0 failures=0
Packaged asset byte comparison: assets=482; JAR and APK match; failures=0
TEST 45: region=sewers types=6 pairs=15 failures=7
TEST 45: region=prison types=5 pairs=10 failures=2
TEST 45: region=caves types=7 pairs=21 failures=10
TEST 45: region=city types=6 pairs=15 failures=1
TEST 45: region=halls types=6 pairs=15 failures=10
To honour the JVM settings for this build a single-use Daemon process will be forked. For more on this, please refer to https://docs.gradle.org/9.5.0/userguide/gradle_daemon.html#sec:disabling_the_daemon in the Gradle documentation.
Daemon will be stopped at the end of the build
> Task :core:processResources NO-SOURCE
> Task :core:processTestResources NO-SOURCE
> Task :android:preBuild UP-TO-DATE
> Task :android:preDebugBuild UP-TO-DATE
> Task :android:mergeDebugNativeDebugMetadata NO-SOURCE
> Task :android:generateDebugResources UP-TO-DATE
> Task :SPD-classes:compileJava UP-TO-DATE
> Task :services:compileJava UP-TO-DATE
> Task :services:processResources NO-SOURCE
> Task :SPD-classes:processResources NO-SOURCE
> Task :services:classes UP-TO-DATE
> Task :SPD-classes:classes UP-TO-DATE
> Task :SPD-classes:jar UP-TO-DATE
> Task :services:jar UP-TO-DATE
> Task :android:packageDebugResources UP-TO-DATE
> Task :android:processDebugNavigationResources UP-TO-DATE
> Task :android:parseDebugLocalResources UP-TO-DATE
> Task :android:generateDebugRFile UP-TO-DATE
> Task :android:javaPreCompileDebug UP-TO-DATE
> Task :android:generateDebugAssets UP-TO-DATE
> Task :core:compileJava UP-TO-DATE
> Task :core:classes UP-TO-DATE
> Task :core:jar UP-TO-DATE
> Task :core:compileTestJava UP-TO-DATE
> Task :core:testClasses UP-TO-DATE
> Task :android:mergeDebugAssets
> Task :core:test UP-TO-DATE
> Task :android:compileDebugKotlin NO-SOURCE
> Task :android:compileDebugJavaWithJavac UP-TO-DATE
> Task :android:generateDebugGlobalSynthetics UP-TO-DATE
> Task :android:processDebugJavaRes NO-SOURCE
> Task :android:mergeDebugJavaResource UP-TO-DATE
> Task :android:checkDebugDuplicateClasses UP-TO-DATE
> Task :android:desugarDebugFileDependencies UP-TO-DATE
> Task :android:compressDebugAssets
> Task :android:mergeExtDexDebug UP-TO-DATE
> Task :android:mergeLibDexDebug UP-TO-DATE
> Task :android:checkDebugAarMetadata UP-TO-DATE
> Task :android:mapDebugSourceSetPaths UP-TO-DATE
> Task :android:compileDebugNavigationResources UP-TO-DATE
> Task :android:mergeDebugResources UP-TO-DATE
> Task :android:createDebugCompatibleScreenManifests UP-TO-DATE
> Task :android:extractDeepLinksDebug UP-TO-DATE
> Task :android:processDebugMainManifest UP-TO-DATE
> Task :android:processDebugManifest UP-TO-DATE
> Task :android:processDebugManifestForPackage UP-TO-DATE
> Task :android:processDebugResources UP-TO-DATE
> Task :android:dexBuilderDebug UP-TO-DATE
> Task :android:mergeProjectDexDebug UP-TO-DATE
> Task :android:copyAndroidNatives
> Task :android:mergeDebugJniLibFolders UP-TO-DATE
> Task :android:mergeDebugNativeLibs UP-TO-DATE
> Task :android:stripDebugDebugSymbols UP-TO-DATE
> Task :android:validateSigningDebug UP-TO-DATE
> Task :android:writeDebugAppMetadata UP-TO-DATE
> Task :android:writeDebugSigningConfigVersions UP-TO-DATE
> Task :android:packageDebug
> Task :android:createDebugApkListingFileRedirect UP-TO-DATE
> Task :android:assembleDebug
> Task :desktop:processResources
> Task :desktop:compileJava UP-TO-DATE
> Task :desktop:classes
> Task :desktop:release
> Task :desktop:dist

[Incubating] Problems report is available at: file:///C:/Users/Hartl/Documents/grimhollow/build/reports/problems/problems-report.html

Deprecated Gradle features were used in this build, making it incompatible with Gradle 10.

You can use '--warning-mode all' to show the individual deprecation warnings and determine if they come from your own scripts or plugins.

For more on this, please refer to https://docs.gradle.org/9.5.0/userguide/command_line_interface.html#sec:command_line_warnings in the Gradle documentation.

BUILD SUCCESSFUL in 26s
47 actionable tasks: 6 executed, 41 up-to-date
Consider enabling configuration cache to speed up this build: https://docs.gradle.org/9.5.0/userguide/configuration_cache_enabling.html
PREFERENCES_PATH=C:\Users\Hartl\AppData\Roaming\.grimhollow\Grimhollow
[Controllers] added manager for application, 1 managers active
RENDERED=TitleScene SCREENSHOT=.local/acceptance/title.png
TEST 46 runtime: title controls=5 credits handlers=4 repository URLs=4 external opens=0 scene fetches=0 failures=0
RECOVERY generated region=0 seed=417 room=[5, 8, 10, 15] fixed-path steps=100 terrainEdits=0
[GAME] @@ You descend to floor 1 of the dungeon.
[GAME] ++ Use the mouse, WASD, or arrow keys to move and interact.
TEST 47: region=0 phase=start zooms=3 pans=4 cameras=12 everyCell=1152 hiddenPixels=15869952 visiblePixels=645120 fogTexel/cell=1:1 worldUnits=16 lightQuad=aligned failures=0
TEST 47: region=0 phase=after-walk-and-doors zooms=3 pans=4 cameras=12 everyCell=1152 hiddenPixels=12500992 visiblePixels=645120 fogTexel/cell=1:1 worldUnits=16 lightQuad=aligned failures=0
TEST 47: region=0 doorTransitionFrames=150 failures=0
TEST 43: region=0 steps=100 remembered={chasm=1263, door=349, floor=3091, grass=317, water=1571} fogPixels=604 unseenBlackPixels=885 turns=23 doors=8 failures=0
TEST 24: heroes=9 mob sprites=114 failures=0
TEST 25 semantics: all 381 named item IDs + 60 icons, Waterskin=480, MindVision=eye@98 (ID 82), section9 items=11, class items=10
TEST 25: items=381 identification icons=60 failures=0
TEST 26: three stains and floor/chasm/water/trap placement failures=0
TEST 36: nine splashes, descriptions, portraits, all talents and ItemSlots failures=0
TEST 34: old/future version, portrait exception and deletion failures=0
TEST 35 RETIRED � superseded by recovery test 46 handler/network checks
TESTS 24-26, 34, 36 PASS; test 35 retired by recovery
[Controllers] removed manager for application, 0 managers active
To honour the JVM settings for this build a single-use Daemon process will be forked. For more on this, please refer to https://docs.gradle.org/9.5.0/userguide/gradle_daemon.html#sec:disabling_the_daemon in the Gradle documentation.
Daemon will be stopped at the end of the build
> Task :core:processResources NO-SOURCE
> Task :android:preBuild UP-TO-DATE
> Task :android:preDebugBuild UP-TO-DATE
> Task :android:mergeDebugNativeDebugMetadata NO-SOURCE
> Task :android:generateDebugResources UP-TO-DATE
> Task :services:compileJava UP-TO-DATE
> Task :SPD-classes:compileJava UP-TO-DATE
> Task :services:processResources NO-SOURCE
> Task :services:classes UP-TO-DATE
> Task :android:packageDebugResources UP-TO-DATE
> Task :SPD-classes:processResources NO-SOURCE
> Task :SPD-classes:classes UP-TO-DATE
> Task :services:jar UP-TO-DATE
> Task :SPD-classes:jar UP-TO-DATE
> Task :android:processDebugNavigationResources UP-TO-DATE
> Task :android:parseDebugLocalResources UP-TO-DATE
> Task :android:generateDebugRFile UP-TO-DATE
> Task :android:javaPreCompileDebug UP-TO-DATE
> Task :android:generateDebugAssets UP-TO-DATE
> Task :core:compileJava UP-TO-DATE
> Task :core:classes UP-TO-DATE
> Task :core:jar UP-TO-DATE
> Task :android:mergeDebugAssets
> Task :android:compileDebugKotlin NO-SOURCE
> Task :android:compileDebugJavaWithJavac UP-TO-DATE
> Task :android:generateDebugGlobalSynthetics UP-TO-DATE
> Task :android:processDebugJavaRes NO-SOURCE
> Task :android:mergeDebugJavaResource UP-TO-DATE
> Task :android:checkDebugDuplicateClasses UP-TO-DATE
> Task :android:desugarDebugFileDependencies UP-TO-DATE
> Task :android:compressDebugAssets
> Task :android:mergeExtDexDebug UP-TO-DATE
> Task :android:mergeLibDexDebug UP-TO-DATE
> Task :android:checkDebugAarMetadata UP-TO-DATE
> Task :android:mapDebugSourceSetPaths UP-TO-DATE
> Task :android:compileDebugNavigationResources UP-TO-DATE
> Task :android:mergeDebugResources UP-TO-DATE
> Task :android:createDebugCompatibleScreenManifests UP-TO-DATE
> Task :android:extractDeepLinksDebug UP-TO-DATE
> Task :android:processDebugMainManifest UP-TO-DATE
> Task :android:processDebugManifest UP-TO-DATE
> Task :android:processDebugManifestForPackage UP-TO-DATE
> Task :android:processDebugResources UP-TO-DATE
> Task :android:dexBuilderDebug UP-TO-DATE
> Task :android:mergeProjectDexDebug UP-TO-DATE
> Task :android:copyAndroidNatives
> Task :android:mergeDebugJniLibFolders UP-TO-DATE
> Task :android:mergeDebugNativeLibs UP-TO-DATE
> Task :android:stripDebugDebugSymbols UP-TO-DATE
> Task :android:validateSigningDebug UP-TO-DATE
> Task :android:writeDebugAppMetadata UP-TO-DATE
> Task :android:writeDebugSigningConfigVersions UP-TO-DATE
> Task :android:packageDebug
> Task :android:createDebugApkListingFileRedirect UP-TO-DATE
> Task :android:assembleDebug
> Task :desktop:processResources
> Task :desktop:compileJava UP-TO-DATE
> Task :desktop:classes
> Task :desktop:release
> Task :desktop:dist

[Incubating] Problems report is available at: file:///C:/Users/Hartl/Documents/grimhollow/build/reports/problems/problems-report.html

Deprecated Gradle features were used in this build, making it incompatible with Gradle 10.

You can use '--warning-mode all' to show the individual deprecation warnings and determine if they come from your own scripts or plugins.

For more on this, please refer to https://docs.gradle.org/9.5.0/userguide/command_line_interface.html#sec:command_line_warnings in the Gradle documentation.

BUILD SUCCESSFUL in 24s
45 actionable tasks: 6 executed, 39 up-to-date
Consider enabling configuration cache to speed up this build: https://docs.gradle.org/9.5.0/userguide/configuration_cache_enabling.html
To honour the JVM settings for this build a single-use Daemon process will be forked. For more on this, please refer to https://docs.gradle.org/9.5.0/userguide/gradle_daemon.html#sec:disabling_the_daemon in the Gradle documentation.
Daemon will be stopped at the end of the build
> Task :core:processResources NO-SOURCE
> Task :core:processTestResources NO-SOURCE
> Task :android:preBuild UP-TO-DATE
> Task :android:preDebugBuild UP-TO-DATE
> Task :android:mergeDebugNativeDebugMetadata NO-SOURCE
> Task :android:generateDebugResources UP-TO-DATE
> Task :services:compileJava UP-TO-DATE
> Task :SPD-classes:compileJava UP-TO-DATE
> Task :SPD-classes:processResources NO-SOURCE
> Task :android:packageDebugResources UP-TO-DATE
> Task :SPD-classes:classes UP-TO-DATE
> Task :services:processResources NO-SOURCE
> Task :services:classes UP-TO-DATE
> Task :SPD-classes:jar UP-TO-DATE
> Task :services:jar UP-TO-DATE
> Task :android:processDebugNavigationResources UP-TO-DATE
> Task :android:parseDebugLocalResources UP-TO-DATE
> Task :android:generateDebugRFile UP-TO-DATE
> Task :android:javaPreCompileDebug UP-TO-DATE
> Task :android:generateDebugAssets UP-TO-DATE
> Task :android:mergeDebugAssets
> Task :android:generateDebugGlobalSynthetics UP-TO-DATE
> Task :android:compressDebugAssets
> Task :android:checkDebugDuplicateClasses UP-TO-DATE
> Task :android:desugarDebugFileDependencies UP-TO-DATE
> Task :android:mergeExtDexDebug UP-TO-DATE
> Task :android:checkDebugAarMetadata UP-TO-DATE
> Task :android:mapDebugSourceSetPaths UP-TO-DATE
> Task :android:compileDebugNavigationResources UP-TO-DATE
> Task :android:mergeDebugResources UP-TO-DATE
> Task :android:createDebugCompatibleScreenManifests UP-TO-DATE
> Task :android:extractDeepLinksDebug UP-TO-DATE
> Task :android:processDebugMainManifest UP-TO-DATE
> Task :android:processDebugManifest UP-TO-DATE
> Task :android:processDebugManifestForPackage UP-TO-DATE
> Task :android:processDebugResources UP-TO-DATE
> Task :android:copyAndroidNatives
> Task :android:mergeDebugJniLibFolders UP-TO-DATE
> Task :android:validateSigningDebug UP-TO-DATE
> Task :android:writeDebugAppMetadata UP-TO-DATE
> Task :android:writeDebugSigningConfigVersions UP-TO-DATE
> Task :desktop:processResources

> Task :core:compileJava
Note: Some input files use unchecked or unsafe operations.
Note: Recompile with -Xlint:unchecked for details.

> Task :core:classes
> Task :core:jar
> Task :android:compileDebugKotlin NO-SOURCE
> Task :desktop:compileJava
> Task :desktop:classes
> Task :core:compileTestJava
> Task :core:testClasses
> Task :android:compileDebugJavaWithJavac
> Task :android:processDebugJavaRes NO-SOURCE
> Task :android:mergeDebugJavaResource
> Task :core:test
> Task :android:dexBuilderDebug
> Task :android:mergeProjectDexDebug UP-TO-DATE
> Task :android:mergeDebugNativeLibs UP-TO-DATE
> Task :android:stripDebugDebugSymbols UP-TO-DATE
> Task :desktop:release
> Task :desktop:dist
> Task :android:mergeLibDexDebug
> Task :android:packageDebug
> Task :android:createDebugApkListingFileRedirect UP-TO-DATE
> Task :android:assembleDebug

[Incubating] Problems report is available at: file:///C:/Users/Hartl/Documents/grimhollow/build/reports/problems/problems-report.html

Deprecated Gradle features were used in this build, making it incompatible with Gradle 10.

You can use '--warning-mode all' to show the individual deprecation warnings and determine if they come from your own scripts or plugins.

For more on this, please refer to https://docs.gradle.org/9.5.0/userguide/command_line_interface.html#sec:command_line_warnings in the Gradle documentation.

BUILD SUCCESSFUL in 51s
47 actionable tasks: 15 executed, 32 up-to-date
Consider enabling configuration cache to speed up this build: https://docs.gradle.org/9.5.0/userguide/configuration_cache_enabling.html
PREFERENCES_PATH=C:\Users\Hartl\AppData\Roaming\.grimhollow\Grimhollow
[Controllers] added manager for application, 1 managers active
RENDERED=TitleScene SCREENSHOT=verification/title.png
TEST 46 runtime: title controls=5 credits handlers=4 repository URLs=4 external opens=0 scene fetches=0 failures=0
[Controllers] removed manager for application, 0 managers active
To honour the JVM settings for this build a single-use Daemon process will be forked. For more on this, please refer to https://docs.gradle.org/9.5.0/userguide/gradle_daemon.html#sec:disabling_the_daemon in the Gradle documentation.
Daemon will be stopped at the end of the build
> Task :core:processResources NO-SOURCE
> Task :core:processTestResources NO-SOURCE
> Task :android:preBuild UP-TO-DATE
> Task :android:preDebugBuild UP-TO-DATE
> Task :android:mergeDebugNativeDebugMetadata NO-SOURCE
> Task :android:generateDebugResources UP-TO-DATE
> Task :services:compileJava UP-TO-DATE
> Task :SPD-classes:compileJava UP-TO-DATE
> Task :services:processResources NO-SOURCE
> Task :services:classes UP-TO-DATE
> Task :android:packageDebugResources UP-TO-DATE
> Task :SPD-classes:processResources NO-SOURCE
> Task :SPD-classes:classes UP-TO-DATE
> Task :services:jar
> Task :SPD-classes:jar
> Task :android:processDebugNavigationResources UP-TO-DATE
> Task :android:parseDebugLocalResources UP-TO-DATE
> Task :android:generateDebugRFile UP-TO-DATE
> Task :android:javaPreCompileDebug UP-TO-DATE
> Task :android:generateDebugAssets UP-TO-DATE
> Task :android:mergeDebugAssets
> Task :android:compressDebugAssets
> Task :android:generateDebugGlobalSynthetics UP-TO-DATE
> Task :desktop:processResources
> Task :android:checkDebugDuplicateClasses UP-TO-DATE
> Task :android:desugarDebugFileDependencies UP-TO-DATE
> Task :android:mergeExtDexDebug UP-TO-DATE
> Task :android:checkDebugAarMetadata UP-TO-DATE
> Task :android:mapDebugSourceSetPaths UP-TO-DATE
> Task :android:compileDebugNavigationResources UP-TO-DATE
> Task :android:mergeDebugResources UP-TO-DATE
> Task :android:createDebugCompatibleScreenManifests
> Task :android:extractDeepLinksDebug UP-TO-DATE
> Task :android:processDebugMainManifest
> Task :android:processDebugManifest
> Task :android:copyAndroidNatives
> Task :android:processDebugManifestForPackage
> Task :android:mergeDebugJniLibFolders UP-TO-DATE
> Task :android:validateSigningDebug UP-TO-DATE
> Task :android:writeDebugAppMetadata UP-TO-DATE
> Task :android:writeDebugSigningConfigVersions UP-TO-DATE
> Task :android:processDebugResources

Note: Some input files use unchecked or unsafe operations.
Note: Recompile with -Xlint:unchecked for details.
> Task :core:compileJava

> Task :core:classes
> Task :desktop:compileJava UP-TO-DATE
> Task :desktop:classes
> Task :core:jar
> Task :android:compileDebugKotlin NO-SOURCE
> Task :core:compileTestJava UP-TO-DATE
> Task :core:testClasses UP-TO-DATE
> Task :android:compileDebugJavaWithJavac UP-TO-DATE
> Task :android:processDebugJavaRes NO-SOURCE
> Task :android:mergeDebugJavaResource
> Task :android:dexBuilderDebug UP-TO-DATE
> Task :android:mergeProjectDexDebug UP-TO-DATE
> Task :android:mergeDebugNativeLibs UP-TO-DATE
> Task :android:stripDebugDebugSymbols UP-TO-DATE
> Task :core:test

> Task :core:smokeRun
PASS V4 WARRIOR Vault generation/save/load, mirror=BrokenSeal, equipment restore, quest completion/shop and six enchantment/curses serialized
TEST 9 PASS: Wand of Bone and Bone Prison terrain blocks movement/bolts, expires and clears on level exit/save/load
[GAME] ** You feel weakened!
[GAME] ** You are crippled!
[GAME] ** You feel weakened!
[GAME] ** You are crippled!
[GAME] ** You can't move!
PASS CONTENT WARRIOR: curses, healing, three scythes, armor/crown persistence, three wands, Soulfire recipe/immunity, Hourglass charge/upgrade/refund/save, cursed mob/drop, Hexcaster and Chainwarden
PASS WARRIOR seed=0 floor=6 save/load=ok
PASS WARRIOR seed=1 floor=6 save/load=ok
PASS WARRIOR seed=2 floor=6 save/load=ok
PASS WARRIOR seed=3 floor=6 save/load=ok
PASS WARRIOR seed=4 floor=6 save/load=ok
PASS WARRIOR seed=5 floor=6 save/load=ok
PASS WARRIOR seed=6 floor=6 save/load=ok
PASS WARRIOR seed=7 floor=6 save/load=ok
PASS WARRIOR seed=8 floor=6 save/load=ok
PASS WARRIOR seed=9 floor=6 save/load=ok
PASS V4 MAGE Vault generation/save/load, mirror=MagesStaff, equipment restore, quest completion/shop and six enchantment/curses serialized
TEST 9 PASS: Wand of Bone and Bone Prison terrain blocks movement/bolts, expires and clears on level exit/save/load
[GAME] ** You feel weakened!
[GAME] ** You are crippled!
[GAME] ** You feel weakened!
[GAME] ** You are crippled!
[GAME] ** You can't move!
PASS CONTENT MAGE: curses, healing, three scythes, armor/crown persistence, three wands, Soulfire recipe/immunity, Hourglass charge/upgrade/refund/save, cursed mob/drop, Hexcaster and Chainwarden
PASS MAGE seed=0 floor=6 save/load=ok
PASS MAGE seed=1 floor=6 save/load=ok
PASS MAGE seed=2 floor=6 save/load=ok
PASS MAGE seed=3 floor=6 save/load=ok
PASS MAGE seed=4 floor=6 save/load=ok
PASS MAGE seed=5 floor=6 save/load=ok
PASS MAGE seed=6 floor=6 save/load=ok
PASS MAGE seed=7 floor=6 save/load=ok
PASS MAGE seed=8 floor=6 save/load=ok
PASS MAGE seed=9 floor=6 save/load=ok
PASS V4 ROGUE Vault generation/save/load, mirror=CloakOfShadows, equipment restore, quest completion/shop and six enchantment/curses serialized
TEST 9 PASS: Wand of Bone and Bone Prison terrain blocks movement/bolts, expires and clears on level exit/save/load
[GAME] ** You feel weakened!
[GAME] ** You are crippled!
[GAME] ** You feel weakened!
[GAME] ** You are crippled!
[GAME] ** You can't move!
PASS CONTENT ROGUE: curses, healing, three scythes, armor/crown persistence, three wands, Soulfire recipe/immunity, Hourglass charge/upgrade/refund/save, cursed mob/drop, Hexcaster and Chainwarden
PASS ROGUE seed=0 floor=6 save/load=ok
PASS ROGUE seed=1 floor=6 save/load=ok
PASS ROGUE seed=2 floor=6 save/load=ok
PASS ROGUE seed=3 floor=6 save/load=ok
PASS ROGUE seed=4 floor=6 save/load=ok
PASS ROGUE seed=5 floor=6 save/load=ok
PASS ROGUE seed=6 floor=6 save/load=ok
PASS ROGUE seed=7 floor=6 save/load=ok
PASS ROGUE seed=8 floor=6 save/load=ok
PASS ROGUE seed=9 floor=6 save/load=ok
PASS V4 HUNTRESS Vault generation/save/load, mirror=SpiritBow, equipment restore, quest completion/shop and six enchantment/curses serialized
TEST 9 PASS: Wand of Bone and Bone Prison terrain blocks movement/bolts, expires and clears on level exit/save/load
[GAME] ** You feel weakened!
[GAME] ** You are crippled!
[GAME] ** You feel weakened!
[GAME] ** You are crippled!
[GAME] ** You can't move!
PASS CONTENT HUNTRESS: curses, healing, three scythes, armor/crown persistence, three wands, Soulfire recipe/immunity, Hourglass charge/upgrade/refund/save, cursed mob/drop, Hexcaster and Chainwarden
PASS HUNTRESS seed=0 floor=6 save/load=ok
PASS HUNTRESS seed=1 floor=6 save/load=ok
PASS HUNTRESS seed=2 floor=6 save/load=ok

> Task :desktop:release
> Task :desktop:dist

> Task :core:smokeRun
PASS HUNTRESS seed=3 floor=6 save/load=ok
PASS HUNTRESS seed=4 floor=6 save/load=ok
PASS HUNTRESS seed=5 floor=6 save/load=ok
PASS HUNTRESS seed=6 floor=6 save/load=ok
PASS HUNTRESS seed=7 floor=6 save/load=ok
PASS HUNTRESS seed=8 floor=6 save/load=ok
PASS HUNTRESS seed=9 floor=6 save/load=ok
PASS V4 DUELIST Vault generation/save/load, mirror=MirrorSword, equipment restore, quest completion/shop and six enchantment/curses serialized
TEST 9 PASS: Wand of Bone and Bone Prison terrain blocks movement/bolts, expires and clears on level exit/save/load
[GAME] ** You feel weakened!
[GAME] ** You are crippled!
[GAME] ** You feel weakened!
[GAME] ** You are crippled!
[GAME] ** You can't move!
PASS CONTENT DUELIST: curses, healing, three scythes, armor/crown persistence, three wands, Soulfire recipe/immunity, Hourglass charge/upgrade/refund/save, cursed mob/drop, Hexcaster and Chainwarden
PASS DUELIST seed=0 floor=6 save/load=ok
PASS DUELIST seed=1 floor=6 save/load=ok
PASS DUELIST seed=2 floor=6 save/load=ok
PASS DUELIST seed=3 floor=6 save/load=ok
PASS DUELIST seed=4 floor=6 save/load=ok
PASS DUELIST seed=5 floor=6 save/load=ok
PASS DUELIST seed=6 floor=6 save/load=ok
PASS DUELIST seed=7 floor=6 save/load=ok
PASS DUELIST seed=8 floor=6 save/load=ok
PASS DUELIST seed=9 floor=6 save/load=ok
PASS V4 CLERIC Vault generation/save/load, mirror=HolyTome, equipment restore, quest completion/shop and six enchantment/curses serialized
TEST 9 PASS: Wand of Bone and Bone Prison terrain blocks movement/bolts, expires and clears on level exit/save/load
[GAME] ** You feel weakened!
[GAME] ** You are crippled!
[GAME] ** You feel weakened!
[GAME] ** You are crippled!
[GAME] ** You can't move!
PASS CONTENT CLERIC: curses, healing, three scythes, armor/crown persistence, three wands, Soulfire recipe/immunity, Hourglass charge/upgrade/refund/save, cursed mob/drop, Hexcaster and Chainwarden
PASS CLERIC seed=0 floor=6 save/load=ok
PASS CLERIC seed=1 floor=6 save/load=ok
PASS CLERIC seed=2 floor=6 save/load=ok
PASS CLERIC seed=3 floor=6 save/load=ok
PASS CLERIC seed=4 floor=6 save/load=ok
PASS CLERIC seed=5 floor=6 save/load=ok
PASS CLERIC seed=6 floor=6 save/load=ok
PASS CLERIC seed=7 floor=6 save/load=ok
PASS CLERIC seed=8 floor=6 save/load=ok
PASS CLERIC seed=9 floor=6 save/load=ok
[GAME] ** There is no room for another minion.
TEST 27 PASS: 300 turns unchanged; 12 charges level=1 Wraith offered; hostile attacked within 2 turns
[GAME] ** There is no room for another minion.
NECROMANCER kit, talents, subclasses, spells, armor, caps, and persistence: PASS
PASS V4 NECROMANCER Vault generation/save/load, mirror=Phylactery, equipment restore, quest completion/shop and six enchantment/curses serialized
TEST 9 PASS: Wand of Bone and Bone Prison terrain blocks movement/bolts, expires and clears on level exit/save/load
[GAME] ** You feel weakened!
[GAME] ** You are crippled!
[GAME] ** You feel weakened!
[GAME] ** You are crippled!
[GAME] ** You can't move!
PASS CONTENT NECROMANCER: curses, healing, three scythes, armor/crown persistence, three wands, Soulfire recipe/immunity, Hourglass charge/upgrade/refund/save, cursed mob/drop, Hexcaster and Chainwarden
PASS NECROMANCER seed=0 floor=6 save/load=ok
[GAME] ** There is no room for another minion.
TEST 27 PASS: 300 turns unchanged; 12 charges level=1 Wraith offered; hostile attacked within 2 turns
[GAME] ** There is no room for another minion.
NECROMANCER kit, talents, subclasses, spells, armor, caps, and persistence: PASS
PASS NECROMANCER seed=1 floor=6 save/load=ok
[GAME] ** There is no room for another minion.
TEST 27 PASS: 300 turns unchanged; 12 charges level=1 Wraith offered; hostile attacked within 2 turns
[GAME] ** There is no room for another minion.
NECROMANCER kit, talents, subclasses, spells, armor, caps, and persistence: PASS
PASS NECROMANCER seed=2 floor=6 save/load=ok
[GAME] ** There is no room for another minion.
TEST 27 PASS: 300 turns unchanged; 12 charges level=1 Wraith offered; hostile attacked within 2 turns
[GAME] ** There is no room for another minion.
NECROMANCER kit, talents, subclasses, spells, armor, caps, and persistence: PASS
PASS NECROMANCER seed=3 floor=6 save/load=ok
[GAME] ** There is no room for another minion.
TEST 27 PASS: 300 turns unchanged; 12 charges level=1 Wraith offered; hostile attacked within 2 turns
[GAME] ** There is no room for another minion.
NECROMANCER kit, talents, subclasses, spells, armor, caps, and persistence: PASS
PASS NECROMANCER seed=4 floor=6 save/load=ok
[GAME] ** There is no room for another minion.
TEST 27 PASS: 300 turns unchanged; 12 charges level=1 Wraith offered; hostile attacked within 2 turns
[GAME] ** There is no room for another minion.
NECROMANCER kit, talents, subclasses, spells, armor, caps, and persistence: PASS
PASS NECROMANCER seed=5 floor=6 save/load=ok
[GAME] ** There is no room for another minion.
TEST 27 PASS: 300 turns unchanged; 12 charges level=1 Wraith offered; hostile attacked within 2 turns
[GAME] ** There is no room for another minion.
NECROMANCER kit, talents, subclasses, spells, armor, caps, and persistence: PASS
PASS NECROMANCER seed=6 floor=6 save/load=ok
[GAME] ** There is no room for another minion.
TEST 27 PASS: 300 turns unchanged; 12 charges level=1 Wraith offered; hostile attacked within 2 turns
[GAME] ** There is no room for another minion.
NECROMANCER kit, talents, subclasses, spells, armor, caps, and persistence: PASS
PASS NECROMANCER seed=7 floor=6 save/load=ok
[GAME] ** There is no room for another minion.
TEST 27 PASS: 300 turns unchanged; 12 charges level=1 Wraith offered; hostile attacked within 2 turns
[GAME] ** There is no room for another minion.
NECROMANCER kit, talents, subclasses, spells, armor, caps, and persistence: PASS
PASS NECROMANCER seed=8 floor=6 save/load=ok
[GAME] ** There is no room for another minion.
TEST 27 PASS: 300 turns unchanged; 12 charges level=1 Wraith offered; hostile attacked within 2 turns
[GAME] ** There is no room for another minion.
NECROMANCER kit, talents, subclasses, spells, armor, caps, and persistence: PASS
PASS NECROMANCER seed=9 floor=6 save/load=ok
TEST 37 PASS: transfer, upgrade, replacement, carrier loss and reattachment
[GAME] @@ Badge unlocked: Novice Researcher (Fill in 40 catalog entries in your journal).
TEST 33 PASS: scroll and stone offers, distinct exclusions, cancel/apply, Artificer, Scrivener and history persistence
ENCHANTER kit, talents, subclasses, inscriptions, armor, and persistence: PASS
PASS V4 ENCHANTER Vault generation/save/load, mirror=SigilBrush, equipment restore, quest completion/shop and six enchantment/curses serialized
TEST 9 PASS: Wand of Bone and Bone Prison terrain blocks movement/bolts, expires and clears on level exit/save/load
[GAME] ** You feel weakened!
[GAME] ** You are crippled!
[GAME] ** You feel weakened!
[GAME] ** You are crippled!
[GAME] ** You can't move!
PASS CONTENT ENCHANTER: curses, healing, three scythes, armor/crown persistence, three wands, Soulfire recipe/immunity, Hourglass charge/upgrade/refund/save, cursed mob/drop, Hexcaster and Chainwarden
PASS ENCHANTER seed=0 floor=6 save/load=ok
TEST 37 PASS: transfer, upgrade, replacement, carrier loss and reattachment
TEST 33 PASS: scroll and stone offers, distinct exclusions, cancel/apply, Artificer, Scrivener and history persistence
ENCHANTER kit, talents, subclasses, inscriptions, armor, and persistence: PASS
PASS ENCHANTER seed=1 floor=6 save/load=ok
TEST 37 PASS: transfer, upgrade, replacement, carrier loss and reattachment
TEST 33 PASS: scroll and stone offers, distinct exclusions, cancel/apply, Artificer, Scrivener and history persistence
ENCHANTER kit, talents, subclasses, inscriptions, armor, and persistence: PASS
PASS ENCHANTER seed=2 floor=6 save/load=ok
TEST 37 PASS: transfer, upgrade, replacement, carrier loss and reattachment
TEST 33 PASS: scroll and stone offers, distinct exclusions, cancel/apply, Artificer, Scrivener and history persistence
ENCHANTER kit, talents, subclasses, inscriptions, armor, and persistence: PASS
PASS ENCHANTER seed=3 floor=6 save/load=ok
TEST 37 PASS: transfer, upgrade, replacement, carrier loss and reattachment
TEST 33 PASS: scroll and stone offers, distinct exclusions, cancel/apply, Artificer, Scrivener and history persistence
ENCHANTER kit, talents, subclasses, inscriptions, armor, and persistence: PASS
PASS ENCHANTER seed=4 floor=6 save/load=ok
TEST 37 PASS: transfer, upgrade, replacement, carrier loss and reattachment
TEST 33 PASS: scroll and stone offers, distinct exclusions, cancel/apply, Artificer, Scrivener and history persistence
ENCHANTER kit, talents, subclasses, inscriptions, armor, and persistence: PASS
PASS ENCHANTER seed=5 floor=6 save/load=ok
TEST 37 PASS: transfer, upgrade, replacement, carrier loss and reattachment
TEST 33 PASS: scroll and stone offers, distinct exclusions, cancel/apply, Artificer, Scrivener and history persistence
ENCHANTER kit, talents, subclasses, inscriptions, armor, and persistence: PASS
PASS ENCHANTER seed=6 floor=6 save/load=ok
TEST 37 PASS: transfer, upgrade, replacement, carrier loss and reattachment
TEST 33 PASS: scroll and stone offers, distinct exclusions, cancel/apply, Artificer, Scrivener and history persistence
ENCHANTER kit, talents, subclasses, inscriptions, armor, and persistence: PASS
PASS ENCHANTER seed=7 floor=6 save/load=ok
TEST 37 PASS: transfer, upgrade, replacement, carrier loss and reattachment
TEST 33 PASS: scroll and stone offers, distinct exclusions, cancel/apply, Artificer, Scrivener and history persistence
ENCHANTER kit, talents, subclasses, inscriptions, armor, and persistence: PASS
PASS ENCHANTER seed=8 floor=6 save/load=ok
TEST 37 PASS: transfer, upgrade, replacement, carrier loss and reattachment
TEST 33 PASS: scroll and stone offers, distinct exclusions, cancel/apply, Artificer, Scrivener and history persistence
ENCHANTER kit, talents, subclasses, inscriptions, armor, and persistence: PASS
PASS ENCHANTER seed=9 floor=6 save/load=ok
PSYCHIC kit, talents, subclasses, Grasp, thrown damage, domination, armor and persistence: PASS; TESTS 11-13 PASS
PASS V4 PSYCHIC Vault generation/save/load, mirror=FocusCrystal, equipment restore, quest completion/shop and six enchantment/curses serialized
TEST 9 PASS: Wand of Bone and Bone Prison terrain blocks movement/bolts, expires and clears on level exit/save/load
[GAME] ** You feel weakened!
[GAME] ** You are crippled!
[GAME] ** You feel weakened!
[GAME] ** You are crippled!
[GAME] ** You can't move!
PASS CONTENT PSYCHIC: curses, healing, three scythes, armor/crown persistence, three wands, Soulfire recipe/immunity, Hourglass charge/upgrade/refund/save, cursed mob/drop, Hexcaster and Chainwarden
PASS PSYCHIC seed=0 floor=6 save/load=ok
PSYCHIC kit, talents, subclasses, Grasp, thrown damage, domination, armor and persistence: PASS; TESTS 11-13 PASS
PASS PSYCHIC seed=1 floor=6 save/load=ok
PSYCHIC kit, talents, subclasses, Grasp, thrown damage, domination, armor and persistence: PASS; TESTS 11-13 PASS
PASS PSYCHIC seed=2 floor=6 save/load=ok
PSYCHIC kit, talents, subclasses, Grasp, thrown damage, domination, armor and persistence: PASS; TESTS 11-13 PASS
PASS PSYCHIC seed=3 floor=6 save/load=ok
PSYCHIC kit, talents, subclasses, Grasp, thrown damage, domination, armor and persistence: PASS; TESTS 11-13 PASS
PASS PSYCHIC seed=4 floor=6 save/load=ok
PSYCHIC kit, talents, subclasses, Grasp, thrown damage, domination, armor and persistence: PASS; TESTS 11-13 PASS
PASS PSYCHIC seed=5 floor=6 save/load=ok
PSYCHIC kit, talents, subclasses, Grasp, thrown damage, domination, armor and persistence: PASS; TESTS 11-13 PASS
PASS PSYCHIC seed=6 floor=6 save/load=ok
PSYCHIC kit, talents, subclasses, Grasp, thrown damage, domination, armor and persistence: PASS; TESTS 11-13 PASS
PASS PSYCHIC seed=7 floor=6 save/load=ok
PSYCHIC kit, talents, subclasses, Grasp, thrown damage, domination, armor and persistence: PASS; TESTS 11-13 PASS
PASS PSYCHIC seed=8 floor=6 save/load=ok
PSYCHIC kit, talents, subclasses, Grasp, thrown damage, domination, armor and persistence: PASS; TESTS 11-13 PASS
PASS PSYCHIC seed=9 floor=6 save/load=ok
Runs=90 failures=0

> Task :android:mergeLibDexDebug
> Task :android:packageDebug
> Task :android:createDebugApkListingFileRedirect
> Task :android:assembleDebug

[Incubating] Problems report is available at: file:///C:/Users/Hartl/Documents/grimhollow/build/reports/problems/problems-report.html

Deprecated Gradle features were used in this build, making it incompatible with Gradle 10.

You can use '--warning-mode all' to show the individual deprecation warnings and determine if they come from your own scripts or plugins.

For more on this, please refer to https://docs.gradle.org/9.5.0/userguide/command_line_interface.html#sec:command_line_warnings in the Gradle documentation.

BUILD SUCCESSFUL in 1m 37s
48 actionable tasks: 20 executed, 28 up-to-date
Consider enabling configuration cache to speed up this build: https://docs.gradle.org/9.5.0/userguide/configuration_cache_enabling.html
PREFERENCES_PATH=C:\Users\Hartl\AppData\Roaming\.grimhollow\Grimhollow
[Controllers] added manager for application, 1 managers active
RENDERED=TitleScene SCREENSHOT=.local/acceptance/title.png
TEST 46 runtime: title controls=5 credits handlers=4 repository URLs=4 external opens=0 scene fetches=0 failures=0
RECOVERY generated region=0 seed=417 room=[5, 8, 10, 15] fixed-path steps=100 terrainEdits=0
[GAME] @@ You descend to floor 1 of the dungeon.
[GAME] ++ Use the mouse, WASD, or arrow keys to move and interact.
TEST 47: region=0 phase=start zooms=3 pans=4 cameras=12 everyCell=1152 hiddenPixels=15869952 visiblePixels=645120 fogTexel/cell=1:1 worldUnits=16 lightQuad=aligned failures=0
TEST 47: region=0 phase=after-walk-and-doors zooms=3 pans=4 cameras=12 everyCell=1152 hiddenPixels=12500992 visiblePixels=645120 fogTexel/cell=1:1 worldUnits=16 lightQuad=aligned failures=0
TEST 47: region=0 doorTransitionFrames=148 failures=0
TEST 43: region=0 steps=100 remembered={chasm=1263, door=349, floor=3091, grass=317, water=1571} fogPixels=604 unseenBlackPixels=885 turns=23 doors=8 failures=0
TEST 24: heroes=9 mob sprites=114 failures=5
TEST 25 semantics: all 381 named item IDs + 60 icons, Waterskin=480, MindVision=eye@98 (ID 82), section9 items=11, class items=10
TEST 25: items=381 identification icons=60 failures=0
TEST 26: three stains and floor/chasm/water/trap placement failures=0
TEST 36: nine splashes, descriptions, portraits, all talents and ItemSlots failures=0
TEST 34: old/future version, portrait exception and deletion failures=0
TEST 35 RETIRED � superseded by recovery test 46 handler/network checks
FAIL 24 BruteSprite height/tile=1.0208334 logical=24.0x32.0 opaque=29 frame=com.watabou.utils.RectF@40dd3977 scale=com.watabou.utils.PointF@3a4e343
FAIL 24 GnollSprite height/tile=1.0 logical=22.451612x28.064516 opaque=31 frame=com.watabou.utils.RectF@5b800468 scale=com.watabou.utils.PointF@2e185cd7
FAIL 24 MonkSprite height/tile=0.9791667 logical=18.125x16.916668 opaque=48 frame=com.watabou.utils.RectF@2ca65ce4 scale=com.watabou.utils.PointF@327120c8
FAIL 24 NecromancerSprite height/tile=0.9791667 logical=16.571428x16.571428 opaque=56 frame=com.watabou.utils.RectF@40bffbca scale=com.watabou.utils.PointF@2449cff7
FAIL 24 ThiefSprite height/tile=1.0 logical=22.451612x24.32258 opaque=31 frame=com.watabou.utils.RectF@512d92b scale=com.watabou.utils.PointF@62c5bbdc
com.badlogic.gdx.utils.GdxRuntimeException: java.lang.AssertionError: Rendering acceptance failures=5
	at com.badlogic.gdx.backends.lwjgl3.Lwjgl3Application.<init>(Lwjgl3Application.java:159)
	at com.shatteredpixel.shatteredpixeldungeon.desktop.DesktopLauncher.main(DesktopLauncher.java:193)
Caused by: java.lang.AssertionError: Rendering acceptance failures=5
	at com.shatteredpixel.shatteredpixeldungeon.desktop.DesktopSmokeProbe.geometryTests(DesktopSmokeProbe.java:398)
	at com.shatteredpixel.shatteredpixeldungeon.desktop.DesktopSmokeProbe.render(DesktopSmokeProbe.java:62)
	at com.badlogic.gdx.backends.lwjgl3.Lwjgl3Window.update(Lwjgl3Window.java:435)
	at com.badlogic.gdx.backends.lwjgl3.Lwjgl3Application.loop(Lwjgl3Application.java:181)
	at com.badlogic.gdx.backends.lwjgl3.Lwjgl3Application.<init>(Lwjgl3Application.java:153)
	... 1 more
To honour the JVM settings for this build a single-use Daemon process will be forked. For more on this, please refer to https://docs.gradle.org/9.5.0/userguide/gradle_daemon.html#sec:disabling_the_daemon in the Gradle documentation.
Daemon will be stopped at the end of the build
> Task :core:processResources NO-SOURCE
> Task :core:processTestResources NO-SOURCE
> Task :android:preBuild UP-TO-DATE
> Task :android:preDebugBuild UP-TO-DATE
> Task :android:mergeDebugNativeDebugMetadata NO-SOURCE
> Task :android:generateDebugResources UP-TO-DATE
> Task :SPD-classes:compileJava UP-TO-DATE
> Task :services:compileJava UP-TO-DATE
> Task :services:processResources NO-SOURCE
> Task :services:classes UP-TO-DATE
> Task :desktop:processResources UP-TO-DATE
> Task :SPD-classes:processResources NO-SOURCE
> Task :SPD-classes:classes UP-TO-DATE
> Task :android:packageDebugResources UP-TO-DATE
> Task :SPD-classes:jar UP-TO-DATE
> Task :services:jar UP-TO-DATE
> Task :android:processDebugNavigationResources UP-TO-DATE
> Task :android:parseDebugLocalResources UP-TO-DATE
> Task :android:generateDebugRFile UP-TO-DATE
> Task :android:javaPreCompileDebug UP-TO-DATE
> Task :android:generateDebugAssets UP-TO-DATE
> Task :android:mergeDebugAssets UP-TO-DATE
> Task :android:compressDebugAssets UP-TO-DATE
> Task :android:generateDebugGlobalSynthetics UP-TO-DATE
> Task :android:checkDebugDuplicateClasses UP-TO-DATE
> Task :android:desugarDebugFileDependencies UP-TO-DATE
> Task :android:mergeExtDexDebug UP-TO-DATE
> Task :android:checkDebugAarMetadata UP-TO-DATE
> Task :android:mapDebugSourceSetPaths UP-TO-DATE
> Task :android:compileDebugNavigationResources UP-TO-DATE
> Task :android:mergeDebugResources UP-TO-DATE
> Task :android:createDebugCompatibleScreenManifests UP-TO-DATE
> Task :android:extractDeepLinksDebug UP-TO-DATE
> Task :android:processDebugMainManifest UP-TO-DATE
> Task :android:processDebugManifest UP-TO-DATE
> Task :android:processDebugManifestForPackage UP-TO-DATE
> Task :android:processDebugResources UP-TO-DATE
> Task :android:copyAndroidNatives
> Task :android:mergeDebugJniLibFolders UP-TO-DATE
> Task :android:validateSigningDebug UP-TO-DATE
> Task :android:writeDebugAppMetadata UP-TO-DATE
> Task :android:writeDebugSigningConfigVersions UP-TO-DATE

> Task :core:compileJava
Note: Some input files use unchecked or unsafe operations.
Note: Recompile with -Xlint:unchecked for details.

> Task :core:classes
> Task :core:jar
> Task :android:compileDebugKotlin NO-SOURCE
> Task :desktop:compileJava
> Task :desktop:classes
> Task :core:compileTestJava
> Task :core:testClasses
> Task :android:compileDebugJavaWithJavac
> Task :android:processDebugJavaRes NO-SOURCE
> Task :core:test
> Task :android:mergeDebugJavaResource
> Task :android:dexBuilderDebug
> Task :android:mergeProjectDexDebug UP-TO-DATE
> Task :android:mergeDebugNativeLibs UP-TO-DATE
> Task :android:stripDebugDebugSymbols UP-TO-DATE
> Task :desktop:release
> Task :desktop:dist
> Task :android:mergeLibDexDebug
> Task :android:packageDebug
> Task :android:createDebugApkListingFileRedirect UP-TO-DATE
> Task :android:assembleDebug

[Incubating] Problems report is available at: file:///C:/Users/Hartl/Documents/grimhollow/build/reports/problems/problems-report.html

Deprecated Gradle features were used in this build, making it incompatible with Gradle 10.

You can use '--warning-mode all' to show the individual deprecation warnings and determine if they come from your own scripts or plugins.

For more on this, please refer to https://docs.gradle.org/9.5.0/userguide/command_line_interface.html#sec:command_line_warnings in the Gradle documentation.

BUILD SUCCESSFUL in 1m 28s
47 actionable tasks: 12 executed, 35 up-to-date
Consider enabling configuration cache to speed up this build: https://docs.gradle.org/9.5.0/userguide/configuration_cache_enabling.html
PREFERENCES_PATH=C:\Users\Hartl\AppData\Roaming\.grimhollow\Grimhollow
[Controllers] added manager for application, 1 managers active
RENDERED=TitleScene SCREENSHOT=.local/acceptance/title.png
TEST 46 runtime: title controls=5 credits handlers=4 repository URLs=4 external opens=0 scene fetches=0 failures=0
RECOVERY generated region=0 seed=417 room=[5, 8, 10, 15] fixed-path steps=100 terrainEdits=0
[GAME] @@ You descend to floor 1 of the dungeon.
[GAME] ++ Use the mouse, WASD, or arrow keys to move and interact.
TEST 47: region=0 phase=start zooms=3 pans=4 cameras=12 everyCell=1152 hiddenPixels=15869952 visiblePixels=645120 fogTexel/cell=1:1 worldUnits=16 lightQuad=aligned failures=0
TEST 47: region=0 phase=after-walk-and-doors zooms=3 pans=4 cameras=12 everyCell=1152 hiddenPixels=12500992 visiblePixels=645120 fogTexel/cell=1:1 worldUnits=16 lightQuad=aligned failures=0
TEST 47: region=0 doorTransitionFrames=151 failures=0
TEST 43: region=0 steps=100 remembered={chasm=1263, door=349, floor=3091, grass=317, water=1571} fogPixels=604 unseenBlackPixels=885 turns=23 doors=8 failures=0
TEST 24: heroes=9 mob sprites=114 failures=20
TEST 25 semantics: all 381 named item IDs + 60 icons, Waterskin=480, MindVision=eye@98 (ID 82), section9 items=11, class items=10
TEST 25: items=381 identification icons=60 failures=0
TEST 26: three stains and floor/chasm/water/trap placement failures=0
TEST 36: nine splashes, descriptions, portraits, all talents and ItemSlots failures=0
TEST 34: old/future version, portrait exception and deletion failures=0
TEST 35 RETIRED � superseded by recovery test 46 handler/network checks
FAIL 24 BatSprite height/tile=0.9583333 logical=22.307693x22.307693 opaque=39 frame=com.watabou.utils.RectF@5d5d9e5 scale=com.watabou.utils.PointF@303e3593
FAIL 24 BruteSprite height/tile=0.9583333 logical=24.0x32.0 opaque=29 frame=com.watabou.utils.RectF@361c294e scale=com.watabou.utils.PointF@7859e786
FAIL 24 CrabSprite height/tile=0.9583333 logical=25.777779x25.777779 opaque=36 frame=com.watabou.utils.RectF@74cec793 scale=com.watabou.utils.PointF@6fefce9e
FAIL 24 Chaos height/tile=0.9583333 logical=20.470589x23.882353 opaque=34 frame=com.watabou.utils.RectF@138fe6ec scale=com.watabou.utils.PointF@5e77f0f4
FAIL 24 Shock height/tile=0.9583333 logical=20.470589x23.882353 opaque=34 frame=com.watabou.utils.RectF@4e4efc1b scale=com.watabou.utils.PointF@459f7aa3
FAIL 24 GhoulSprite height/tile=0.9583333 logical=24.0x28.0 opaque=29 frame=com.watabou.utils.RectF@544630b7 scale=com.watabou.utils.PointF@64f857e7
FAIL 24 GooSprite height/tile=0.9583333 logical=30.526316x21.368422 opaque=38 frame=com.watabou.utils.RectF@21362712 scale=com.watabou.utils.PointF@27eb3298
FAIL 24 GuardSprite height/tile=0.9583333 logical=21.090908x28.121212 opaque=33 frame=com.watabou.utils.RectF@226f885f scale=com.watabou.utils.PointF@2cd2c8fe
FAIL 24 NecroRevenantSprite height/tile=0.9583333 logical=24.0x28.0 opaque=29 frame=com.watabou.utils.RectF@7c18432b scale=com.watabou.utils.PointF@7646731d
FAIL 24 PhantomPiranhaSprite height/tile=0.9583333 logical=21.75x29.0 opaque=32 frame=com.watabou.utils.RectF@499b2a5c scale=com.watabou.utils.PointF@596df867
FAIL 24 PiranhaSprite height/tile=0.9583333 logical=22.451612x29.935484 opaque=31 frame=com.watabou.utils.RectF@2db2cd5 scale=com.watabou.utils.PointF@70e659aa
FAIL 24 Blue height/tile=0.9583333 logical=23.199999x29.0 opaque=30 frame=com.watabou.utils.RectF@781e7326 scale=com.watabou.utils.PointF@22680f52
FAIL 24 Purple height/tile=0.9583333 logical=23.199999x29.0 opaque=30 frame=com.watabou.utils.RectF@503d56b5 scale=com.watabou.utils.PointF@72bca894
FAIL 24 Red height/tile=0.9583333 logical=16.975609x21.219511 opaque=41 frame=com.watabou.utils.RectF@329a1243 scale=com.watabou.utils.PointF@ecf9fb3
FAIL 24 Vault height/tile=0.9583333 logical=23.199999x29.0 opaque=30 frame=com.watabou.utils.RectF@37d3d232 scale=com.watabou.utils.PointF@30c0ccff
FAIL 24 SlimeSprite height/tile=0.9583333 logical=33.833336x29.0 opaque=24 frame=com.watabou.utils.RectF@6e0ff644 scale=com.watabou.utils.PointF@58dea0a5
FAIL 24 SnakeSprite height/tile=0.9791667 logical=25.777777x23.62963 opaque=27 frame=com.watabou.utils.RectF@2a2bb0eb scale=com.watabou.utils.PointF@3c291aad
FAIL 24 TenguSprite height/tile=0.9583333 logical=17.652174x20.173914 opaque=46 frame=com.watabou.utils.RectF@e72dba7 scale=com.watabou.utils.PointF@33c2bd
FAIL 24 ThiefSprite height/tile=0.9583333 logical=22.451612x24.32258 opaque=31 frame=com.watabou.utils.RectF@3abd581e scale=com.watabou.utils.PointF@4d4d8fcf
FAIL 24 TormentedSpiritSprite height/tile=0.9583333 logical=16.916668x18.125 opaque=48 frame=com.watabou.utils.RectF@74d7184a scale=com.watabou.utils.PointF@51b01960
com.badlogic.gdx.utils.GdxRuntimeException: java.lang.AssertionError: Rendering acceptance failures=20
	at com.badlogic.gdx.backends.lwjgl3.Lwjgl3Application.<init>(Lwjgl3Application.java:159)
	at com.shatteredpixel.shatteredpixeldungeon.desktop.DesktopLauncher.main(DesktopLauncher.java:193)
Caused by: java.lang.AssertionError: Rendering acceptance failures=20
	at com.shatteredpixel.shatteredpixeldungeon.desktop.DesktopSmokeProbe.geometryTests(DesktopSmokeProbe.java:398)
	at com.shatteredpixel.shatteredpixeldungeon.desktop.DesktopSmokeProbe.render(DesktopSmokeProbe.java:62)
	at com.badlogic.gdx.backends.lwjgl3.Lwjgl3Window.update(Lwjgl3Window.java:435)
	at com.badlogic.gdx.backends.lwjgl3.Lwjgl3Application.loop(Lwjgl3Application.java:181)
	at com.badlogic.gdx.backends.lwjgl3.Lwjgl3Application.<init>(Lwjgl3Application.java:153)
	... 1 more
To honour the JVM settings for this build a single-use Daemon process will be forked. For more on this, please refer to https://docs.gradle.org/9.5.0/userguide/gradle_daemon.html#sec:disabling_the_daemon in the Gradle documentation.
Daemon will be stopped at the end of the build
> Task :core:processResources NO-SOURCE
> Task :core:processTestResources NO-SOURCE
> Task :android:preBuild UP-TO-DATE
> Task :android:preDebugBuild UP-TO-DATE
> Task :android:mergeDebugNativeDebugMetadata NO-SOURCE
> Task :android:generateDebugResources UP-TO-DATE
> Task :SPD-classes:compileJava UP-TO-DATE
> Task :services:compileJava UP-TO-DATE
> Task :services:processResources NO-SOURCE
> Task :SPD-classes:processResources NO-SOURCE
> Task :services:classes UP-TO-DATE
> Task :SPD-classes:classes UP-TO-DATE
> Task :desktop:processResources UP-TO-DATE
> Task :android:packageDebugResources UP-TO-DATE
> Task :services:jar UP-TO-DATE
> Task :SPD-classes:jar UP-TO-DATE
> Task :android:processDebugNavigationResources UP-TO-DATE
> Task :android:parseDebugLocalResources UP-TO-DATE
> Task :android:generateDebugRFile UP-TO-DATE
> Task :android:javaPreCompileDebug UP-TO-DATE
> Task :android:generateDebugAssets UP-TO-DATE
> Task :android:mergeDebugAssets UP-TO-DATE
> Task :android:compressDebugAssets UP-TO-DATE
> Task :android:generateDebugGlobalSynthetics UP-TO-DATE
> Task :android:checkDebugDuplicateClasses UP-TO-DATE
> Task :android:desugarDebugFileDependencies UP-TO-DATE
> Task :android:mergeExtDexDebug UP-TO-DATE
> Task :android:checkDebugAarMetadata UP-TO-DATE
> Task :android:mapDebugSourceSetPaths UP-TO-DATE
> Task :android:compileDebugNavigationResources UP-TO-DATE
> Task :android:mergeDebugResources UP-TO-DATE
> Task :android:createDebugCompatibleScreenManifests UP-TO-DATE
> Task :android:extractDeepLinksDebug UP-TO-DATE
> Task :android:processDebugMainManifest UP-TO-DATE
> Task :android:processDebugManifest UP-TO-DATE
> Task :android:processDebugManifestForPackage UP-TO-DATE
> Task :android:processDebugResources UP-TO-DATE
> Task :android:copyAndroidNatives
> Task :android:mergeDebugJniLibFolders UP-TO-DATE
> Task :android:validateSigningDebug UP-TO-DATE
> Task :android:writeDebugAppMetadata UP-TO-DATE
> Task :android:writeDebugSigningConfigVersions UP-TO-DATE

Note: Some input files use unchecked or unsafe operations.
Note: Recompile with -Xlint:unchecked for details.
> Task :core:compileJava

> Task :core:classes
> Task :core:jar
> Task :android:compileDebugKotlin NO-SOURCE
> Task :desktop:compileJava
> Task :desktop:classes
> Task :core:compileTestJava
> Task :core:testClasses
> Task :android:compileDebugJavaWithJavac
> Task :android:processDebugJavaRes NO-SOURCE
> Task :android:mergeDebugJavaResource
> Task :core:test
> Task :android:dexBuilderDebug
> Task :android:mergeProjectDexDebug UP-TO-DATE
> Task :android:mergeDebugNativeLibs UP-TO-DATE
> Task :android:stripDebugDebugSymbols UP-TO-DATE
> Task :desktop:release
> Task :desktop:dist
> Task :android:mergeLibDexDebug
> Task :android:packageDebug
> Task :android:createDebugApkListingFileRedirect UP-TO-DATE
> Task :android:assembleDebug

[Incubating] Problems report is available at: file:///C:/Users/Hartl/Documents/grimhollow/build/reports/problems/problems-report.html

Deprecated Gradle features were used in this build, making it incompatible with Gradle 10.

You can use '--warning-mode all' to show the individual deprecation warnings and determine if they come from your own scripts or plugins.

For more on this, please refer to https://docs.gradle.org/9.5.0/userguide/command_line_interface.html#sec:command_line_warnings in the Gradle documentation.

BUILD SUCCESSFUL in 1m 28s
47 actionable tasks: 12 executed, 35 up-to-date
Consider enabling configuration cache to speed up this build: https://docs.gradle.org/9.5.0/userguide/configuration_cache_enabling.html
PREFERENCES_PATH=C:\Users\Hartl\AppData\Roaming\.grimhollow\Grimhollow
[Controllers] added manager for application, 1 managers active
RENDERED=TitleScene SCREENSHOT=.local/acceptance/title.png
TEST 46 runtime: title controls=5 credits handlers=4 repository URLs=4 external opens=0 scene fetches=0 failures=0
RECOVERY generated region=0 seed=417 room=[5, 8, 10, 15] fixed-path steps=100 terrainEdits=0
[GAME] @@ You descend to floor 1 of the dungeon.
[GAME] ++ Use the mouse, WASD, or arrow keys to move and interact.
TEST 47: region=0 phase=start zooms=3 pans=4 cameras=12 everyCell=1152 hiddenPixels=15869952 visiblePixels=645120 fogTexel/cell=1:1 worldUnits=16 lightQuad=aligned failures=0
TEST 47: region=0 phase=after-walk-and-doors zooms=3 pans=4 cameras=12 everyCell=1152 hiddenPixels=12500992 visiblePixels=645120 fogTexel/cell=1:1 worldUnits=16 lightQuad=aligned failures=0
TEST 47: region=0 doorTransitionFrames=152 failures=0
TEST 43: region=0 steps=100 remembered={chasm=1263, door=349, floor=3091, grass=317, water=1571} fogPixels=604 unseenBlackPixels=885 turns=23 doors=8 failures=0
TEST 24: heroes=9 mob sprites=114 failures=0
TEST 25 semantics: all 381 named item IDs + 60 icons, Waterskin=480, MindVision=eye@98 (ID 82), section9 items=11, class items=10
TEST 25: items=381 identification icons=60 failures=0
TEST 26: three stains and floor/chasm/water/trap placement failures=0
TEST 36: nine splashes, descriptions, portraits, all talents and ItemSlots failures=0
TEST 34: old/future version, portrait exception and deletion failures=0
TEST 35 RETIRED � superseded by recovery test 46 handler/network checks
TESTS 24-26, 34, 36 PASS; test 35 retired by recovery
TEST 32: three scorch sizes, actual floor fire expiration, water/chasm rejection failures=0
TEST 31: off pixel differences=0; 40 gas + 10 fire cells, 240 GPU-completed frames mean=0.6219ms p95=0.8760ms failures=0
[Controllers] removed manager for application, 0 managers active
PREFERENCES_PATH=C:\Users\Hartl\AppData\Roaming\.grimhollow\Grimhollow
[Controllers] added manager for application, 1 managers active
RENDERED=TitleScene SCREENSHOT=.local/acceptance/title.png
RECOVERY generated region=1 seed=417 room=[29, 25, 37, 32] fixed-path steps=202 terrainEdits=0
[GAME] @@ You descend to floor 6 of the dungeon.
[GAME] ++ Use the mouse, WASD, or arrow keys to move and interact.
TEST 47: region=1 phase=start zooms=3 pans=4 cameras=12 everyCell=1681 hiddenPixels=23066624 visiblePixels=1032192 fogTexel/cell=1:1 worldUnits=16 lightQuad=aligned failures=0
[GAME] ** You catch fire!
TEST 47: region=1 phase=after-walk-and-doors zooms=3 pans=4 cameras=12 everyCell=1681 hiddenPixels=16228352 visiblePixels=1032192 fogTexel/cell=1:1 worldUnits=16 lightQuad=aligned failures=0
TEST 47: region=1 doorTransitionFrames=303 failures=0
TEST 43: region=1 steps=202 remembered={chasm=565, door=1415, floor=27380, grass=2473, water=8230} fogPixels=1619 unseenBlackPixels=1608 turns=56 doors=16 failures=0
[Controllers] removed manager for application, 0 managers active
PREFERENCES_PATH=C:\Users\Hartl\AppData\Roaming\.grimhollow\Grimhollow
[Controllers] added manager for application, 1 managers active
RENDERED=TitleScene SCREENSHOT=.local/acceptance/title.png
RECOVERY generated region=2 seed=417 room=[23, 5, 30, 14] fixed-path steps=200 terrainEdits=0
[GAME] @@ You descend to floor 11 of the dungeon.
[GAME] ++ Use the mouse, WASD, or arrow keys to move and interact.
TEST 47: region=2 phase=start zooms=3 pans=4 cameras=12 everyCell=2067 hiddenPixels=28528640 visiblePixels=1103872 fogTexel/cell=1:1 worldUnits=16 lightQuad=aligned failures=0
TEST 47: region=2 phase=after-walk-and-doors zooms=3 pans=4 cameras=12 everyCell=2067 hiddenPixels=25145344 visiblePixels=1103872 fogTexel/cell=1:1 worldUnits=16 lightQuad=aligned failures=0
TEST 47: region=2 doorTransitionFrames=432 failures=0
TEST 43: region=2 steps=200 remembered={chasm=5742, door=694, floor=16771, grass=477, water=3379} fogPixels=1912 unseenBlackPixels=1963 turns=85 doors=23 failures=0
[Controllers] removed manager for application, 0 managers active
PREFERENCES_PATH=C:\Users\Hartl\AppData\Roaming\.grimhollow\Grimhollow
[Controllers] added manager for application, 1 managers active
RENDERED=TitleScene SCREENSHOT=.local/acceptance/title.png
RECOVERY generated region=3 seed=417 room=[16, 23, 23, 30] fixed-path steps=172 terrainEdits=0
[GAME] @@ You descend to floor 16 of the dungeon.
[GAME] ++ Use the mouse, WASD, or arrow keys to move and interact.
TEST 47: region=3 phase=start zooms=3 pans=4 cameras=12 everyCell=1722 hiddenPixels=23769088 visiblePixels=917504 fogTexel/cell=1:1 worldUnits=16 lightQuad=aligned failures=0
TEST 47: region=3 phase=after-walk-and-doors zooms=3 pans=4 cameras=12 everyCell=1722 hiddenPixels=18049024 visiblePixels=917504 fogTexel/cell=1:1 worldUnits=16 lightQuad=aligned failures=0
TEST 47: region=3 doorTransitionFrames=335 failures=0
TEST 43: region=3 steps=172 remembered={chasm=1929, door=1212, floor=12206, grass=715, water=5082} fogPixels=1369 unseenBlackPixels=1920 turns=54 doors=18 failures=0
[Controllers] removed manager for application, 0 managers active
PREFERENCES_PATH=C:\Users\Hartl\AppData\Roaming\.grimhollow\Grimhollow
[Controllers] added manager for application, 1 managers active
RENDERED=TitleScene SCREENSHOT=.local/acceptance/title.png
RECOVERY generated region=4 seed=417 room=[24, 17, 32, 25] fixed-path steps=114 terrainEdits=0
[GAME] @@ You descend to floor 21 of the dungeon.
[GAME] -- You feel that there's a source of demonic energy above you...
[GAME] ** Your steps echo across the dungeon.
[GAME] ++ Use the mouse, WASD, or arrow keys to move and interact.
TEST 47: region=4 phase=start zooms=3 pans=4 cameras=12 everyCell=1925 hiddenPixels=26851328 visiblePixels=745472 fogTexel/cell=1:1 worldUnits=16 lightQuad=aligned failures=0
TEST 47: region=4 phase=after-walk-and-doors zooms=3 pans=4 cameras=12 everyCell=1925 hiddenPixels=22306816 visiblePixels=745472 fogTexel/cell=1:1 worldUnits=16 lightQuad=aligned failures=0
TEST 47: region=4 doorTransitionFrames=186 failures=0
TEST 43: region=4 steps=114 remembered={chasm=7238, door=250, floor=4823, grass=1571, water=2529} fogPixels=1006 unseenBlackPixels=3247 turns=36 doors=10 failures=0
[Controllers] removed manager for application, 0 managers active
PREFERENCES_PATH=C:\Users\Hartl\AppData\Roaming\.grimhollow\Grimhollow
[Controllers] added manager for application, 1 managers active
RENDERED=TitleScene SCREENSHOT=verification/title.png
TEST 46 runtime: title controls=5 credits handlers=4 repository URLs=4 external opens=0 scene fetches=0 failures=0
[Controllers] removed manager for application, 0 managers active
PREFERENCES_PATH=C:\Users\Hartl\AppData\Roaming\.grimhollow\Grimhollow
[Controllers] added manager for application, 1 managers active
RENDERED=TitleScene SCREENSHOT=.local/acceptance/title.png
ITERATION ROOM: seed=418 bounds=14,29,22,37 water=18 doors=2 rubble=2 wallTorch=1 torchCell=1031 bridgeCell=1208 heroCell=1174 terrainEdits=0
[GAME] @@ You descend to floor 1 of the dungeon.
[GAME] ++ Use the mouse, WASD, or arrow keys to move and interact.
RENDERED=GameScene SCREENSHOT=.local/acceptance/sewers-lighting-on.png
ITERATION SCREENSHOT: lighting=true defaultZoom=3.0
RENDERED=GameScene SCREENSHOT=.local/acceptance/sewers-lighting-off.png
TEST 41 runtime: phase/frame checks=8192 adjacent synchronization failures=0
PASS: Sewer scene renders with dynamic lighting on and off.
[Controllers] removed manager for application, 0 managers active
TEST 45: region=sewers types=6 pairs=15 failures=5
decor/door: delta L=0.1079, delta hue=10.58 FAIL
decor/floor: delta L=0.1383, delta hue=7.45 PASS
decor/grass: delta L=0.1375, delta hue=12.24 PASS
decor/wall: delta L=0.0582, delta hue=11.15 FAIL
decor/water: delta L=0.0250, delta hue=59.48 PASS
door/floor: delta L=0.0304, delta hue=3.13 FAIL
door/grass: delta L=0.0296, delta hue=1.66 FAIL
door/wall: delta L=0.1661, delta hue=0.58 PASS
door/water: delta L=0.1329, delta hue=70.05 PASS
floor/grass: delta L=0.0008, delta hue=4.79 FAIL
floor/wall: delta L=0.1965, delta hue=3.70 PASS
floor/water: delta L=0.1633, delta hue=66.93 PASS
grass/wall: delta L=0.1957, delta hue=1.09 PASS
grass/water: delta L=0.1624, delta hue=71.72 PASS
wall/water: delta L=0.0333, delta hue=70.63 PASS
TEST 45: region=prison types=5 pairs=10 failures=1
decor/door: delta L=0.0122, delta hue=26.21 FAIL
decor/floor: delta L=0.1442, delta hue=44.96 PASS
decor/wall: delta L=0.1427, delta hue=32.27 PASS
decor/water: delta L=0.1257, delta hue=160.64 PASS
door/floor: delta L=0.1564, delta hue=18.75 PASS
door/wall: delta L=0.1305, delta hue=6.06 PASS
door/water: delta L=0.1135, delta hue=173.15 PASS
floor/wall: delta L=0.2869, delta hue=12.69 PASS
floor/water: delta L=0.2699, delta hue=154.41 PASS
wall/water: delta L=0.0170, delta hue=167.10 PASS
TEST 45: region=caves types=7 pairs=21 failures=8
chasm/decor: delta L=0.2100, delta hue=3.25 PASS
chasm/door: delta L=0.1406, delta hue=4.51 PASS
chasm/floor: delta L=0.1895, delta hue=5.13 PASS
chasm/grass: delta L=0.1971, delta hue=3.98 PASS
chasm/wall: delta L=0.0253, delta hue=2.85 FAIL
chasm/water: delta L=0.0423, delta hue=126.30 PASS
decor/door: delta L=0.0694, delta hue=1.26 FAIL
decor/floor: delta L=0.0205, delta hue=1.88 FAIL
decor/grass: delta L=0.0129, delta hue=0.73 FAIL
decor/wall: delta L=0.1847, delta hue=0.40 PASS
decor/water: delta L=0.1677, delta hue=129.55 PASS
door/floor: delta L=0.0489, delta hue=0.61 FAIL
door/grass: delta L=0.0565, delta hue=0.53 FAIL
door/wall: delta L=0.1153, delta hue=1.66 FAIL
door/water: delta L=0.0983, delta hue=130.81 PASS
floor/grass: delta L=0.0076, delta hue=1.15 FAIL
floor/wall: delta L=0.1642, delta hue=2.28 PASS
floor/water: delta L=0.1472, delta hue=131.42 PASS
grass/wall: delta L=0.1718, delta hue=1.13 PASS
grass/water: delta L=0.1548, delta hue=130.28 PASS
wall/water: delta L=0.0169, delta hue=129.15 PASS
TEST 45: region=city types=6 pairs=15 failures=3
decor/door: delta L=0.0225, delta hue=151.54 PASS
decor/floor: delta L=0.0059, delta hue=118.40 PASS
decor/grass: delta L=0.0742, delta hue=155.80 PASS
decor/wall: delta L=0.1327, delta hue=80.30 PASS
decor/water: delta L=0.0602, delta hue=64.62 PASS
door/floor: delta L=0.0166, delta hue=33.14 FAIL
door/grass: delta L=0.0517, delta hue=4.26 FAIL
door/wall: delta L=0.1552, delta hue=71.24 PASS
door/water: delta L=0.0827, delta hue=143.84 PASS
floor/grass: delta L=0.0683, delta hue=37.40 FAIL
floor/wall: delta L=0.1386, delta hue=38.10 PASS
floor/water: delta L=0.0661, delta hue=176.98 PASS
grass/wall: delta L=0.2069, delta hue=75.50 PASS
grass/water: delta L=0.1344, delta hue=139.58 PASS
wall/water: delta L=0.0725, delta hue=144.92 PASS
TEST 45: region=halls types=6 pairs=15 failures=8
decor/door: delta L=0.0081, delta hue=49.35 PASS
decor/floor: delta L=0.0006, delta hue=2.04 FAIL
decor/grass: delta L=0.0004, delta hue=14.75 FAIL
decor/wall: delta L=0.1184, delta hue=25.09 FAIL
decor/water: delta L=0.0255, delta hue=53.38 PASS
door/floor: delta L=0.0086, delta hue=47.31 PASS
door/grass: delta L=0.0085, delta hue=64.10 PASS
door/wall: delta L=0.1265, delta hue=24.26 PASS
door/water: delta L=0.0336, delta hue=4.03 FAIL
floor/grass: delta L=0.0002, delta hue=16.79 FAIL
floor/wall: delta L=0.1179, delta hue=23.05 FAIL
floor/water: delta L=0.0250, delta hue=51.34 PASS
grass/wall: delta L=0.1180, delta hue=39.84 FAIL
grass/water: delta L=0.0251, delta hue=68.13 PASS
wall/water: delta L=0.0929, delta hue=28.29 FAIL
TEST 44 final packages: 484 source assets match JAR and APK bytes; failures=0
Final JUnit: tests=5 failures=0 errors=0 skipped=0
TEST 46 compiled handlers (before UV/mesh-only correction): classes=2875 guarded browser sinks=1 HTTP/socket calls=0 failures=0
