> Task :core:processResources NO-SOURCE
> Task :desktop:processResources UP-TO-DATE
> Task :services:compileJava UP-TO-DATE
> Task :services:news:shatteredNews:processResources NO-SOURCE
> Task :services:updates:githubUpdates:processResources NO-SOURCE
> Task :services:processResources NO-SOURCE
> Task :services:classes UP-TO-DATE
> Task :services:jar UP-TO-DATE
> Task :SPD-classes:compileJava UP-TO-DATE
> Task :SPD-classes:processResources NO-SOURCE
> Task :SPD-classes:classes UP-TO-DATE
> Task :SPD-classes:jar UP-TO-DATE
> Task :services:news:shatteredNews:compileJava UP-TO-DATE
> Task :core:compileJava UP-TO-DATE
> Task :core:classes UP-TO-DATE
> Task :services:news:shatteredNews:classes UP-TO-DATE
> Task :services:updates:githubUpdates:compileJava UP-TO-DATE
> Task :services:updates:githubUpdates:classes UP-TO-DATE
> Task :core:jar UP-TO-DATE
> Task :services:news:shatteredNews:jar UP-TO-DATE
> Task :services:updates:githubUpdates:jar UP-TO-DATE
> Task :desktop:compileJava UP-TO-DATE
> Task :desktop:classes UP-TO-DATE

> Task :desktop:run
PREFERENCES_PATH=C:\Users\Hartl\AppData\Roaming\.grimhollow\Grimhollow
[Controllers] added manager for application, 1 managers active
RENDERED=TitleScene SCREENSHOT=C:\Users\Hartl\Documents\grimhollow\.local\clean-check\.local\acceptance/title.png
[GAME] @@ You descend to floor 1 of the dungeon.
[GAME] ++ Use the mouse, WASD, or arrow keys to move and interact.
RENDERED=GameScene SCREENSHOT=C:\Users\Hartl\Documents\grimhollow\.local\clean-check\.local\acceptance/sewers-lighting-on.png
RENDERED=GameScene SCREENSHOT=C:\Users\Hartl\Documents\grimhollow\.local\clean-check\.local\acceptance/sewers-lighting-off.png
PASS: Sewer scene renders with dynamic lighting on and off.
[Controllers] removed manager for application, 0 managers active

[Incubating] Problems report is available at: file:///C:/Users/Hartl/Documents/grimhollow/.local/clean-check/build/reports/problems/problems-report.html

Deprecated Gradle features were used in this build, making it incompatible with Gradle 10.

You can use '--warning-mode all' to show the individual deprecation warnings and determine if they come from your own scripts or plugins.

For more on this, please refer to https://docs.gradle.org/9.4.0/userguide/command_line_interface.html#sec:command_line_warnings in the Gradle documentation.

BUILD SUCCESSFUL in 11s
13 actionable tasks: 1 executed, 12 up-to-date
Consider enabling configuration cache to speed up this build: https://docs.gradle.org/9.4.0/userguide/configuration_cache_enabling.html
PREFERENCES_PATH=C:\Users\Hartl\AppData\Roaming\.grimhollow\Grimhollow
[Controllers] added manager for application, 1 managers active
RENDERED=TitleScene SCREENSHOT=C:/Users/Hartl/Documents/grimhollow/.local/acceptance/title.png
[GAME] @@ You descend to floor 1 of the dungeon.
[GAME] ++ Use the mouse, WASD, or arrow keys to move and interact.
RENDERED=GameScene SCREENSHOT=C:/Users/Hartl/Documents/grimhollow/.local/acceptance/sewers-lighting-on.png
RENDERED=GameScene SCREENSHOT=C:/Users/Hartl/Documents/grimhollow/.local/acceptance/sewers-lighting-off.png
TEST 24: heroes=7 mob sprites=101 failures=0
TEST 25: items=358 identification icons=60 failures=0
TEST 26: three stains and floor/chasm/water/trap placement failures=0
TESTS 24-26 PASS
PASS: Sewer scene renders with dynamic lighting on and off.
[Controllers] removed manager for application, 0 managers active

v0.5 stage 4.5: desktop:dist BUILD SUCCESSFUL; -Dgrimhollow.geometryTests=true --smoke-sewers: TEST 24 heroes=9 mob sprites=101 failures=0; TEST 25 items=365 identification icons=60 failures=0; TESTS 24-26, 34-36 PASS.

Stage 3.5: desktop:dist BUILD SUCCESSFUL; TESTS 24-26, 34-36 PASS.
PREFERENCES_PATH=C:\Users\Hartl\AppData\Roaming\.grimhollow\Grimhollow
[Controllers] added manager for application, 1 managers active
RENDERED=TitleScene SCREENSHOT=.local/acceptance/title.png
[GAME] @@ You descend to floor 1 of the dungeon.
[GAME] ++ Use the mouse, WASD, or arrow keys to move and interact.
RENDERED=GameScene SCREENSHOT=.local/acceptance/sewers-lighting-on.png
RENDERED=GameScene SCREENSHOT=.local/acceptance/sewers-lighting-off.png
TEST 24: heroes=9 mob sprites=102 failures=0
TEST 25: items=365 identification icons=60 failures=0
TEST 26: three stains and floor/chasm/water/trap placement failures=0
TEST 36: nine splashes, descriptions, portraits, all talents and ItemSlots failures=0
TEST 34: old/future version, portrait exception and deletion failures=0
TEST 35: packaged classes/resources and source contact scan failures=0
TESTS 24-26, 34-36 PASS
PASS: Sewer scene renders with dynamic lighting on and off.
[Controllers] removed manager for application, 0 managers active

Stage 5 launchers: tools/rebuild.bat BUILD SUCCESSFUL; tools/play.bat created a responding Grimhollow window, then the created window was closed. Initial rendered-atlas test 24 found four empty shared variant rows; pipeline-source preservation fixed all four with the original bounds unchanged.

Stage 6a packaged desktop 0.5.0
PREFERENCES_PATH=C:\Users\Hartl\AppData\Roaming\.grimhollow\Grimhollow
[Controllers] added manager for application, 1 managers active
RENDERED=TitleScene SCREENSHOT=.local/acceptance/title.png
ITERATION ROOM: seed=417 bounds=1,15,10,22 water=15 doors=2 rubble=2 wallTorch=1 bridgeCell=725 heroCell=726 terrainEdits=0
[GAME] @@ You descend to floor 1 of the dungeon.
[GAME] ++ Use the mouse, WASD, or arrow keys to move and interact.
RENDERED=GameScene SCREENSHOT=.local/acceptance/sewers-lighting-on.png
ITERATION SCREENSHOT: lighting=true defaultZoom=3.0
RENDERED=GameScene SCREENSHOT=.local/acceptance/sewers-lighting-off.png
TEST 24: heroes=9 mob sprites=102 failures=0
TEST 25: items=365 identification icons=60 failures=0
TEST 26: three stains and floor/chasm/water/trap placement failures=0
TEST 36: nine splashes, descriptions, portraits, all talents and ItemSlots failures=0
TEST 34: old/future version, portrait exception and deletion failures=0
TEST 35: packaged classes/resources and source contact scan failures=0
TESTS 24-26, 34-36 PASS
TEST 41 runtime: phase/frame checks=8192 adjacent synchronization failures=0
PASS: Sewer scene renders with dynamic lighting on and off.
[Controllers] removed manager for application, 0 managers active

Stage 6b desktop:dist core:test core:smokeRun --no-daemon
To honour the JVM settings for this build a single-use Daemon process will be forked. For more on this, please refer to https://docs.gradle.org/9.4.0/userguide/gradle_daemon.html#sec:disabling_the_daemon in the Gradle documentation.
Daemon will be stopped at the end of the build
> Task :core:processResources NO-SOURCE
> Task :services:news:shatteredNews:processResources NO-SOURCE
> Task :services:updates:githubUpdates:processResources NO-SOURCE
> Task :core:processTestResources NO-SOURCE
> Task :services:compileJava UP-TO-DATE
> Task :SPD-classes:compileJava UP-TO-DATE
> Task :services:news:shatteredNews:compileJava UP-TO-DATE
> Task :services:processResources NO-SOURCE
> Task :services:classes UP-TO-DATE
> Task :services:updates:githubUpdates:compileJava UP-TO-DATE
> Task :SPD-classes:processResources NO-SOURCE
> Task :SPD-classes:classes UP-TO-DATE
> Task :services:jar
> Task :SPD-classes:jar
> Task :services:news:shatteredNews:classes UP-TO-DATE
> Task :services:updates:githubUpdates:classes UP-TO-DATE
> Task :services:news:shatteredNews:jar
> Task :services:updates:githubUpdates:jar
> Task :desktop:processResources
> Task :core:compileJava
> Task :core:classes
> Task :desktop:compileJava UP-TO-DATE
> Task :desktop:classes
> Task :core:jar
> Task :core:compileTestJava UP-TO-DATE
> Task :core:testClasses UP-TO-DATE
> Task :core:test

> Task :core:smokeRun
[GAME] ** There is no room for another minion.
TEST 27 PASS: 300 turns unchanged; 12 charges level=1 Wraith offered; hostile attacked within 2 turns
[GAME] ** There is no room for another minion.
NECROMANCER kit, talents, subclasses, spells, armor, caps, and persistence: PASS
PASS NECROMANCER seed=0 floor=6 save/load=ok
[GAME] ** There is no room for another minion.
TEST 27 PASS: 300 turns unchanged; 12 charges level=1 Wraith offered; hostile attacked within 2 turns
[GAME] ** There is no room for another minion.
NECROMANCER kit, talents, subclasses, spells, armor, caps, and persistence: PASS
PASS NECROMANCER seed=1 floor=6 save/load=ok
[GAME] ** There is no room for another minion.
TEST 27 PASS: 300 turns unchanged; 12 charges level=1 Wraith offered; hostile attacked within 2 turns
[GAME] ** There is no room for another minion.
NECROMANCER kit, talents, subclasses, spells, armor, caps, and persistence: PASS
PASS NECROMANCER seed=2 floor=6 save/load=ok
[GAME] ** There is no room for another minion.
TEST 27 PASS: 300 turns unchanged; 12 charges level=1 Wraith offered; hostile attacked within 2 turns
[GAME] ** There is no room for another minion.
NECROMANCER kit, talents, subclasses, spells, armor, caps, and persistence: PASS
PASS NECROMANCER seed=3 floor=6 save/load=ok
[GAME] ** There is no room for another minion.
TEST 27 PASS: 300 turns unchanged; 12 charges level=1 Wraith offered; hostile attacked within 2 turns
[GAME] ** There is no room for another minion.
NECROMANCER kit, talents, subclasses, spells, armor, caps, and persistence: PASS
PASS NECROMANCER seed=4 floor=6 save/load=ok
[GAME] ** There is no room for another minion.
TEST 27 PASS: 300 turns unchanged; 12 charges level=1 Wraith offered; hostile attacked within 2 turns
[GAME] ** There is no room for another minion.
NECROMANCER kit, talents, subclasses, spells, armor, caps, and persistence: PASS
PASS NECROMANCER seed=5 floor=6 save/load=ok
[GAME] ** There is no room for another minion.
TEST 27 PASS: 300 turns unchanged; 12 charges level=1 Wraith offered; hostile attacked within 2 turns
[GAME] ** There is no room for another minion.
NECROMANCER kit, talents, subclasses, spells, armor, caps, and persistence: PASS
PASS NECROMANCER seed=6 floor=6 save/load=ok
[GAME] ** There is no room for another minion.
TEST 27 PASS: 300 turns unchanged; 12 charges level=1 Wraith offered; hostile attacked within 2 turns
[GAME] ** There is no room for another minion.
NECROMANCER kit, talents, subclasses, spells, armor, caps, and persistence: PASS
PASS NECROMANCER seed=7 floor=6 save/load=ok
[GAME] ** There is no room for another minion.
TEST 27 PASS: 300 turns unchanged; 12 charges level=1 Wraith offered; hostile attacked within 2 turns
[GAME] ** There is no room for another minion.
NECROMANCER kit, talents, subclasses, spells, armor, caps, and persistence: PASS
PASS NECROMANCER seed=8 floor=6 save/load=ok
[GAME] ** There is no room for another minion.
TEST 27 PASS: 300 turns unchanged; 12 charges level=1 Wraith offered; hostile attacked within 2 turns
[GAME] ** There is no room for another minion.
NECROMANCER kit, talents, subclasses, spells, armor, caps, and persistence: PASS
PASS NECROMANCER seed=9 floor=6 save/load=ok
TEST 37 PASS: transfer, upgrade, replacement, carrier loss and reattachment
TEST 33 PASS: scroll and stone offers, distinct exclusions, cancel/apply, Artificer, Scrivener and history persistence
ENCHANTER kit, talents, subclasses, inscriptions, armor, and persistence: PASS
PASS ENCHANTER seed=0 floor=6 save/load=ok
TEST 37 PASS: transfer, upgrade, replacement, carrier loss and reattachment
TEST 33 PASS: scroll and stone offers, distinct exclusions, cancel/apply, Artificer, Scrivener and history persistence
ENCHANTER kit, talents, subclasses, inscriptions, armor, and persistence: PASS
PASS ENCHANTER seed=1 floor=6 save/load=ok
TEST 37 PASS: transfer, upgrade, replacement, carrier loss and reattachment
TEST 33 PASS: scroll and stone offers, distinct exclusions, cancel/apply, Artificer, Scrivener and history persistence
ENCHANTER kit, talents, subclasses, inscriptions, armor, and persistence: PASS
PASS ENCHANTER seed=2 floor=6 save/load=ok
TEST 37 PASS: transfer, upgrade, replacement, carrier loss and reattachment
TEST 33 PASS: scroll and stone offers, distinct exclusions, cancel/apply, Artificer, Scrivener and history persistence
ENCHANTER kit, talents, subclasses, inscriptions, armor, and persistence: PASS
PASS ENCHANTER seed=3 floor=6 save/load=ok
TEST 37 PASS: transfer, upgrade, replacement, carrier loss and reattachment
TEST 33 PASS: scroll and stone offers, distinct exclusions, cancel/apply, Artificer, Scrivener and history persistence
ENCHANTER kit, talents, subclasses, inscriptions, armor, and persistence: PASS
PASS ENCHANTER seed=4 floor=6 save/load=ok
TEST 37 PASS: transfer, upgrade, replacement, carrier loss and reattachment
TEST 33 PASS: scroll and stone offers, distinct exclusions, cancel/apply, Artificer, Scrivener and history persistence
ENCHANTER kit, talents, subclasses, inscriptions, armor, and persistence: PASS
PASS ENCHANTER seed=5 floor=6 save/load=ok
TEST 37 PASS: transfer, upgrade, replacement, carrier loss and reattachment
TEST 33 PASS: scroll and stone offers, distinct exclusions, cancel/apply, Artificer, Scrivener and history persistence
ENCHANTER kit, talents, subclasses, inscriptions, armor, and persistence: PASS
PASS ENCHANTER seed=6 floor=6 save/load=ok
TEST 37 PASS: transfer, upgrade, replacement, carrier loss and reattachment
TEST 33 PASS: scroll and stone offers, distinct exclusions, cancel/apply, Artificer, Scrivener and history persistence
ENCHANTER kit, talents, subclasses, inscriptions, armor, and persistence: PASS
PASS ENCHANTER seed=7 floor=6 save/load=ok
TEST 37 PASS: transfer, upgrade, replacement, carrier loss and reattachment
TEST 33 PASS: scroll and stone offers, distinct exclusions, cancel/apply, Artificer, Scrivener and history persistence
ENCHANTER kit, talents, subclasses, inscriptions, armor, and persistence: PASS
PASS ENCHANTER seed=8 floor=6 save/load=ok
TEST 37 PASS: transfer, upgrade, replacement, carrier loss and reattachment
TEST 33 PASS: scroll and stone offers, distinct exclusions, cancel/apply, Artificer, Scrivener and history persistence
ENCHANTER kit, talents, subclasses, inscriptions, armor, and persistence: PASS
PASS ENCHANTER seed=9 floor=6 save/load=ok
PSYCHIC kit, talents, subclasses, Grasp, thrown damage, domination, armor and persistence: PASS; TESTS 11-13 PASS
PASS PSYCHIC seed=0 floor=6 save/load=ok
PSYCHIC kit, talents, subclasses, Grasp, thrown damage, domination, armor and persistence: PASS; TESTS 11-13 PASS
PASS PSYCHIC seed=1 floor=6 save/load=ok
PSYCHIC kit, talents, subclasses, Grasp, thrown damage, domination, armor and persistence: PASS; TESTS 11-13 PASS

> Task :desktop:release
> Task :desktop:dist

> Task :core:smokeRun
PASS PSYCHIC seed=2 floor=6 save/load=ok
PSYCHIC kit, talents, subclasses, Grasp, thrown damage, domination, armor and persistence: PASS; TESTS 11-13 PASS
PASS PSYCHIC seed=3 floor=6 save/load=ok
PSYCHIC kit, talents, subclasses, Grasp, thrown damage, domination, armor and persistence: PASS; TESTS 11-13 PASS
PASS PSYCHIC seed=4 floor=6 save/load=ok
PSYCHIC kit, talents, subclasses, Grasp, thrown damage, domination, armor and persistence: PASS; TESTS 11-13 PASS
PASS PSYCHIC seed=5 floor=6 save/load=ok
PSYCHIC kit, talents, subclasses, Grasp, thrown damage, domination, armor and persistence: PASS; TESTS 11-13 PASS
PASS PSYCHIC seed=6 floor=6 save/load=ok
PSYCHIC kit, talents, subclasses, Grasp, thrown damage, domination, armor and persistence: PASS; TESTS 11-13 PASS
PASS PSYCHIC seed=7 floor=6 save/load=ok
PSYCHIC kit, talents, subclasses, Grasp, thrown damage, domination, armor and persistence: PASS; TESTS 11-13 PASS
PASS PSYCHIC seed=8 floor=6 save/load=ok
PSYCHIC kit, talents, subclasses, Grasp, thrown damage, domination, armor and persistence: PASS; TESTS 11-13 PASS
PASS PSYCHIC seed=9 floor=6 save/load=ok
Runs=30 failures=0

[Incubating] Problems report is available at: file:///C:/Users/Hartl/Documents/grimhollow/build/reports/problems/problems-report.html

Deprecated Gradle features were used in this build, making it incompatible with Gradle 10.

You can use '--warning-mode all' to show the individual deprecation warnings and determine if they come from your own scripts or plugins.

For more on this, please refer to https://docs.gradle.org/9.4.0/userguide/command_line_interface.html#sec:command_line_warnings in the Gradle documentation.

BUILD SUCCESSFUL in 34s
16 actionable tasks: 10 executed, 6 up-to-date
Consider enabling configuration cache to speed up this build: https://docs.gradle.org/9.4.0/userguide/configuration_cache_enabling.html

Upstream v4.0.0 integration, 2026-09-11; .local/v4-vault.txt:
PREFERENCES_PATH=C:\Users\Hartl\AppData\Roaming\.grimhollow\Grimhollow
[Controllers] added manager for application, 1 managers active
RENDERED=TitleScene SCREENSHOT=.local/acceptance/title.png
[GAME] @@ You descend to floor 19 of the dungeon.
[GAME] ** You have unspent talent points!
[GAME] ++ Use the mouse, WASD, or arrow keys to move and interact.
RENDERED=GameScene SCREENSHOT=.local/acceptance/vault-fire.png
RENDERED=GameScene SCREENSHOT=.local/acceptance/vault-frost.png
RENDERED=GameScene SCREENSHOT=.local/acceptance/vault-shock.png
RENDERED=GameScene SCREENSHOT=.local/acceptance/vault-lighting-on.png
PASS V4 rendering: arena trigger, FIRE/FROST/SHOCK, scripted boss death and treasure door unlock (not a played fight)
RENDERED=GameScene SCREENSHOT=.local/acceptance/vault-lighting-off.png
TEST 24: heroes=9 mob sprites=112 failures=0
TEST 25: items=370 identification icons=60 failures=0
TEST 26: three stains and floor/chasm/water/trap placement failures=0
TEST 36: nine splashes, descriptions, portraits, all talents and ItemSlots failures=0
TEST 34: old/future version, portrait exception and deletion failures=0
TEST 35: packaged classes/resources and source contact scan failures=0
TESTS 24-26, 34-36 PASS
PASS: Vault scene renders with dynamic lighting on and off.
[Controllers] removed manager for application, 0 managers active


Upstream v4.0.0 integration, 2026-09-11; .local/v4-iteration-checks.txt:
Wall/floor distinctness: mean luminance difference=0.2143, representative pHash bits=34.0000 PASS
Feature scale at 1x: median flagstone fraction=0.1541 PASS
Adjacent water/floor contrast: median luminance difference=0.1596, median hue difference=34.7089 PASS
No boundary halo: outer minus inner mean=-0.1494 PASS
Visible-cell value range: visible mean=0.1372, visible std=0.1251 PASS
Hero / rat / item readability: hero bbox contrast=0.4294, rat bbox contrast=0.2952, item bbox contrast=0.5042 PASS
TEST 40: region=sewers measurements=6 failures=0
TEST 39: region=sewers classes=5 failures=0; liquids use test 41
Wall/floor distinctness: mean luminance difference=0.2385, representative pHash bits=36.0000 PASS
Feature scale at 1x: median flagstone fraction=0.3472 PASS
Adjacent water/floor contrast: median luminance difference=0.1372, median hue difference=163.3458 PASS
No boundary halo: outer minus inner mean=-0.1566 PASS
Visible-cell value range: visible mean=0.1709, visible std=0.1855 PASS
Hero / rat / item readability: hero bbox contrast=0.4023, rat bbox contrast=0.2747, item bbox contrast=0.4920 PASS
TEST 42: region=prison measurements=6 failures=0
FAIL: current screenshot fails board global targets
TEST 39: region=prison classes=5 failures=1; liquids use test 41
Wall/floor distinctness: mean luminance difference=0.2058, representative pHash bits=32.0000 PASS
Feature scale at 1x: median flagstone fraction=0.7031 PASS
Adjacent water/floor contrast: median luminance difference=0.1868, median hue difference=30.8526 PASS
No boundary halo: outer minus inner mean=-0.1350 PASS
Visible-cell value range: visible mean=0.1345, visible std=0.1359 PASS
Hero / rat / item readability: hero bbox contrast=0.4239, rat bbox contrast=0.2252, item bbox contrast=0.4880 PASS
TEST 42: region=caves measurements=6 failures=0
TEST 39: region=caves classes=5 failures=0; liquids use test 41
Wall/floor distinctness: mean luminance difference=0.1761, representative pHash bits=28.0000 PASS
Feature scale at 1x: median flagstone fraction=0.8049 PASS
Adjacent water/floor contrast: median luminance difference=0.1783, median hue difference=62.4094 PASS
No boundary halo: outer minus inner mean=-0.0777 PASS
Visible-cell value range: visible mean=0.1310, visible std=0.1366 PASS
Hero / rat / item readability: hero bbox contrast=0.5628, rat bbox contrast=0.2673, item bbox contrast=0.5442 PASS
TEST 42: region=city measurements=6 failures=0
TEST 39: region=city classes=5 failures=0; liquids use test 41
Wall/floor distinctness: mean luminance difference=0.0423, representative pHash bits=30.0000 PASS
Feature scale at 1x: median flagstone fraction=0.9149 PASS
Adjacent water/floor contrast: median luminance difference=0.0825, median hue difference=136.5498 PASS
No boundary halo: outer minus inner mean=-0.0580 PASS
Visible-cell value range: visible mean=0.0603, visible std=0.1041 PASS
Hero / rat / item readability: hero bbox contrast=0.6635, rat bbox contrast=0.2144, item bbox contrast=0.7550 PASS
TEST 42: region=halls measurements=6 failures=0
TEST 39: region=halls classes=5 failures=0; liquids use test 41


Upstream v4.0.0 integration, 2026-09-11; .local/v4-liquid.txt:
sewage: min variant pHash=28, max one-tile autocorrelation=0.340
water: min variant pHash=28, max one-tile autocorrelation=0.340
lava: min variant pHash=28, max one-tile autocorrelation=0.340
FAIL: hard room vision gate
TEST 41: liquid frames=96 failures=1

V4 occlusion integration correction: .local/v4-shadow-regions.txt
PREFERENCES_PATH=C:\Users\Hartl\AppData\Roaming\.grimhollow\Grimhollow
[Controllers] added manager for application, 1 managers active
RENDERED=TitleScene SCREENSHOT=.local/acceptance/title.png
ITERATION ROOM: seed=419 bounds=13,14,20,22 water=18 doors=1 rubble=2 wallTorch=1 torchCell=761 bridgeCell=594 heroCell=627 terrainEdits=0
[GAME] @@ You descend to floor 1 of the dungeon.
[GAME] ++ Use the mouse, WASD, or arrow keys to move and interact.
RENDERED=GameScene SCREENSHOT=.local/acceptance/sewers-lighting-on.png
ITERATION SCREENSHOT: lighting=true defaultZoom=3.0
RENDERED=GameScene SCREENSHOT=.local/acceptance/sewers-lighting-off.png
TEST 41 runtime: phase/frame checks=8192 adjacent synchronization failures=0
PASS: Sewer scene renders with dynamic lighting on and off.
[Controllers] removed manager for application, 0 managers active
Wall/floor distinctness: mean luminance difference=0.2149, representative pHash bits=36.0000 PASS
Feature scale at 1x: median flagstone fraction=0.1503 PASS
Adjacent water/floor contrast: median luminance difference=0.1444, median hue difference=34.7625 PASS
No boundary halo: outer minus inner mean=-0.1504 PASS
Visible-cell value range: visible mean=0.1291, visible std=0.1250 PASS
Hero / rat / item readability: hero bbox contrast=0.4265, rat bbox contrast=0.2874, item bbox contrast=0.4900 PASS
TEST 40: region=sewers measurements=6 failures=0
PREFERENCES_PATH=C:\Users\Hartl\AppData\Roaming\.grimhollow\Grimhollow
[Controllers] added manager for application, 1 managers active
RENDERED=TitleScene SCREENSHOT=.local/acceptance/title.png
ITERATION ROOM: seed=417 bounds=29,25,37,32 water=7 doors=1 rubble=1 wallTorch=1 torchCell=1056 bridgeCell=1181 heroCell=1181 terrainEdits=0
[GAME] @@ You descend to floor 6 of the dungeon.
[GAME] ++ Use the mouse, WASD, or arrow keys to move and interact.
RENDERED=GameScene SCREENSHOT=.local/acceptance/sewers-lighting-on.png
ITERATION SCREENSHOT: lighting=true defaultZoom=3.0
RENDERED=GameScene SCREENSHOT=.local/acceptance/sewers-lighting-off.png
TEST 41 runtime: phase/frame checks=8192 adjacent synchronization failures=0
PASS: Sewer scene renders with dynamic lighting on and off.
[Controllers] removed manager for application, 0 managers active
Wall/floor distinctness: mean luminance difference=0.2371, representative pHash bits=36.0000 PASS
Feature scale at 1x: median flagstone fraction=0.3477 PASS
Adjacent water/floor contrast: median luminance difference=0.1405, median hue difference=168.6791 PASS
No boundary halo: outer minus inner mean=-0.1554 PASS
Visible-cell value range: visible mean=0.1711, visible std=0.1853 PASS
Hero / rat / item readability: hero bbox contrast=0.4151, rat bbox contrast=0.2747, item bbox contrast=0.4775 PASS
TEST 42: region=prison measurements=6 failures=0
PREFERENCES_PATH=C:\Users\Hartl\AppData\Roaming\.grimhollow\Grimhollow
[Controllers] added manager for application, 1 managers active
RENDERED=TitleScene SCREENSHOT=.local/acceptance/title.png
ITERATION ROOM: seed=422 bounds=29,29,35,35 water=5 doors=2 rubble=4 wallTorch=1 torchCell=1309 bridgeCell=1440 heroCell=1528 terrainEdits=0
[GAME] @@ You descend to floor 11 of the dungeon.
[GAME] ** The ground seems especially treacherous here.
[GAME] ++ Use the mouse, WASD, or arrow keys to move and interact.
RENDERED=GameScene SCREENSHOT=.local/acceptance/sewers-lighting-on.png
ITERATION SCREENSHOT: lighting=true defaultZoom=3.0
RENDERED=GameScene SCREENSHOT=.local/acceptance/sewers-lighting-off.png
TEST 41 runtime: phase/frame checks=8192 adjacent synchronization failures=0
PASS: Sewer scene renders with dynamic lighting on and off.
[Controllers] removed manager for application, 0 managers active
Wall/floor distinctness: mean luminance difference=0.2059, representative pHash bits=32.0000 PASS
Feature scale at 1x: median flagstone fraction=0.7031 PASS
Adjacent water/floor contrast: median luminance difference=0.1868, median hue difference=30.8526 PASS
No boundary halo: outer minus inner mean=-0.1352 PASS
Visible-cell value range: visible mean=0.1344, visible std=0.1357 PASS
Hero / rat / item readability: hero bbox contrast=0.4239, rat bbox contrast=0.2211, item bbox contrast=0.4880 PASS
TEST 42: region=caves measurements=6 failures=0
PREFERENCES_PATH=C:\Users\Hartl\AppData\Roaming\.grimhollow\Grimhollow
[Controllers] added manager for application, 1 managers active
RENDERED=TitleScene SCREENSHOT=.local/acceptance/title.png
ITERATION ROOM: seed=426 bounds=7,10,14,18 water=12 doors=3 rubble=1 wallTorch=1 torchCell=332 bridgeCell=458 heroCell=362 terrainEdits=0
[GAME] @@ You descend to floor 16 of the dungeon.
[GAME] ++ Use the mouse, WASD, or arrow keys to move and interact.
RENDERED=GameScene SCREENSHOT=.local/acceptance/sewers-lighting-on.png
ITERATION SCREENSHOT: lighting=true defaultZoom=3.0
RENDERED=GameScene SCREENSHOT=.local/acceptance/sewers-lighting-off.png
TEST 41 runtime: phase/frame checks=8192 adjacent synchronization failures=0
PASS: Sewer scene renders with dynamic lighting on and off.
[Controllers] removed manager for application, 0 managers active
Wall/floor distinctness: mean luminance difference=0.1762, representative pHash bits=28.0000 PASS
Feature scale at 1x: median flagstone fraction=0.8049 PASS
Adjacent water/floor contrast: median luminance difference=0.1783, median hue difference=62.4094 PASS
No boundary halo: outer minus inner mean=-0.0778 PASS
Visible-cell value range: visible mean=0.1310, visible std=0.1365 PASS
Hero / rat / item readability: hero bbox contrast=0.5628, rat bbox contrast=0.2673, item bbox contrast=0.5442 PASS
TEST 42: region=city measurements=6 failures=0
PREFERENCES_PATH=C:\Users\Hartl\AppData\Roaming\.grimhollow\Grimhollow
[Controllers] added manager for application, 1 managers active
RENDERED=TitleScene SCREENSHOT=.local/acceptance/title.png
ITERATION ROOM: seed=454 bounds=26,23,33,28 water=4 doors=2 rubble=1 wallTorch=1 torchCell=1178 bridgeCell=1329 heroCell=1329 terrainEdits=0
[GAME] @@ You descend to floor 21 of the dungeon.
[GAME] -- You feel that there's a source of demonic energy above you...
[GAME] ** You hear water splashing around you.
[GAME] ++ Use the mouse, WASD, or arrow keys to move and interact.
RENDERED=GameScene SCREENSHOT=.local/acceptance/sewers-lighting-on.png
ITERATION SCREENSHOT: lighting=true defaultZoom=3.0
RENDERED=GameScene SCREENSHOT=.local/acceptance/sewers-lighting-off.png
TEST 41 runtime: phase/frame checks=8192 adjacent synchronization failures=0
PASS: Sewer scene renders with dynamic lighting on and off.
[Controllers] removed manager for application, 0 managers active
Wall/floor distinctness: mean luminance difference=0.0423, representative pHash bits=28.0000 PASS
Feature scale at 1x: median flagstone fraction=0.9167 PASS
Adjacent water/floor contrast: median luminance difference=0.0903, median hue difference=136.8813 PASS
No boundary halo: outer minus inner mean=-0.0570 PASS
Visible-cell value range: visible mean=0.0601, visible std=0.1032 PASS
Hero / rat / item readability: hero bbox contrast=0.6635, rat bbox contrast=0.2144, item bbox contrast=0.7550 PASS
TEST 42: region=halls measurements=6 failures=0

V4 occlusion integration correction: .local/v4-halls-check.txt
Wall/floor distinctness: mean luminance difference=0.0435, representative pHash bits=30.0000 PASS
Feature scale at 1x: median flagstone fraction=0.9258 PASS
Adjacent water/floor contrast: median luminance difference=0.0776, median hue difference=134.5323 PASS
No boundary halo: outer minus inner mean=-0.0571 PASS
Visible-cell value range: visible mean=0.0615, visible std=0.1054 PASS
Hero / rat / item readability: hero bbox contrast=0.6710, rat bbox contrast=0.2155, item bbox contrast=0.7550 PASS
TEST 42: region=halls measurements=6 failures=0
TEST 39: region=halls classes=5 failures=0; liquids use test 41

V4 final rendering acceptance: .local/v4-final-rooms.txt
Wall/floor distinctness: mean luminance difference=0.2149, representative pHash bits=36.0000 PASS
Feature scale at 1x: median flagstone fraction=0.1503 PASS
Adjacent water/floor contrast: median luminance difference=0.1444, median hue difference=34.7625 PASS
No boundary halo: outer minus inner mean=-0.1504 PASS
Visible-cell value range: visible mean=0.1291, visible std=0.1250 PASS
Hero / rat / item readability: hero bbox contrast=0.4265, rat bbox contrast=0.2874, item bbox contrast=0.4900 PASS
TEST 40: region=sewers measurements=6 failures=0
TEST 39: region=sewers classes=5 failures=0; liquids use test 41
Wall/floor distinctness: mean luminance difference=0.2371, representative pHash bits=36.0000 PASS
Feature scale at 1x: median flagstone fraction=0.3477 PASS
Adjacent water/floor contrast: median luminance difference=0.1405, median hue difference=168.6791 PASS
No boundary halo: outer minus inner mean=-0.1554 PASS
Visible-cell value range: visible mean=0.1711, visible std=0.1853 PASS
Hero / rat / item readability: hero bbox contrast=0.4151, rat bbox contrast=0.2747, item bbox contrast=0.4775 PASS
TEST 42: region=prison measurements=6 failures=0
FAIL: current screenshot fails board global targets
TEST 39: region=prison classes=5 failures=1; liquids use test 41
Wall/floor distinctness: mean luminance difference=0.2059, representative pHash bits=32.0000 PASS
Feature scale at 1x: median flagstone fraction=0.7031 PASS
Adjacent water/floor contrast: median luminance difference=0.1868, median hue difference=30.8526 PASS
No boundary halo: outer minus inner mean=-0.1352 PASS
Visible-cell value range: visible mean=0.1344, visible std=0.1357 PASS
Hero / rat / item readability: hero bbox contrast=0.4239, rat bbox contrast=0.2211, item bbox contrast=0.4880 PASS
TEST 42: region=caves measurements=6 failures=0
TEST 39: region=caves classes=5 failures=0; liquids use test 41
Wall/floor distinctness: mean luminance difference=0.1762, representative pHash bits=28.0000 PASS
Feature scale at 1x: median flagstone fraction=0.8049 PASS
Adjacent water/floor contrast: median luminance difference=0.1783, median hue difference=62.4094 PASS
No boundary halo: outer minus inner mean=-0.0778 PASS
Visible-cell value range: visible mean=0.1310, visible std=0.1365 PASS
Hero / rat / item readability: hero bbox contrast=0.5628, rat bbox contrast=0.2673, item bbox contrast=0.5442 PASS
TEST 42: region=city measurements=6 failures=0
TEST 39: region=city classes=5 failures=0; liquids use test 41
Wall/floor distinctness: mean luminance difference=0.0435, representative pHash bits=30.0000 PASS
Feature scale at 1x: median flagstone fraction=0.9258 PASS
Adjacent water/floor contrast: median luminance difference=0.0776, median hue difference=134.5323 PASS
No boundary halo: outer minus inner mean=-0.0571 PASS
Visible-cell value range: visible mean=0.0615, visible std=0.1054 PASS
Hero / rat / item readability: hero bbox contrast=0.6710, rat bbox contrast=0.2155, item bbox contrast=0.7550 PASS
TEST 42: region=halls measurements=6 failures=0
TEST 39: region=halls classes=5 failures=0; liquids use test 41

V4 final rendering acceptance: .local/v4-liquid-final.txt
sewage: min variant pHash=28, max one-tile autocorrelation=0.340
water: min variant pHash=28, max one-tile autocorrelation=0.340
lava: min variant pHash=28, max one-tile autocorrelation=0.340
FAIL: hard room vision gate
TEST 41: liquid frames=96 failures=1


Stage 6d native characters - 2026-09-11 16:05 UTC
PREFERENCES_PATH=C:\Users\Hartl\AppData\Roaming\.grimhollow\Grimhollow
[Controllers] added manager for application, 1 managers active
RENDERED=TitleScene SCREENSHOT=.local/acceptance/title.png
ITERATION ROOM: seed=418 bounds=14,29,22,37 water=18 doors=2 rubble=2 wallTorch=1 torchCell=1031 bridgeCell=1208 heroCell=1174 terrainEdits=0
[GAME] @@ You descend to floor 1 of the dungeon.
[GAME] ++ Use the mouse, WASD, or arrow keys to move and interact.
RENDERED=GameScene SCREENSHOT=.local/acceptance/sewers-lighting-on.png
ITERATION SCREENSHOT: lighting=true defaultZoom=3.0
RENDERED=GameScene SCREENSHOT=.local/acceptance/sewers-lighting-off.png
TEST 24: heroes=9 mob sprites=112 failures=0
TEST 25: items=370 identification icons=60 failures=0
TEST 26: three stains and floor/chasm/water/trap placement failures=0
TEST 36: nine splashes, descriptions, portraits, all talents and ItemSlots failures=0
TEST 34: old/future version, portrait exception and deletion failures=0
TEST 35: packaged classes/resources and source contact scan failures=0
TESTS 24-26, 34-36 PASS
TEST 41 runtime: phase/frame checks=8192 adjacent synchronization failures=0
PASS: Sewer scene renders with dynamic lighting on and off.
[Controllers] removed manager for application, 0 managers active


Stage 6d native characters - 2026-09-11 16:05 UTC
Wall/floor distinctness: mean luminance difference=0.2133, representative pHash bits=34.0000 PASS
Feature scale at 1x: median flagstone fraction=0.1541 PASS
Adjacent water/floor contrast: median luminance difference=0.1495, median hue difference=33.8058 PASS
No boundary halo: outer minus inner mean=-0.1504 PASS
Visible-cell value range: visible mean=0.1356, visible std=0.1211 PASS
Hero / rat / item readability: hero bbox contrast=0.3207, rat bbox contrast=0.2797, item bbox contrast=0.5017 PASS
TEST 40: region=sewers measurements=6 failures=0
TEST 39: region=sewers classes=5 failures=0; liquids use test 41


Stage 6d native characters - 2026-09-11 16:05 UTC
PREFERENCES_PATH=C:\Users\Hartl\AppData\Roaming\.grimhollow\Grimhollow
[Controllers] added manager for application, 1 managers active
RENDERED=TitleScene SCREENSHOT=.local/acceptance/title.png
ITERATION ROOM: seed=417 bounds=29,25,37,32 water=7 doors=1 rubble=1 wallTorch=1 torchCell=1056 bridgeCell=1181 heroCell=1181 terrainEdits=0
[GAME] @@ You descend to floor 6 of the dungeon.
[GAME] ++ Use the mouse, WASD, or arrow keys to move and interact.
RENDERED=GameScene SCREENSHOT=.local/acceptance/sewers-lighting-on.png
ITERATION SCREENSHOT: lighting=true defaultZoom=3.0
RENDERED=GameScene SCREENSHOT=.local/acceptance/sewers-lighting-off.png
TEST 41 runtime: phase/frame checks=8192 adjacent synchronization failures=0
PASS: Sewer scene renders with dynamic lighting on and off.
[Controllers] removed manager for application, 0 managers active
Wall/floor distinctness: mean luminance difference=0.2417, representative pHash bits=32.0000 PASS
Feature scale at 1x: median flagstone fraction=0.3633 PASS
Adjacent water/floor contrast: median luminance difference=0.1402, median hue difference=123.8726 PASS
No boundary halo: outer minus inner mean=-0.1197 PASS
Visible-cell value range: visible mean=0.1430, visible std=0.1734 PASS
Hero / rat / item readability: hero bbox contrast=0.3436, rat bbox contrast=0.2705, item bbox contrast=0.4679 PASS
TEST 42: region=prison measurements=6 failures=0
TEST 39: region=prison classes=5 failures=0; liquids use test 41
PREFERENCES_PATH=C:\Users\Hartl\AppData\Roaming\.grimhollow\Grimhollow
[Controllers] added manager for application, 1 managers active
RENDERED=TitleScene SCREENSHOT=.local/acceptance/title.png
ITERATION ROOM: seed=422 bounds=29,29,35,35 water=5 doors=2 rubble=4 wallTorch=1 torchCell=1309 bridgeCell=1440 heroCell=1528 terrainEdits=0
[GAME] @@ You descend to floor 11 of the dungeon.
[GAME] ** The ground seems especially treacherous here.
[GAME] ++ Use the mouse, WASD, or arrow keys to move and interact.
RENDERED=GameScene SCREENSHOT=.local/acceptance/sewers-lighting-on.png
ITERATION SCREENSHOT: lighting=true defaultZoom=3.0
RENDERED=GameScene SCREENSHOT=.local/acceptance/sewers-lighting-off.png
TEST 41 runtime: phase/frame checks=8192 adjacent synchronization failures=0
PASS: Sewer scene renders with dynamic lighting on and off.
[Controllers] removed manager for application, 0 managers active
Wall/floor distinctness: mean luminance difference=0.2068, representative pHash bits=38.0000 PASS
Feature scale at 1x: median flagstone fraction=0.7062 PASS
Adjacent water/floor contrast: median luminance difference=0.1876, median hue difference=46.5192 PASS
No boundary halo: outer minus inner mean=-0.1358 PASS
Visible-cell value range: visible mean=0.1303, visible std=0.1264 PASS
Hero / rat / item readability: hero bbox contrast=0.2652, rat bbox contrast=0.2825, item bbox contrast=0.4868 PASS
TEST 42: region=caves measurements=6 failures=0
TEST 39: region=caves classes=5 failures=0; liquids use test 41
PREFERENCES_PATH=C:\Users\Hartl\AppData\Roaming\.grimhollow\Grimhollow
[Controllers] added manager for application, 1 managers active
RENDERED=TitleScene SCREENSHOT=.local/acceptance/title.png
ITERATION ROOM: seed=426 bounds=7,10,14,18 water=12 doors=3 rubble=1 wallTorch=1 torchCell=332 bridgeCell=458 heroCell=362 terrainEdits=0
[GAME] @@ You descend to floor 16 of the dungeon.
[GAME] ++ Use the mouse, WASD, or arrow keys to move and interact.
RENDERED=GameScene SCREENSHOT=.local/acceptance/sewers-lighting-on.png
ITERATION SCREENSHOT: lighting=true defaultZoom=3.0
RENDERED=GameScene SCREENSHOT=.local/acceptance/sewers-lighting-off.png
TEST 41 runtime: phase/frame checks=8192 adjacent synchronization failures=0
PASS: Sewer scene renders with dynamic lighting on and off.
[Controllers] removed manager for application, 0 managers active
Wall/floor distinctness: mean luminance difference=0.1780, representative pHash bits=30.0000 PASS
Feature scale at 1x: median flagstone fraction=0.8051 PASS
Adjacent water/floor contrast: median luminance difference=0.1770, median hue difference=53.0567 PASS
No boundary halo: outer minus inner mean=-0.0806 PASS
Visible-cell value range: visible mean=0.1291, visible std=0.1326 PASS
Hero / rat / item readability: hero bbox contrast=0.3294, rat bbox contrast=0.2689, item bbox contrast=0.5435 PASS
TEST 42: region=city measurements=6 failures=0
FAIL: current screenshot fails board global targets
TEST 39: region=city classes=5 failures=1; liquids use test 41
PREFERENCES_PATH=C:\Users\Hartl\AppData\Roaming\.grimhollow\Grimhollow
[Controllers] added manager for application, 1 managers active
RENDERED=TitleScene SCREENSHOT=.local/acceptance/title.png
ITERATION ROOM: seed=417 bounds=29,25,37,32 water=7 doors=1 rubble=1 wallTorch=1 torchCell=1056 bridgeCell=1181 heroCell=1181 terrainEdits=0
[GAME] @@ You descend to floor 6 of the dungeon.
[GAME] ++ Use the mouse, WASD, or arrow keys to move and interact.
RENDERED=GameScene SCREENSHOT=.local/acceptance/sewers-lighting-on.png
ITERATION SCREENSHOT: lighting=true defaultZoom=3.0
RENDERED=GameScene SCREENSHOT=.local/acceptance/sewers-lighting-off.png
TEST 41 runtime: phase/frame checks=8192 adjacent synchronization failures=0
PASS: Sewer scene renders with dynamic lighting on and off.
[Controllers] removed manager for application, 0 managers active
Wall/floor distinctness: mean luminance difference=0.2444, representative pHash bits=32.0000 PASS
Feature scale at 1x: median flagstone fraction=0.3633 PASS
Adjacent water/floor contrast: median luminance difference=0.1491, median hue difference=124.0593 PASS
No boundary halo: outer minus inner mean=-0.1195 PASS
Visible-cell value range: visible mean=0.1430, visible std=0.1740 PASS
Hero / rat / item readability: hero bbox contrast=0.3469, rat bbox contrast=0.2705, item bbox contrast=0.4909 PASS
TEST 42: region=prison measurements=6 failures=0
TEST 39: region=prison classes=5 failures=0; liquids use test 41
PREFERENCES_PATH=C:\Users\Hartl\AppData\Roaming\.grimhollow\Grimhollow
[Controllers] added manager for application, 1 managers active
RENDERED=TitleScene SCREENSHOT=.local/acceptance/title.png
ITERATION ROOM: seed=422 bounds=29,29,35,35 water=5 doors=2 rubble=4 wallTorch=1 torchCell=1309 bridgeCell=1440 heroCell=1528 terrainEdits=0
[GAME] @@ You descend to floor 11 of the dungeon.
[GAME] ** The ground seems especially treacherous here.
[GAME] ++ Use the mouse, WASD, or arrow keys to move and interact.
RENDERED=GameScene SCREENSHOT=.local/acceptance/sewers-lighting-on.png
ITERATION SCREENSHOT: lighting=true defaultZoom=3.0
RENDERED=GameScene SCREENSHOT=.local/acceptance/sewers-lighting-off.png
TEST 41 runtime: phase/frame checks=8192 adjacent synchronization failures=0
PASS: Sewer scene renders with dynamic lighting on and off.
[Controllers] removed manager for application, 0 managers active
Wall/floor distinctness: mean luminance difference=0.2068, representative pHash bits=38.0000 PASS
Feature scale at 1x: median flagstone fraction=0.7062 PASS
Adjacent water/floor contrast: median luminance difference=0.1876, median hue difference=46.5192 PASS
No boundary halo: outer minus inner mean=-0.1358 PASS
Visible-cell value range: visible mean=0.1302, visible std=0.1263 PASS
Hero / rat / item readability: hero bbox contrast=0.2624, rat bbox contrast=0.2825, item bbox contrast=0.4868 PASS
TEST 42: region=caves measurements=6 failures=0
TEST 39: region=caves classes=5 failures=0; liquids use test 41
PREFERENCES_PATH=C:\Users\Hartl\AppData\Roaming\.grimhollow\Grimhollow
[Controllers] added manager for application, 1 managers active
RENDERED=TitleScene SCREENSHOT=.local/acceptance/title.png
ITERATION ROOM: seed=426 bounds=7,10,14,18 water=12 doors=3 rubble=1 wallTorch=1 torchCell=332 bridgeCell=458 heroCell=362 terrainEdits=0
[GAME] @@ You descend to floor 16 of the dungeon.
[GAME] ++ Use the mouse, WASD, or arrow keys to move and interact.
RENDERED=GameScene SCREENSHOT=.local/acceptance/sewers-lighting-on.png
ITERATION SCREENSHOT: lighting=true defaultZoom=3.0
RENDERED=GameScene SCREENSHOT=.local/acceptance/sewers-lighting-off.png
TEST 41 runtime: phase/frame checks=8192 adjacent synchronization failures=0
PASS: Sewer scene renders with dynamic lighting on and off.
[Controllers] removed manager for application, 0 managers active
Wall/floor distinctness: mean luminance difference=0.1834, representative pHash bits=28.0000 PASS
Feature scale at 1x: median flagstone fraction=0.8069 PASS
Adjacent water/floor contrast: median luminance difference=0.1819, median hue difference=53.3919 PASS
No boundary halo: outer minus inner mean=-0.0831 PASS
Visible-cell value range: visible mean=0.1327, visible std=0.1361 PASS
Hero / rat / item readability: hero bbox contrast=0.3599, rat bbox contrast=0.2768, item bbox contrast=0.5353 PASS
TEST 42: region=city measurements=6 failures=0
TEST 39: region=city classes=5 failures=0; liquids use test 41
PREFERENCES_PATH=C:\Users\Hartl\AppData\Roaming\.grimhollow\Grimhollow
[Controllers] added manager for application, 1 managers active
RENDERED=TitleScene SCREENSHOT=.local/acceptance/title.png
ITERATION ROOM: seed=454 bounds=26,23,33,28 water=4 doors=2 rubble=1 wallTorch=1 torchCell=1178 bridgeCell=1329 heroCell=1329 terrainEdits=0
[GAME] @@ You descend to floor 21 of the dungeon.
[GAME] -- You feel that there's a source of demonic energy above you...
[GAME] ** You hear water splashing around you.
[GAME] ++ Use the mouse, WASD, or arrow keys to move and interact.
RENDERED=GameScene SCREENSHOT=.local/acceptance/sewers-lighting-on.png
ITERATION SCREENSHOT: lighting=true defaultZoom=3.0
RENDERED=GameScene SCREENSHOT=.local/acceptance/sewers-lighting-off.png
TEST 41 runtime: phase/frame checks=8192 adjacent synchronization failures=0
PASS: Sewer scene renders with dynamic lighting on and off.
[Controllers] removed manager for application, 0 managers active
Wall/floor distinctness: mean luminance difference=0.0445, representative pHash bits=30.0000 PASS
Feature scale at 1x: median flagstone fraction=0.9327 PASS
Adjacent water/floor contrast: median luminance difference=0.0824, median hue difference=134.7499 PASS
No boundary halo: outer minus inner mean=-0.0605 PASS
Visible-cell value range: visible mean=0.0600, visible std=0.0982 PASS
Hero / rat / item readability: hero bbox contrast=0.2434, rat bbox contrast=0.2216, item bbox contrast=0.7446 PASS
TEST 42: region=halls measurements=6 failures=0
TEST 39: region=halls classes=5 failures=0; liquids use test 41
PREFERENCES_PATH=C:\Users\Hartl\AppData\Roaming\.grimhollow\Grimhollow
[Controllers] added manager for application, 1 managers active
RENDERED=TitleScene SCREENSHOT=.local/acceptance/title.png
ITERATION ROOM: seed=454 bounds=26,23,33,28 water=4 doors=2 rubble=1 wallTorch=1 torchCell=1178 bridgeCell=1329 heroCell=1329 terrainEdits=0
[GAME] @@ You descend to floor 21 of the dungeon.
[GAME] -- You feel that there's a source of demonic energy above you...
[GAME] ** You hear water splashing around you.
[GAME] ++ Use the mouse, WASD, or arrow keys to move and interact.
RENDERED=GameScene SCREENSHOT=.local/acceptance/sewers-lighting-on.png
ITERATION SCREENSHOT: lighting=true defaultZoom=3.0
RENDERED=GameScene SCREENSHOT=.local/acceptance/sewers-lighting-off.png
TEST 41 runtime: phase/frame checks=8192 adjacent synchronization failures=0
PASS: Sewer scene renders with dynamic lighting on and off.
[Controllers] removed manager for application, 0 managers active
Wall/floor distinctness: mean luminance difference=0.0466, representative pHash bits=26.0000 PASS
Feature scale at 1x: median flagstone fraction=0.9462 PASS
Adjacent water/floor contrast: median luminance difference=0.0794, median hue difference=135.0710 PASS
No boundary halo: outer minus inner mean=-0.0601 PASS
Visible-cell value range: visible mean=0.0618, visible std=0.1001 PASS
Hero / rat / item readability: hero bbox contrast=0.2244, rat bbox contrast=0.2331, item bbox contrast=0.7446 PASS
TEST 42: region=halls measurements=6 failures=0
TEST 39: region=halls classes=5 failures=0; liquids use test 41


Stage 6d native characters - 2026-09-11 16:05 UTC
PREFERENCES_PATH=C:\Users\Hartl\AppData\Roaming\.grimhollow\Grimhollow
[Controllers] added manager for application, 1 managers active
RENDERED=TitleScene SCREENSHOT=.local/acceptance/title.png
[GAME] @@ You descend to floor 19 of the dungeon.
[GAME] ** You have unspent talent points!
[GAME] ++ Use the mouse, WASD, or arrow keys to move and interact.
RENDERED=GameScene SCREENSHOT=.local/acceptance/vault-fire.png
RENDERED=GameScene SCREENSHOT=.local/acceptance/vault-frost.png
RENDERED=GameScene SCREENSHOT=.local/acceptance/vault-shock.png
RENDERED=GameScene SCREENSHOT=.local/acceptance/vault-lighting-on.png
PASS V4 rendering: arena trigger, FIRE/FROST/SHOCK, scripted boss death and treasure door unlock (not a played fight)
RENDERED=GameScene SCREENSHOT=.local/acceptance/vault-lighting-off.png
PASS: Vault scene renders with dynamic lighting on and off.
[Controllers] removed manager for application, 0 managers active


STAGE 6e - 2026-09-11 - full art checkpoint

art-complete-runtime.txt
PREFERENCES_PATH=C:\Users\Hartl\AppData\Roaming\.grimhollow\Grimhollow
[Controllers] added manager for application, 1 managers active
RENDERED=TitleScene SCREENSHOT=.local/acceptance/title.png
ITERATION ROOM: seed=418 bounds=14,29,22,37 water=18 doors=2 rubble=2 wallTorch=1 torchCell=1031 bridgeCell=1208 heroCell=1174 terrainEdits=0
[GAME] @@ You descend to floor 1 of the dungeon.
[GAME] ++ Use the mouse, WASD, or arrow keys to move and interact.
RENDERED=GameScene SCREENSHOT=.local/acceptance/sewers-lighting-on.png
ITERATION SCREENSHOT: lighting=true defaultZoom=3.0
RENDERED=GameScene SCREENSHOT=.local/acceptance/sewers-lighting-off.png
TEST 24: heroes=9 mob sprites=112 failures=0
TEST 25: items=370 identification icons=60 failures=0
TEST 26: three stains and floor/chasm/water/trap placement failures=0
TEST 36: nine splashes, descriptions, portraits, all talents and ItemSlots failures=0
TEST 34: old/future version, portrait exception and deletion failures=0
TEST 35: packaged classes/resources and source contact scan failures=0
TESTS 24-26, 34-36 PASS
TEST 41 runtime: phase/frame checks=8192 adjacent synchronization failures=0
PASS: Sewer scene renders with dynamic lighting on and off.
[Controllers] removed manager for application, 0 managers active
Wall/floor distinctness: mean luminance difference=0.2106, representative pHash bits=36.0000 PASS
Feature scale at 1x: median flagstone fraction=0.1541 PASS
Adjacent water/floor contrast: median luminance difference=0.1469, median hue difference=33.5833 PASS
No boundary halo: outer minus inner mean=-0.1476 PASS
Visible-cell value range: visible mean=0.1381, visible std=0.1203 PASS
Hero / rat / item readability: hero bbox contrast=0.3211, rat bbox contrast=0.2797, item bbox contrast=0.4766 PASS
TEST 40: region=sewers measurements=6 failures=0
PREFERENCES_PATH=C:\Users\Hartl\AppData\Roaming\.grimhollow\Grimhollow
[Controllers] added manager for application, 1 managers active
RENDERED=TitleScene SCREENSHOT=.local/acceptance/title.png
ITERATION ROOM: seed=417 bounds=29,25,37,32 water=7 doors=1 rubble=1 wallTorch=1 torchCell=1056 bridgeCell=1181 heroCell=1181 terrainEdits=0
[GAME] @@ You descend to floor 6 of the dungeon.
[GAME] ++ Use the mouse, WASD, or arrow keys to move and interact.
RENDERED=GameScene SCREENSHOT=.local/acceptance/sewers-lighting-on.png
ITERATION SCREENSHOT: lighting=true defaultZoom=3.0
RENDERED=GameScene SCREENSHOT=.local/acceptance/sewers-lighting-off.png
TEST 41 runtime: phase/frame checks=8192 adjacent synchronization failures=0
PASS: Sewer scene renders with dynamic lighting on and off.
[Controllers] removed manager for application, 0 managers active
Wall/floor distinctness: mean luminance difference=0.2392, representative pHash bits=34.0000 PASS
Feature scale at 1x: median flagstone fraction=0.3633 PASS
Adjacent water/floor contrast: median luminance difference=0.1491, median hue difference=122.5726 PASS
No boundary halo: outer minus inner mean=-0.1156 PASS
Visible-cell value range: visible mean=0.1448, visible std=0.1719 PASS
Hero / rat / item readability: hero bbox contrast=0.3454, rat bbox contrast=0.2738, item bbox contrast=0.3243 PASS
TEST 42: region=prison measurements=6 failures=0
PREFERENCES_PATH=C:\Users\Hartl\AppData\Roaming\.grimhollow\Grimhollow
[Controllers] added manager for application, 1 managers active
RENDERED=TitleScene SCREENSHOT=.local/acceptance/title.png
ITERATION ROOM: seed=422 bounds=29,29,35,35 water=5 doors=2 rubble=4 wallTorch=1 torchCell=1309 bridgeCell=1440 heroCell=1528 terrainEdits=0
[GAME] @@ You descend to floor 11 of the dungeon.
[GAME] ** The ground seems especially treacherous here.
[GAME] ++ Use the mouse, WASD, or arrow keys to move and interact.
RENDERED=GameScene SCREENSHOT=.local/acceptance/sewers-lighting-on.png
ITERATION SCREENSHOT: lighting=true defaultZoom=3.0
RENDERED=GameScene SCREENSHOT=.local/acceptance/sewers-lighting-off.png
TEST 41 runtime: phase/frame checks=8192 adjacent synchronization failures=0
PASS: Sewer scene renders with dynamic lighting on and off.
[Controllers] removed manager for application, 0 managers active
Wall/floor distinctness: mean luminance difference=0.2042, representative pHash bits=24.0000 PASS
Feature scale at 1x: median flagstone fraction=0.7062 PASS
Adjacent water/floor contrast: median luminance difference=0.1867, median hue difference=44.3007 PASS
No boundary halo: outer minus inner mean=-0.1339 PASS
Visible-cell value range: visible mean=0.1319, visible std=0.1249 PASS
Hero / rat / item readability: hero bbox contrast=0.2662, rat bbox contrast=0.2825, item bbox contrast=0.5012 PASS
TEST 42: region=caves measurements=6 failures=0
PREFERENCES_PATH=C:\Users\Hartl\AppData\Roaming\.grimhollow\Grimhollow
[Controllers] added manager for application, 1 managers active
RENDERED=TitleScene SCREENSHOT=.local/acceptance/title.png
ITERATION ROOM: seed=426 bounds=7,10,14,18 water=12 doors=3 rubble=1 wallTorch=1 torchCell=332 bridgeCell=458 heroCell=362 terrainEdits=0
[GAME] @@ You descend to floor 16 of the dungeon.
[GAME] ++ Use the mouse, WASD, or arrow keys to move and interact.
RENDERED=GameScene SCREENSHOT=.local/acceptance/sewers-lighting-on.png
ITERATION SCREENSHOT: lighting=true defaultZoom=3.0
RENDERED=GameScene SCREENSHOT=.local/acceptance/sewers-lighting-off.png
TEST 41 runtime: phase/frame checks=8192 adjacent synchronization failures=0
PASS: Sewer scene renders with dynamic lighting on and off.
[Controllers] removed manager for application, 0 managers active
Wall/floor distinctness: mean luminance difference=0.1809, representative pHash bits=30.0000 PASS
Feature scale at 1x: median flagstone fraction=0.8079 PASS
Adjacent water/floor contrast: median luminance difference=0.1846, median hue difference=52.2909 PASS
No boundary halo: outer minus inner mean=-0.0808 PASS
Visible-cell value range: visible mean=0.1458, visible std=0.1357 PASS
Hero / rat / item readability: hero bbox contrast=0.3599, rat bbox contrast=0.2799, item bbox contrast=0.5906 PASS
TEST 42: region=city measurements=6 failures=0
PREFERENCES_PATH=C:\Users\Hartl\AppData\Roaming\.grimhollow\Grimhollow
[Controllers] added manager for application, 1 managers active
RENDERED=TitleScene SCREENSHOT=.local/acceptance/title.png
ITERATION ROOM: seed=454 bounds=26,23,33,28 water=4 doors=2 rubble=1 wallTorch=1 torchCell=1178 bridgeCell=1329 heroCell=1329 terrainEdits=0
[GAME] @@ You descend to floor 21 of the dungeon.
[GAME] -- You feel that there's a source of demonic energy above you...
[GAME] ** You hear water splashing around you.
[GAME] ++ Use the mouse, WASD, or arrow keys to move and interact.
RENDERED=GameScene SCREENSHOT=.local/acceptance/sewers-lighting-on.png
ITERATION SCREENSHOT: lighting=true defaultZoom=3.0
RENDERED=GameScene SCREENSHOT=.local/acceptance/sewers-lighting-off.png
TEST 41 runtime: phase/frame checks=8192 adjacent synchronization failures=0
PASS: Sewer scene renders with dynamic lighting on and off.
[Controllers] removed manager for application, 0 managers active
Wall/floor distinctness: mean luminance difference=0.0444, representative pHash bits=30.0000 PASS
Feature scale at 1x: median flagstone fraction=0.9375 PASS
Adjacent water/floor contrast: median luminance difference=0.0778, median hue difference=130.1356 PASS
No boundary halo: outer minus inner mean=-0.0587 PASS
Visible-cell value range: visible mean=0.0650, visible std=0.1018 PASS
Hero / rat / item readability: hero bbox contrast=0.2244, rat bbox contrast=0.2331, item bbox contrast=0.7547 PASS
TEST 42: region=halls measurements=6 failures=0

art-complete-vault.txt
PREFERENCES_PATH=C:\Users\Hartl\AppData\Roaming\.grimhollow\Grimhollow
[Controllers] added manager for application, 1 managers active
RENDERED=TitleScene SCREENSHOT=.local/acceptance/title.png
[GAME] @@ You descend to floor 19 of the dungeon.
[GAME] ** You have unspent talent points!
[GAME] ++ Use the mouse, WASD, or arrow keys to move and interact.
RENDERED=GameScene SCREENSHOT=.local/acceptance/vault-fire.png
RENDERED=GameScene SCREENSHOT=.local/acceptance/vault-frost.png
RENDERED=GameScene SCREENSHOT=.local/acceptance/vault-shock.png
RENDERED=GameScene SCREENSHOT=.local/acceptance/vault-lighting-on.png
PASS V4 rendering: arena trigger, FIRE/FROST/SHOCK, scripted boss death and treasure door unlock (not a played fight)
RENDERED=GameScene SCREENSHOT=.local/acceptance/vault-lighting-off.png
PASS: Vault scene renders with dynamic lighting on and off.
[Controllers] removed manager for application, 0 managers active

art-complete-title-runtime.txt
PREFERENCES_PATH=C:\Users\Hartl\AppData\Roaming\.grimhollow\Grimhollow
[Controllers] added manager for application, 1 managers active
RENDERED=TitleScene SCREENSHOT=.local/acceptance/title.png
[Controllers] removed manager for application, 0 managers active

Stage 7 enhanced effects

.local/effects-desktop.txt
Error: Could not find or load main class .iteration=true
Caused by: java.lang.ClassNotFoundException: /iteration=true

.local/effects-desktop-retry.txt
PREFERENCES_PATH=C:\Users\Hartl\AppData\Roaming\.grimhollow\Grimhollow
[Controllers] added manager for application, 1 managers active
RENDERED=TitleScene SCREENSHOT=.local/acceptance/title.png
ITERATION ROOM: seed=419 bounds=13,14,20,22 water=18 doors=1 rubble=2 wallTorch=1 torchCell=761 bridgeCell=594 heroCell=627 terrainEdits=0
[GAME] @@ You descend to floor 1 of the dungeon.
[GAME] ++ Use the mouse, WASD, or arrow keys to move and interact.
RENDERED=GameScene SCREENSHOT=.local/acceptance/sewers-lighting-on.png
ITERATION SCREENSHOT: lighting=true defaultZoom=3.0
RENDERED=GameScene SCREENSHOT=.local/acceptance/sewers-lighting-off.png
TEST 24: heroes=9 mob sprites=112 failures=0
TEST 25: items=370 identification icons=60 failures=0
TEST 26: three stains and floor/chasm/water/trap placement failures=0
TEST 36: nine splashes, descriptions, portraits, all talents and ItemSlots failures=0
TEST 34: old/future version, portrait exception and deletion failures=0
TEST 35: packaged classes/resources and source contact scan failures=0
TESTS 24-26, 34-36 PASS
TEST 32: three scorch sizes, actual floor fire expiration, water/chasm rejection failures=0
TEST 31: off pixel differences=0; 40 gas + 10 fire cells, 240 GPU-completed frames mean=1.5339ms p95=2.1510ms failures=0
TEST 41 runtime: phase/frame checks=8192 adjacent synchronization failures=0
PASS: Sewer scene renders with dynamic lighting on and off.
[Controllers] removed manager for application, 0 managers active

.local/effects-performance.txt
PREFERENCES_PATH=C:\Users\Hartl\AppData\Roaming\.grimhollow\Grimhollow
[Controllers] added manager for application, 1 managers active
RENDERED=TitleScene SCREENSHOT=.local/acceptance/title.png
[GAME] @@ You descend to floor 1 of the dungeon.
[GAME] ++ Use the mouse, WASD, or arrow keys to move and interact.
RENDERED=GameScene SCREENSHOT=.local/acceptance/sewers-lighting-on.png
RENDERED=GameScene SCREENSHOT=.local/acceptance/sewers-lighting-off.png
TEST 32: three scorch sizes, actual floor fire expiration, water/chasm rejection failures=0
TEST 31: off pixel differences=0; 40 gas + 10 fire cells, 240 GPU-completed frames mean=0.9182ms p95=1.4257ms failures=0
PASS: Sewer scene renders with dynamic lighting on and off.
[Controllers] removed manager for application, 0 managers active

.local/effects-render-sewers.txt
PREFERENCES_PATH=C:\Users\Hartl\AppData\Roaming\.grimhollow\Grimhollow
[Controllers] added manager for application, 1 managers active
RENDERED=TitleScene SCREENSHOT=.local/acceptance/title.png
ITERATION ROOM: seed=418 bounds=14,29,22,37 water=18 doors=2 rubble=2 wallTorch=1 torchCell=1031 bridgeCell=1208 heroCell=1174 terrainEdits=0
[GAME] @@ You descend to floor 1 of the dungeon.
[GAME] ++ Use the mouse, WASD, or arrow keys to move and interact.
RENDERED=GameScene SCREENSHOT=.local/acceptance/sewers-lighting-on.png
ITERATION SCREENSHOT: lighting=true defaultZoom=3.0
RENDERED=GameScene SCREENSHOT=.local/acceptance/sewers-lighting-off.png
TEST 41 runtime: phase/frame checks=8192 adjacent synchronization failures=0
PASS: Sewer scene renders with dynamic lighting on and off.
[Controllers] removed manager for application, 0 managers active

.local/effects-render-prison.txt
PREFERENCES_PATH=C:\Users\Hartl\AppData\Roaming\.grimhollow\Grimhollow
[Controllers] added manager for application, 1 managers active
RENDERED=TitleScene SCREENSHOT=.local/acceptance/title.png
ITERATION ROOM: seed=417 bounds=29,25,37,32 water=7 doors=1 rubble=1 wallTorch=1 torchCell=1056 bridgeCell=1181 heroCell=1181 terrainEdits=0
[GAME] @@ You descend to floor 6 of the dungeon.
[GAME] ++ Use the mouse, WASD, or arrow keys to move and interact.
RENDERED=GameScene SCREENSHOT=.local/acceptance/sewers-lighting-on.png
ITERATION SCREENSHOT: lighting=true defaultZoom=3.0
RENDERED=GameScene SCREENSHOT=.local/acceptance/sewers-lighting-off.png
TEST 41 runtime: phase/frame checks=8192 adjacent synchronization failures=0
PASS: Sewer scene renders with dynamic lighting on and off.
[Controllers] removed manager for application, 0 managers active

.local/effects-render-caves.txt
PREFERENCES_PATH=C:\Users\Hartl\AppData\Roaming\.grimhollow\Grimhollow
[Controllers] added manager for application, 1 managers active
RENDERED=TitleScene SCREENSHOT=.local/acceptance/title.png
ITERATION ROOM: seed=422 bounds=29,29,35,35 water=5 doors=2 rubble=4 wallTorch=1 torchCell=1309 bridgeCell=1440 heroCell=1528 terrainEdits=0
[GAME] @@ You descend to floor 11 of the dungeon.
[GAME] ** The ground seems especially treacherous here.
[GAME] ++ Use the mouse, WASD, or arrow keys to move and interact.
RENDERED=GameScene SCREENSHOT=.local/acceptance/sewers-lighting-on.png
ITERATION SCREENSHOT: lighting=true defaultZoom=3.0
RENDERED=GameScene SCREENSHOT=.local/acceptance/sewers-lighting-off.png
TEST 41 runtime: phase/frame checks=8192 adjacent synchronization failures=0
PASS: Sewer scene renders with dynamic lighting on and off.
[Controllers] removed manager for application, 0 managers active

.local/effects-render-city.txt
PREFERENCES_PATH=C:\Users\Hartl\AppData\Roaming\.grimhollow\Grimhollow
[Controllers] added manager for application, 1 managers active
RENDERED=TitleScene SCREENSHOT=.local/acceptance/title.png
ITERATION ROOM: seed=426 bounds=7,10,14,18 water=12 doors=3 rubble=1 wallTorch=1 torchCell=332 bridgeCell=458 heroCell=362 terrainEdits=0
[GAME] @@ You descend to floor 16 of the dungeon.
[GAME] ++ Use the mouse, WASD, or arrow keys to move and interact.
RENDERED=GameScene SCREENSHOT=.local/acceptance/sewers-lighting-on.png
ITERATION SCREENSHOT: lighting=true defaultZoom=3.0
RENDERED=GameScene SCREENSHOT=.local/acceptance/sewers-lighting-off.png
TEST 41 runtime: phase/frame checks=8192 adjacent synchronization failures=0
PASS: Sewer scene renders with dynamic lighting on and off.
[Controllers] removed manager for application, 0 managers active

.local/effects-render-halls.txt
PREFERENCES_PATH=C:\Users\Hartl\AppData\Roaming\.grimhollow\Grimhollow
[Controllers] added manager for application, 1 managers active
RENDERED=TitleScene SCREENSHOT=.local/acceptance/title.png
ITERATION ROOM: seed=454 bounds=26,23,33,28 water=4 doors=2 rubble=1 wallTorch=1 torchCell=1178 bridgeCell=1329 heroCell=1329 terrainEdits=0
[GAME] @@ You descend to floor 21 of the dungeon.
[GAME] -- You feel that there's a source of demonic energy above you...
[GAME] ** You hear water splashing around you.
[GAME] ++ Use the mouse, WASD, or arrow keys to move and interact.
RENDERED=GameScene SCREENSHOT=.local/acceptance/sewers-lighting-on.png
ITERATION SCREENSHOT: lighting=true defaultZoom=3.0
RENDERED=GameScene SCREENSHOT=.local/acceptance/sewers-lighting-off.png
TEST 41 runtime: phase/frame checks=8192 adjacent synchronization failures=0
PASS: Sewer scene renders with dynamic lighting on and off.
[Controllers] removed manager for application, 0 managers active

STAGE 8 FINAL: content-render-0.txt
PREFERENCES_PATH=C:\Users\Hartl\AppData\Roaming\.grimhollow\Grimhollow
[Controllers] added manager for application, 1 managers active
RENDERED=TitleScene SCREENSHOT=.local/acceptance/title.png
ITERATION ROOM: seed=418 bounds=14,29,22,37 water=18 doors=2 rubble=2 wallTorch=1 torchCell=1031 bridgeCell=1208 heroCell=1174 terrainEdits=0
[GAME] @@ You descend to floor 1 of the dungeon.
[GAME] ++ Use the mouse, WASD, or arrow keys to move and interact.
RENDERED=GameScene SCREENSHOT=.local/acceptance/sewers-lighting-on.png
ITERATION SCREENSHOT: lighting=true defaultZoom=3.0
RENDERED=GameScene SCREENSHOT=.local/acceptance/sewers-lighting-off.png
TEST 24: heroes=9 mob sprites=114 failures=0
TEST 25: items=381 identification icons=60 failures=0
TEST 26: three stains and floor/chasm/water/trap placement failures=0
TEST 36: nine splashes, descriptions, portraits, all talents and ItemSlots failures=0
TEST 34: old/future version, portrait exception and deletion failures=0
TEST 35: packaged classes/resources and source contact scan failures=0
TESTS 24-26, 34-36 PASS
TEST 32: three scorch sizes, actual floor fire expiration, water/chasm rejection failures=0
TEST 31: off pixel differences=0; 40 gas + 10 fire cells, 240 GPU-completed frames mean=0.8173ms p95=1.2131ms failures=0
TEST 41 runtime: phase/frame checks=8192 adjacent synchronization failures=0
PASS: Sewer scene renders with dynamic lighting on and off.
[Controllers] removed manager for application, 0 managers active
Wall/floor distinctness: mean luminance difference=0.2285, representative pHash bits=36.0000 PASS
Feature scale at 1x: median flagstone fraction=0.1649 PASS
Adjacent water/floor contrast: median luminance difference=0.1602, median hue difference=34.9245 PASS
No boundary halo: outer minus inner mean=-0.1612 PASS
Visible-cell value range: visible mean=0.1500, visible std=0.1300 PASS
Hero / rat / item readability: hero bbox contrast=0.3484, rat bbox contrast=0.3034, item bbox contrast=0.4564 PASS
TEST 40: region=sewers measurements=6 failures=0


STAGE 8 FINAL: content-render-1.txt
PREFERENCES_PATH=C:\Users\Hartl\AppData\Roaming\.grimhollow\Grimhollow
[Controllers] added manager for application, 1 managers active
RENDERED=TitleScene SCREENSHOT=.local/acceptance/title.png
ITERATION ROOM: seed=417 bounds=29,25,37,32 water=7 doors=1 rubble=1 wallTorch=1 torchCell=1056 bridgeCell=1181 heroCell=1181 terrainEdits=0
[GAME] @@ You descend to floor 6 of the dungeon.
[GAME] ++ Use the mouse, WASD, or arrow keys to move and interact.
RENDERED=GameScene SCREENSHOT=.local/acceptance/sewers-lighting-on.png
ITERATION SCREENSHOT: lighting=true defaultZoom=3.0
RENDERED=GameScene SCREENSHOT=.local/acceptance/sewers-lighting-off.png
TEST 41 runtime: phase/frame checks=8192 adjacent synchronization failures=0
PASS: Sewer scene renders with dynamic lighting on and off.
[Controllers] removed manager for application, 0 managers active
Wall/floor distinctness: mean luminance difference=0.2371, representative pHash bits=34.0000 PASS
Feature scale at 1x: median flagstone fraction=0.3633 PASS
Adjacent water/floor contrast: median luminance difference=0.1490, median hue difference=121.8960 PASS
No boundary halo: outer minus inner mean=-0.0962 PASS
Visible-cell value range: visible mean=0.1235, visible std=0.1262 PASS
Hero / rat / item readability: hero bbox contrast=0.3469, rat bbox contrast=0.2738, item bbox contrast=0.3148 PASS
TEST 42: region=prison measurements=6 failures=0


STAGE 8 FINAL: content-render-2.txt
PREFERENCES_PATH=C:\Users\Hartl\AppData\Roaming\.grimhollow\Grimhollow
[Controllers] added manager for application, 1 managers active
RENDERED=TitleScene SCREENSHOT=.local/acceptance/title.png
ITERATION ROOM: seed=422 bounds=29,29,35,35 water=5 doors=2 rubble=4 wallTorch=1 torchCell=1309 bridgeCell=1440 heroCell=1528 terrainEdits=0
[GAME] @@ You descend to floor 11 of the dungeon.
[GAME] ** The ground seems especially treacherous here.
[GAME] ++ Use the mouse, WASD, or arrow keys to move and interact.
RENDERED=GameScene SCREENSHOT=.local/acceptance/sewers-lighting-on.png
ITERATION SCREENSHOT: lighting=true defaultZoom=3.0
RENDERED=GameScene SCREENSHOT=.local/acceptance/sewers-lighting-off.png
TEST 41 runtime: phase/frame checks=8192 adjacent synchronization failures=0
PASS: Sewer scene renders with dynamic lighting on and off.
[Controllers] removed manager for application, 0 managers active
Wall/floor distinctness: mean luminance difference=0.2034, representative pHash bits=24.0000 PASS
Feature scale at 1x: median flagstone fraction=0.7062 PASS
Adjacent water/floor contrast: median luminance difference=0.1858, median hue difference=44.3012 PASS
No boundary halo: outer minus inner mean=-0.1333 PASS
Visible-cell value range: visible mean=0.1322, visible std=0.1255 PASS
Hero / rat / item readability: hero bbox contrast=0.2664, rat bbox contrast=0.2825, item bbox contrast=0.5012 PASS
TEST 42: region=caves measurements=6 failures=0


STAGE 8 FINAL: content-render-3.txt
PREFERENCES_PATH=C:\Users\Hartl\AppData\Roaming\.grimhollow\Grimhollow
[Controllers] added manager for application, 1 managers active
RENDERED=TitleScene SCREENSHOT=.local/acceptance/title.png
ITERATION ROOM: seed=426 bounds=7,10,14,18 water=12 doors=3 rubble=1 wallTorch=1 torchCell=332 bridgeCell=458 heroCell=362 terrainEdits=0
[GAME] @@ You descend to floor 16 of the dungeon.
[GAME] ++ Use the mouse, WASD, or arrow keys to move and interact.
RENDERED=GameScene SCREENSHOT=.local/acceptance/sewers-lighting-on.png
ITERATION SCREENSHOT: lighting=true defaultZoom=3.0
RENDERED=GameScene SCREENSHOT=.local/acceptance/sewers-lighting-off.png
TEST 41 runtime: phase/frame checks=8192 adjacent synchronization failures=0
PASS: Sewer scene renders with dynamic lighting on and off.
[Controllers] removed manager for application, 0 managers active
Wall/floor distinctness: mean luminance difference=0.1805, representative pHash bits=30.0000 PASS
Feature scale at 1x: median flagstone fraction=0.8079 PASS
Adjacent water/floor contrast: median luminance difference=0.1846, median hue difference=52.2909 PASS
No boundary halo: outer minus inner mean=-0.0804 PASS
Visible-cell value range: visible mean=0.1461, visible std=0.1360 PASS
Hero / rat / item readability: hero bbox contrast=0.3745, rat bbox contrast=0.2799, item bbox contrast=0.5906 PASS
TEST 42: region=city measurements=6 failures=0


STAGE 8 FINAL: content-render-4.txt
PREFERENCES_PATH=C:\Users\Hartl\AppData\Roaming\.grimhollow\Grimhollow
[Controllers] added manager for application, 1 managers active
RENDERED=TitleScene SCREENSHOT=.local/acceptance/title.png
ITERATION ROOM: seed=454 bounds=26,23,33,28 water=4 doors=2 rubble=1 wallTorch=1 torchCell=1178 bridgeCell=1329 heroCell=1329 terrainEdits=0
[GAME] @@ You descend to floor 21 of the dungeon.
[GAME] -- You feel that there's a source of demonic energy above you...
[GAME] ** You hear water splashing around you.
[GAME] ++ Use the mouse, WASD, or arrow keys to move and interact.
RENDERED=GameScene SCREENSHOT=.local/acceptance/sewers-lighting-on.png
ITERATION SCREENSHOT: lighting=true defaultZoom=3.0
RENDERED=GameScene SCREENSHOT=.local/acceptance/sewers-lighting-off.png
TEST 41 runtime: phase/frame checks=8192 adjacent synchronization failures=0
PASS: Sewer scene renders with dynamic lighting on and off.
[Controllers] removed manager for application, 0 managers active
Wall/floor distinctness: mean luminance difference=0.0450, representative pHash bits=26.0000 PASS
Feature scale at 1x: median flagstone fraction=0.9375 PASS
Adjacent water/floor contrast: median luminance difference=0.0721, median hue difference=129.5329 PASS
No boundary halo: outer minus inner mean=-0.0578 PASS
Visible-cell value range: visible mean=0.0646, visible std=0.1010 PASS
Hero / rat / item readability: hero bbox contrast=0.2244, rat bbox contrast=0.2331, item bbox contrast=0.7547 PASS
TEST 42: region=halls measurements=6 failures=0


STAGE 8 FINAL: content-title.txt
PREFERENCES_PATH=C:\Users\Hartl\AppData\Roaming\.grimhollow\Grimhollow
[Controllers] added manager for application, 1 managers active
RENDERED=TitleScene SCREENSHOT=.local/acceptance/title.png
[Controllers] removed manager for application, 0 managers active


=== Recovery v1.0.1: fresh source checkout e4f1f9977; Android SDK environment unset ===

--- .local/recovery-clean-build.txt ---
To honour the JVM settings for this build a single-use Daemon process will be forked. For more on this, please refer to https://docs.gradle.org/9.5.0/userguide/gradle_daemon.html#sec:disabling_the_daemon in the Gradle documentation.
Daemon will be stopped at the end of the build
> Task :core:processResources NO-SOURCE
> Task :services:compileJava
> Task :services:processResources NO-SOURCE
> Task :services:classes
> Task :services:jar

> Task :SPD-classes:compileJava
Note: C:\Users\Hartl\Documents\grimhollow\.local\recovery-clean\SPD-classes\src\main\java\com\watabou\noosa\TextInput.java uses or overrides a deprecated API.
Note: Recompile with -Xlint:deprecation for details.
Note: Some input files use unchecked or unsafe operations.
Note: Recompile with -Xlint:unchecked for details.

> Task :SPD-classes:processResources NO-SOURCE
> Task :SPD-classes:classes
> Task :SPD-classes:jar
> Task :desktop:processResources
> Task :core:compileJava
Note: Some input files use unchecked or unsafe operations.
Note: Recompile with -Xlint:unchecked for details.

> Task :core:classes
> Task :core:jar
> Task :desktop:compileJava
> Task :desktop:classes
> Task :desktop:release
> Task :desktop:dist

[Incubating] Problems report is available at: file:///C:/Users/Hartl/Documents/grimhollow/.local/recovery-clean/build/reports/problems/problems-report.html

Deprecated Gradle features were used in this build, making it incompatible with Gradle 10.

You can use '--warning-mode all' to show the individual deprecation warnings and determine if they come from your own scripts or plugins.

For more on this, please refer to https://docs.gradle.org/9.5.0/userguide/command_line_interface.html#sec:command_line_warnings in the Gradle documentation.

BUILD SUCCESSFUL in 1m 37s
9 actionable tasks: 9 executed
Consider enabling configuration cache to speed up this build: https://docs.gradle.org/9.5.0/userguide/configuration_cache_enabling.html


--- .local/recovery-clean-title.txt ---
To honour the JVM settings for this build a single-use Daemon process will be forked. For more on this, please refer to https://docs.gradle.org/9.5.0/userguide/gradle_daemon.html#sec:disabling_the_daemon in the Gradle documentation.
Daemon will be stopped at the end of the build
> Task :core:processResources NO-SOURCE
> Task :SPD-classes:compileJava UP-TO-DATE
> Task :services:compileJava UP-TO-DATE
> Task :services:processResources NO-SOURCE
> Task :services:classes UP-TO-DATE
> Task :SPD-classes:processResources NO-SOURCE
> Task :SPD-classes:classes UP-TO-DATE
> Task :services:jar UP-TO-DATE
> Task :desktop:processResources UP-TO-DATE
> Task :SPD-classes:jar UP-TO-DATE
> Task :core:compileJava UP-TO-DATE
> Task :core:classes UP-TO-DATE
> Task :core:jar UP-TO-DATE
> Task :desktop:compileJava UP-TO-DATE
> Task :desktop:classes UP-TO-DATE

> Task :desktop:run
PREFERENCES_PATH=C:\Users\Hartl\AppData\Roaming\.grimhollow\Grimhollow
[Controllers] added manager for application, 1 managers active
RENDERED=TitleScene SCREENSHOT=C:\Users\Hartl\Documents\grimhollow\.local\recovery-clean\.local\acceptance/title.png
[Controllers] removed manager for application, 0 managers active

[Incubating] Problems report is available at: file:///C:/Users/Hartl/Documents/grimhollow/.local/recovery-clean/build/reports/problems/problems-report.html

Deprecated Gradle features were used in this build, making it incompatible with Gradle 10.

You can use '--warning-mode all' to show the individual deprecation warnings and determine if they come from your own scripts or plugins.

For more on this, please refer to https://docs.gradle.org/9.5.0/userguide/command_line_interface.html#sec:command_line_warnings in the Gradle documentation.

BUILD SUCCESSFUL in 11s
9 actionable tasks: 1 executed, 8 up-to-date
Consider enabling configuration cache to speed up this build: https://docs.gradle.org/9.5.0/userguide/configuration_cache_enabling.html

PREFERENCES_PATH=C:\Users\Hartl\AppData\Roaming\.grimhollow\Grimhollow
[Controllers] added manager for application, 1 managers active
RENDERED=TitleScene SCREENSHOT=.local/acceptance/title.png
TEST 46 runtime: title controls=5 credits handlers=4 repository URLs=4 external opens=0 scene fetches=0 failures=0
RECOVERY generated region=0 seed=417 room=[5, 8, 10, 15] fixed-path steps=100 terrainEdits=0
[GAME] @@ You descend to floor 1 of the dungeon.
[GAME] ++ Use the mouse, WASD, or arrow keys to move and interact.
TEST 47: region=0 phase=start zooms=3 pans=4 cameras=12 everyCell=1152 hiddenPixels=15869952 visiblePixels=645120 fogTexel/cell=1:1 worldUnits=16 lightQuad=aligned failures=0
TEST 47: region=0 phase=after-walk-and-doors zooms=3 pans=4 cameras=12 everyCell=1152 hiddenPixels=12500992 visiblePixels=645120 fogTexel/cell=1:1 worldUnits=16 lightQuad=aligned failures=0
TEST 47: region=0 doorTransitionFrames=150 failures=0
TEST 43: region=0 steps=100 remembered={chasm=1263, door=349, floor=3091, grass=317, water=1571} fogPixels=604 unseenBlackPixels=885 turns=23 doors=8 failures=0
[Controllers] removed manager for application, 0 managers active

Fogfix red regression on recovery renderer (before fixes): java -Dgrimhollow.recovery=true -Dgrimhollow.fogTests=true -Dgrimhollow.region=0 -jar desktop/build/libs/desktop-1.0.1.jar --smoke-sewers
Exit 1: TEST 47 region=0 phase=start [fog never-seen cell=229 zoom=1 pan=[32, 32] pixel=4,12 rgb=10101; pixel=5,12 rgb=30303; pixel=6,12 rgb=50505] (excerpt; linear-filter boundary leakage). Initial unquoted PowerShell JVM options failed to launch and were retried quoted.
TEST 46 compiled handlers: classes=2876 guarded browser sinks=1 HTTP/socket calls=0 failures=0
PREFERENCES_PATH=C:\Users\Hartl\AppData\Roaming\.grimhollow\Grimhollow
[Controllers] added manager for application, 1 managers active
RENDERED=TitleScene SCREENSHOT=.local/acceptance/title.png
TEST 46 runtime: title controls=5 credits handlers=4 repository URLs=4 external opens=0 scene fetches=0 failures=0
RECOVERY generated region=0 seed=417 room=[5, 8, 10, 15] fixed-path steps=100 terrainEdits=0
[GAME] @@ You descend to floor 1 of the dungeon.
[GAME] ++ Use the mouse, WASD, or arrow keys to move and interact.
TEST 47: region=0 phase=start zooms=3 pans=4 cameras=12 everyCell=1152 hiddenPixels=15869952 visiblePixels=645120 fogTexel/cell=1:1 worldUnits=16 lightQuad=aligned failures=0
TEST 47: region=0 phase=after-walk-and-doors zooms=3 pans=4 cameras=12 everyCell=1152 hiddenPixels=12500992 visiblePixels=645120 fogTexel/cell=1:1 worldUnits=16 lightQuad=aligned failures=0
TEST 47: region=0 doorTransitionFrames=150 failures=0
TEST 43: region=0 steps=100 remembered={chasm=1263, door=349, floor=3091, grass=317, water=1571} fogPixels=604 unseenBlackPixels=885 turns=23 doors=8 failures=0
TEST 24: heroes=9 mob sprites=114 failures=0
TEST 25 semantics: all 381 named item IDs + 60 icons, Waterskin=480, MindVision=eye@98 (ID 82), section9 items=11, class items=10
TEST 25: items=381 identification icons=60 failures=0
TEST 26: three stains and floor/chasm/water/trap placement failures=0
TEST 36: nine splashes, descriptions, portraits, all talents and ItemSlots failures=0
TEST 34: old/future version, portrait exception and deletion failures=0
TEST 35 RETIRED � superseded by recovery test 46 handler/network checks
TESTS 24-26, 34, 36 PASS; test 35 retired by recovery
TEST 32: three scorch sizes, actual floor fire expiration, water/chasm rejection failures=0
TEST 31: off pixel differences=0; 40 gas + 10 fire cells, 240 GPU-completed frames mean=0.7373ms p95=1.0453ms failures=0
[Controllers] removed manager for application, 0 managers active
PREFERENCES_PATH=C:\Users\Hartl\AppData\Roaming\.grimhollow\Grimhollow
[Controllers] added manager for application, 1 managers active
RENDERED=TitleScene SCREENSHOT=.local/acceptance/title.png
RECOVERY generated region=1 seed=417 room=[29, 25, 37, 32] fixed-path steps=202 terrainEdits=0
[GAME] @@ You descend to floor 6 of the dungeon.
[GAME] ++ Use the mouse, WASD, or arrow keys to move and interact.
TEST 47: region=1 phase=start zooms=3 pans=4 cameras=12 everyCell=1681 hiddenPixels=23066624 visiblePixels=1032192 fogTexel/cell=1:1 worldUnits=16 lightQuad=aligned failures=0
[GAME] ** You catch fire!
TEST 47: region=1 phase=after-walk-and-doors zooms=3 pans=4 cameras=12 everyCell=1681 hiddenPixels=16228352 visiblePixels=1032192 fogTexel/cell=1:1 worldUnits=16 lightQuad=aligned failures=0
TEST 47: region=1 doorTransitionFrames=292 failures=0
TEST 43: region=1 steps=202 remembered={chasm=565, door=1415, floor=27380, grass=2473, water=8230} fogPixels=1619 unseenBlackPixels=1608 turns=56 doors=16 failures=0
[Controllers] removed manager for application, 0 managers active
PREFERENCES_PATH=C:\Users\Hartl\AppData\Roaming\.grimhollow\Grimhollow
[Controllers] added manager for application, 1 managers active
RENDERED=TitleScene SCREENSHOT=.local/acceptance/title.png
RECOVERY generated region=2 seed=417 room=[23, 5, 30, 14] fixed-path steps=200 terrainEdits=0
[GAME] @@ You descend to floor 11 of the dungeon.
[GAME] ++ Use the mouse, WASD, or arrow keys to move and interact.
TEST 47: region=2 phase=start zooms=3 pans=4 cameras=12 everyCell=2067 hiddenPixels=28528640 visiblePixels=1103872 fogTexel/cell=1:1 worldUnits=16 lightQuad=aligned failures=0
TEST 47: region=2 phase=after-walk-and-doors zooms=3 pans=4 cameras=12 everyCell=2067 hiddenPixels=25145344 visiblePixels=1103872 fogTexel/cell=1:1 worldUnits=16 lightQuad=aligned failures=0
TEST 47: region=2 doorTransitionFrames=429 failures=0
TEST 43: region=2 steps=200 remembered={chasm=5742, door=694, floor=16771, grass=477, water=3379} fogPixels=1912 unseenBlackPixels=1963 turns=85 doors=23 failures=0
[Controllers] removed manager for application, 0 managers active
PREFERENCES_PATH=C:\Users\Hartl\AppData\Roaming\.grimhollow\Grimhollow
[Controllers] added manager for application, 1 managers active
RENDERED=TitleScene SCREENSHOT=.local/acceptance/title.png
RECOVERY generated region=3 seed=417 room=[16, 23, 23, 30] fixed-path steps=172 terrainEdits=0
[GAME] @@ You descend to floor 16 of the dungeon.
[GAME] ++ Use the mouse, WASD, or arrow keys to move and interact.
TEST 47: region=3 phase=start zooms=3 pans=4 cameras=12 everyCell=1722 hiddenPixels=23769088 visiblePixels=917504 fogTexel/cell=1:1 worldUnits=16 lightQuad=aligned failures=0
TEST 47: region=3 phase=after-walk-and-doors zooms=3 pans=4 cameras=12 everyCell=1722 hiddenPixels=18049024 visiblePixels=917504 fogTexel/cell=1:1 worldUnits=16 lightQuad=aligned failures=0
TEST 47: region=3 doorTransitionFrames=337 failures=0
TEST 43: region=3 steps=172 remembered={chasm=1929, door=1212, floor=12206, grass=715, water=5082} fogPixels=1369 unseenBlackPixels=1920 turns=54 doors=18 failures=0
[Controllers] removed manager for application, 0 managers active
PREFERENCES_PATH=C:\Users\Hartl\AppData\Roaming\.grimhollow\Grimhollow
[Controllers] added manager for application, 1 managers active
RENDERED=TitleScene SCREENSHOT=.local/acceptance/title.png
RECOVERY generated region=4 seed=417 room=[24, 17, 32, 25] fixed-path steps=114 terrainEdits=0
[GAME] @@ You descend to floor 21 of the dungeon.
[GAME] -- You feel that there's a source of demonic energy above you...
[GAME] ** Your steps echo across the dungeon.
[GAME] ++ Use the mouse, WASD, or arrow keys to move and interact.
TEST 47: region=4 phase=start zooms=3 pans=4 cameras=12 everyCell=1925 hiddenPixels=26851328 visiblePixels=745472 fogTexel/cell=1:1 worldUnits=16 lightQuad=aligned failures=0
TEST 47: region=4 phase=after-walk-and-doors zooms=3 pans=4 cameras=12 everyCell=1925 hiddenPixels=22306816 visiblePixels=745472 fogTexel/cell=1:1 worldUnits=16 lightQuad=aligned failures=0
TEST 47: region=4 doorTransitionFrames=184 failures=0
TEST 43: region=4 steps=114 remembered={chasm=7238, door=250, floor=4823, grass=1571, water=2529} fogPixels=1006 unseenBlackPixels=3247 turns=36 doors=10 failures=0
[Controllers] removed manager for application, 0 managers active
PREFERENCES_PATH=C:\Users\Hartl\AppData\Roaming\.grimhollow\Grimhollow
[Controllers] added manager for application, 1 managers active
RENDERED=TitleScene SCREENSHOT=.local/acceptance/title.png
[Controllers] removed manager for application, 0 managers active
PREFERENCES_PATH=C:\Users\Hartl\AppData\Roaming\.grimhollow\Grimhollow
[Controllers] added manager for application, 1 managers active
RENDERED=TitleScene SCREENSHOT=.local/acceptance/title.png
[GAME] @@ You descend to floor 19 of the dungeon.
[GAME] ** You have unspent talent points!
[GAME] ++ Use the mouse, WASD, or arrow keys to move and interact.
RENDERED=GameScene SCREENSHOT=.local/acceptance/vault-fire.png
RENDERED=GameScene SCREENSHOT=.local/acceptance/vault-frost.png
RENDERED=GameScene SCREENSHOT=.local/acceptance/vault-shock.png
RENDERED=GameScene SCREENSHOT=.local/acceptance/vault-lighting-on.png
PASS V4 rendering: arena trigger, FIRE/FROST/SHOCK, scripted boss death and treasure door unlock (not a played fight)
RENDERED=GameScene SCREENSHOT=.local/acceptance/vault-lighting-off.png
PASS: Vault scene renders with dynamic lighting on and off.
[Controllers] removed manager for application, 0 managers active
To honour the JVM settings for this build a single-use Daemon process will be forked. For more on this, please refer to https://docs.gradle.org/9.5.0/userguide/gradle_daemon.html#sec:disabling_the_daemon in the Gradle documentation.
Daemon will be stopped at the end of the build
> Task :core:processResources NO-SOURCE
> Task :SPD-classes:compileJava UP-TO-DATE
> Task :services:compileJava UP-TO-DATE
> Task :services:processResources NO-SOURCE
> Task :services:classes UP-TO-DATE
> Task :services:jar UP-TO-DATE
> Task :SPD-classes:processResources NO-SOURCE
> Task :SPD-classes:classes UP-TO-DATE
> Task :SPD-classes:jar UP-TO-DATE
> Task :android:preBuild UP-TO-DATE
> Task :android:preDebugBuild UP-TO-DATE
> Task :android:mergeDebugNativeDebugMetadata NO-SOURCE
> Task :android:generateDebugResources UP-TO-DATE
> Task :android:packageDebugResources UP-TO-DATE
> Task :core:compileJava UP-TO-DATE
> Task :core:classes UP-TO-DATE
> Task :core:jar UP-TO-DATE
> Task :android:processDebugNavigationResources UP-TO-DATE
> Task :android:parseDebugLocalResources UP-TO-DATE
> Task :android:generateDebugRFile UP-TO-DATE
> Task :android:compileDebugKotlin NO-SOURCE
> Task :android:javaPreCompileDebug UP-TO-DATE
> Task :core:compileTestJava UP-TO-DATE
> Task :core:processTestResources NO-SOURCE
> Task :core:testClasses UP-TO-DATE
> Task :android:compileDebugJavaWithJavac UP-TO-DATE
> Task :android:generateDebugAssets UP-TO-DATE
> Task :android:mergeDebugAssets
> Task :android:compressDebugAssets
> Task :android:generateDebugGlobalSynthetics UP-TO-DATE
> Task :android:processDebugJavaRes NO-SOURCE
> Task :core:test
> Task :desktop:processResources
> Task :android:checkDebugDuplicateClasses UP-TO-DATE
> Task :desktop:compileJava UP-TO-DATE
> Task :desktop:classes
> Task :android:desugarDebugFileDependencies UP-TO-DATE
> Task :android:mergeDebugJavaResource
> Task :android:mergeExtDexDebug UP-TO-DATE
> Task :android:checkDebugAarMetadata UP-TO-DATE
> Task :android:mapDebugSourceSetPaths UP-TO-DATE
> Task :android:compileDebugNavigationResources UP-TO-DATE
> Task :android:mergeDebugResources UP-TO-DATE
> Task :android:createDebugCompatibleScreenManifests
> Task :android:extractDeepLinksDebug UP-TO-DATE
> Task :android:processDebugMainManifest
> Task :android:processDebugManifest
> Task :android:processDebugManifestForPackage
> Task :android:processDebugResources
> Task :android:dexBuilderDebug UP-TO-DATE
> Task :android:mergeProjectDexDebug UP-TO-DATE
> Task :android:copyAndroidNatives
> Task :android:mergeDebugJniLibFolders UP-TO-DATE
> Task :android:mergeDebugNativeLibs UP-TO-DATE
> Task :android:stripDebugDebugSymbols UP-TO-DATE
> Task :android:validateSigningDebug UP-TO-DATE
> Task :android:writeDebugAppMetadata UP-TO-DATE
> Task :android:writeDebugSigningConfigVersions UP-TO-DATE

> Task :core:smokeRun
PASS V4 WARRIOR Vault generation/save/load, mirror=BrokenSeal, equipment restore, quest completion/shop and six enchantment/curses serialized
TEST 9 PASS: Wand of Bone and Bone Prison terrain blocks movement/bolts, expires and clears on level exit/save/load
[GAME] ** You feel weakened!
[GAME] ** You are crippled!
[GAME] ** You feel weakened!
[GAME] ** You are crippled!
[GAME] ** You can't move!
PASS CONTENT WARRIOR: curses, healing, three scythes, armor/crown persistence, three wands, Soulfire recipe/immunity, Hourglass charge/upgrade/refund/save, cursed mob/drop, Hexcaster and Chainwarden
PASS WARRIOR seed=0 floor=6 save/load=ok
PASS WARRIOR seed=1 floor=6 save/load=ok
PASS WARRIOR seed=2 floor=6 save/load=ok
PASS WARRIOR seed=3 floor=6 save/load=ok
PASS WARRIOR seed=4 floor=6 save/load=ok
PASS WARRIOR seed=5 floor=6 save/load=ok
PASS WARRIOR seed=6 floor=6 save/load=ok
PASS WARRIOR seed=7 floor=6 save/load=ok
PASS WARRIOR seed=8 floor=6 save/load=ok
PASS WARRIOR seed=9 floor=6 save/load=ok
PASS V4 MAGE Vault generation/save/load, mirror=MagesStaff, equipment restore, quest completion/shop and six enchantment/curses serialized
TEST 9 PASS: Wand of Bone and Bone Prison terrain blocks movement/bolts, expires and clears on level exit/save/load
[GAME] ** You feel weakened!
[GAME] ** You are crippled!
[GAME] ** You feel weakened!
[GAME] ** You are crippled!
[GAME] ** You can't move!
PASS CONTENT MAGE: curses, healing, three scythes, armor/crown persistence, three wands, Soulfire recipe/immunity, Hourglass charge/upgrade/refund/save, cursed mob/drop, Hexcaster and Chainwarden
PASS MAGE seed=0 floor=6 save/load=ok
PASS MAGE seed=1 floor=6 save/load=ok
PASS MAGE seed=2 floor=6 save/load=ok
PASS MAGE seed=3 floor=6 save/load=ok
PASS MAGE seed=4 floor=6 save/load=ok
PASS MAGE seed=5 floor=6 save/load=ok
PASS MAGE seed=6 floor=6 save/load=ok
PASS MAGE seed=7 floor=6 save/load=ok
PASS MAGE seed=8 floor=6 save/load=ok
PASS MAGE seed=9 floor=6 save/load=ok

> Task :desktop:release
> Task :desktop:dist

> Task :core:smokeRun
PASS V4 ROGUE Vault generation/save/load, mirror=CloakOfShadows, equipment restore, quest completion/shop and six enchantment/curses serialized
TEST 9 PASS: Wand of Bone and Bone Prison terrain blocks movement/bolts, expires and clears on level exit/save/load
[GAME] ** You feel weakened!
[GAME] ** You are crippled!
[GAME] ** You feel weakened!
[GAME] ** You are crippled!
[GAME] ** You can't move!
PASS CONTENT ROGUE: curses, healing, three scythes, armor/crown persistence, three wands, Soulfire recipe/immunity, Hourglass charge/upgrade/refund/save, cursed mob/drop, Hexcaster and Chainwarden
PASS ROGUE seed=0 floor=6 save/load=ok
PASS ROGUE seed=1 floor=6 save/load=ok
PASS ROGUE seed=2 floor=6 save/load=ok
PASS ROGUE seed=3 floor=6 save/load=ok
PASS ROGUE seed=4 floor=6 save/load=ok
PASS ROGUE seed=5 floor=6 save/load=ok
PASS ROGUE seed=6 floor=6 save/load=ok
PASS ROGUE seed=7 floor=6 save/load=ok
PASS ROGUE seed=8 floor=6 save/load=ok
PASS ROGUE seed=9 floor=6 save/load=ok
PASS V4 HUNTRESS Vault generation/save/load, mirror=SpiritBow, equipment restore, quest completion/shop and six enchantment/curses serialized
TEST 9 PASS: Wand of Bone and Bone Prison terrain blocks movement/bolts, expires and clears on level exit/save/load
[GAME] ** You feel weakened!
[GAME] ** You are crippled!
[GAME] ** You feel weakened!
[GAME] ** You are crippled!
[GAME] ** You can't move!
PASS CONTENT HUNTRESS: curses, healing, three scythes, armor/crown persistence, three wands, Soulfire recipe/immunity, Hourglass charge/upgrade/refund/save, cursed mob/drop, Hexcaster and Chainwarden
PASS HUNTRESS seed=0 floor=6 save/load=ok
PASS HUNTRESS seed=1 floor=6 save/load=ok
PASS HUNTRESS seed=2 floor=6 save/load=ok
PASS HUNTRESS seed=3 floor=6 save/load=ok
PASS HUNTRESS seed=4 floor=6 save/load=ok
PASS HUNTRESS seed=5 floor=6 save/load=ok
PASS HUNTRESS seed=6 floor=6 save/load=ok
PASS HUNTRESS seed=7 floor=6 save/load=ok
PASS HUNTRESS seed=8 floor=6 save/load=ok
PASS HUNTRESS seed=9 floor=6 save/load=ok
PASS V4 DUELIST Vault generation/save/load, mirror=MirrorSword, equipment restore, quest completion/shop and six enchantment/curses serialized
TEST 9 PASS: Wand of Bone and Bone Prison terrain blocks movement/bolts, expires and clears on level exit/save/load
[GAME] ** You feel weakened!
[GAME] ** You are crippled!
[GAME] ** You feel weakened!
[GAME] ** You are crippled!
[GAME] ** You can't move!
PASS CONTENT DUELIST: curses, healing, three scythes, armor/crown persistence, three wands, Soulfire recipe/immunity, Hourglass charge/upgrade/refund/save, cursed mob/drop, Hexcaster and Chainwarden
PASS DUELIST seed=0 floor=6 save/load=ok
PASS DUELIST seed=1 floor=6 save/load=ok
PASS DUELIST seed=2 floor=6 save/load=ok
PASS DUELIST seed=3 floor=6 save/load=ok
PASS DUELIST seed=4 floor=6 save/load=ok
PASS DUELIST seed=5 floor=6 save/load=ok
PASS DUELIST seed=6 floor=6 save/load=ok
PASS DUELIST seed=7 floor=6 save/load=ok
PASS DUELIST seed=8 floor=6 save/load=ok
PASS DUELIST seed=9 floor=6 save/load=ok
PASS V4 CLERIC Vault generation/save/load, mirror=HolyTome, equipment restore, quest completion/shop and six enchantment/curses serialized
TEST 9 PASS: Wand of Bone and Bone Prison terrain blocks movement/bolts, expires and clears on level exit/save/load
[GAME] ** You feel weakened!
[GAME] ** You are crippled!
[GAME] ** You feel weakened!
[GAME] ** You are crippled!
[GAME] ** You can't move!
PASS CONTENT CLERIC: curses, healing, three scythes, armor/crown persistence, three wands, Soulfire recipe/immunity, Hourglass charge/upgrade/refund/save, cursed mob/drop, Hexcaster and Chainwarden
PASS CLERIC seed=0 floor=6 save/load=ok
PASS CLERIC seed=1 floor=6 save/load=ok
PASS CLERIC seed=2 floor=6 save/load=ok
PASS CLERIC seed=3 floor=6 save/load=ok
PASS CLERIC seed=4 floor=6 save/load=ok
PASS CLERIC seed=5 floor=6 save/load=ok
PASS CLERIC seed=6 floor=6 save/load=ok
PASS CLERIC seed=7 floor=6 save/load=ok
PASS CLERIC seed=8 floor=6 save/load=ok
PASS CLERIC seed=9 floor=6 save/load=ok
[GAME] ** There is no room for another minion.
TEST 27 PASS: 300 turns unchanged; 12 charges level=1 Wraith offered; hostile attacked within 2 turns
[GAME] ** There is no room for another minion.
NECROMANCER kit, talents, subclasses, spells, armor, caps, and persistence: PASS
PASS V4 NECROMANCER Vault generation/save/load, mirror=Phylactery, equipment restore, quest completion/shop and six enchantment/curses serialized
TEST 9 PASS: Wand of Bone and Bone Prison terrain blocks movement/bolts, expires and clears on level exit/save/load
[GAME] ** You feel weakened!
[GAME] ** You are crippled!
[GAME] ** You feel weakened!
[GAME] ** You are crippled!
[GAME] ** You can't move!
PASS CONTENT NECROMANCER: curses, healing, three scythes, armor/crown persistence, three wands, Soulfire recipe/immunity, Hourglass charge/upgrade/refund/save, cursed mob/drop, Hexcaster and Chainwarden
PASS NECROMANCER seed=0 floor=6 save/load=ok
[GAME] ** There is no room for another minion.
TEST 27 PASS: 300 turns unchanged; 12 charges level=1 Wraith offered; hostile attacked within 2 turns
[GAME] ** There is no room for another minion.
NECROMANCER kit, talents, subclasses, spells, armor, caps, and persistence: PASS
PASS NECROMANCER seed=1 floor=6 save/load=ok
[GAME] ** There is no room for another minion.
TEST 27 PASS: 300 turns unchanged; 12 charges level=1 Wraith offered; hostile attacked within 2 turns
[GAME] ** There is no room for another minion.
NECROMANCER kit, talents, subclasses, spells, armor, caps, and persistence: PASS
PASS NECROMANCER seed=2 floor=6 save/load=ok
[GAME] ** There is no room for another minion.
TEST 27 PASS: 300 turns unchanged; 12 charges level=1 Wraith offered; hostile attacked within 2 turns
[GAME] ** There is no room for another minion.
NECROMANCER kit, talents, subclasses, spells, armor, caps, and persistence: PASS
PASS NECROMANCER seed=3 floor=6 save/load=ok
[GAME] ** There is no room for another minion.
TEST 27 PASS: 300 turns unchanged; 12 charges level=1 Wraith offered; hostile attacked within 2 turns
[GAME] ** There is no room for another minion.
NECROMANCER kit, talents, subclasses, spells, armor, caps, and persistence: PASS
PASS NECROMANCER seed=4 floor=6 save/load=ok
[GAME] ** There is no room for another minion.
TEST 27 PASS: 300 turns unchanged; 12 charges level=1 Wraith offered; hostile attacked within 2 turns
[GAME] ** There is no room for another minion.
NECROMANCER kit, talents, subclasses, spells, armor, caps, and persistence: PASS
PASS NECROMANCER seed=5 floor=6 save/load=ok
[GAME] ** There is no room for another minion.
TEST 27 PASS: 300 turns unchanged; 12 charges level=1 Wraith offered; hostile attacked within 2 turns
[GAME] ** There is no room for another minion.
NECROMANCER kit, talents, subclasses, spells, armor, caps, and persistence: PASS
PASS NECROMANCER seed=6 floor=6 save/load=ok
[GAME] ** There is no room for another minion.
TEST 27 PASS: 300 turns unchanged; 12 charges level=1 Wraith offered; hostile attacked within 2 turns
[GAME] ** There is no room for another minion.
NECROMANCER kit, talents, subclasses, spells, armor, caps, and persistence: PASS
PASS NECROMANCER seed=7 floor=6 save/load=ok
[GAME] ** There is no room for another minion.
TEST 27 PASS: 300 turns unchanged; 12 charges level=1 Wraith offered; hostile attacked within 2 turns
[GAME] ** There is no room for another minion.
NECROMANCER kit, talents, subclasses, spells, armor, caps, and persistence: PASS
PASS NECROMANCER seed=8 floor=6 save/load=ok
[GAME] ** There is no room for another minion.
TEST 27 PASS: 300 turns unchanged; 12 charges level=1 Wraith offered; hostile attacked within 2 turns
[GAME] ** There is no room for another minion.
NECROMANCER kit, talents, subclasses, spells, armor, caps, and persistence: PASS
PASS NECROMANCER seed=9 floor=6 save/load=ok
TEST 37 PASS: transfer, upgrade, replacement, carrier loss and reattachment
[GAME] @@ Badge unlocked: Novice Researcher (Fill in 40 catalog entries in your journal).
TEST 33 PASS: scroll and stone offers, distinct exclusions, cancel/apply, Artificer, Scrivener and history persistence
ENCHANTER kit, talents, subclasses, inscriptions, armor, and persistence: PASS
PASS V4 ENCHANTER Vault generation/save/load, mirror=SigilBrush, equipment restore, quest completion/shop and six enchantment/curses serialized
TEST 9 PASS: Wand of Bone and Bone Prison terrain blocks movement/bolts, expires and clears on level exit/save/load
[GAME] ** You feel weakened!
[GAME] ** You are crippled!
[GAME] ** You feel weakened!
[GAME] ** You are crippled!
[GAME] ** You can't move!
PASS CONTENT ENCHANTER: curses, healing, three scythes, armor/crown persistence, three wands, Soulfire recipe/immunity, Hourglass charge/upgrade/refund/save, cursed mob/drop, Hexcaster and Chainwarden
PASS ENCHANTER seed=0 floor=6 save/load=ok
TEST 37 PASS: transfer, upgrade, replacement, carrier loss and reattachment
TEST 33 PASS: scroll and stone offers, distinct exclusions, cancel/apply, Artificer, Scrivener and history persistence
ENCHANTER kit, talents, subclasses, inscriptions, armor, and persistence: PASS
PASS ENCHANTER seed=1 floor=6 save/load=ok
TEST 37 PASS: transfer, upgrade, replacement, carrier loss and reattachment
TEST 33 PASS: scroll and stone offers, distinct exclusions, cancel/apply, Artificer, Scrivener and history persistence
ENCHANTER kit, talents, subclasses, inscriptions, armor, and persistence: PASS
PASS ENCHANTER seed=2 floor=6 save/load=ok
TEST 37 PASS: transfer, upgrade, replacement, carrier loss and reattachment
TEST 33 PASS: scroll and stone offers, distinct exclusions, cancel/apply, Artificer, Scrivener and history persistence
ENCHANTER kit, talents, subclasses, inscriptions, armor, and persistence: PASS
PASS ENCHANTER seed=3 floor=6 save/load=ok
TEST 37 PASS: transfer, upgrade, replacement, carrier loss and reattachment
TEST 33 PASS: scroll and stone offers, distinct exclusions, cancel/apply, Artificer, Scrivener and history persistence
ENCHANTER kit, talents, subclasses, inscriptions, armor, and persistence: PASS
PASS ENCHANTER seed=4 floor=6 save/load=ok
TEST 37 PASS: transfer, upgrade, replacement, carrier loss and reattachment
TEST 33 PASS: scroll and stone offers, distinct exclusions, cancel/apply, Artificer, Scrivener and history persistence
ENCHANTER kit, talents, subclasses, inscriptions, armor, and persistence: PASS
PASS ENCHANTER seed=5 floor=6 save/load=ok
TEST 37 PASS: transfer, upgrade, replacement, carrier loss and reattachment
TEST 33 PASS: scroll and stone offers, distinct exclusions, cancel/apply, Artificer, Scrivener and history persistence
ENCHANTER kit, talents, subclasses, inscriptions, armor, and persistence: PASS
PASS ENCHANTER seed=6 floor=6 save/load=ok
TEST 37 PASS: transfer, upgrade, replacement, carrier loss and reattachment
TEST 33 PASS: scroll and stone offers, distinct exclusions, cancel/apply, Artificer, Scrivener and history persistence
ENCHANTER kit, talents, subclasses, inscriptions, armor, and persistence: PASS
PASS ENCHANTER seed=7 floor=6 save/load=ok
TEST 37 PASS: transfer, upgrade, replacement, carrier loss and reattachment
TEST 33 PASS: scroll and stone offers, distinct exclusions, cancel/apply, Artificer, Scrivener and history persistence
ENCHANTER kit, talents, subclasses, inscriptions, armor, and persistence: PASS
PASS ENCHANTER seed=8 floor=6 save/load=ok
TEST 37 PASS: transfer, upgrade, replacement, carrier loss and reattachment
TEST 33 PASS: scroll and stone offers, distinct exclusions, cancel/apply, Artificer, Scrivener and history persistence
ENCHANTER kit, talents, subclasses, inscriptions, armor, and persistence: PASS
PASS ENCHANTER seed=9 floor=6 save/load=ok
PSYCHIC kit, talents, subclasses, Grasp, thrown damage, domination, armor and persistence: PASS; TESTS 11-13 PASS
PASS V4 PSYCHIC Vault generation/save/load, mirror=FocusCrystal, equipment restore, quest completion/shop and six enchantment/curses serialized
TEST 9 PASS: Wand of Bone and Bone Prison terrain blocks movement/bolts, expires and clears on level exit/save/load
[GAME] ** You feel weakened!
[GAME] ** You are crippled!
[GAME] ** You feel weakened!
[GAME] ** You are crippled!
[GAME] ** You can't move!
PASS CONTENT PSYCHIC: curses, healing, three scythes, armor/crown persistence, three wands, Soulfire recipe/immunity, Hourglass charge/upgrade/refund/save, cursed mob/drop, Hexcaster and Chainwarden
PASS PSYCHIC seed=0 floor=6 save/load=ok
PSYCHIC kit, talents, subclasses, Grasp, thrown damage, domination, armor and persistence: PASS; TESTS 11-13 PASS
PASS PSYCHIC seed=1 floor=6 save/load=ok
PSYCHIC kit, talents, subclasses, Grasp, thrown damage, domination, armor and persistence: PASS; TESTS 11-13 PASS
PASS PSYCHIC seed=2 floor=6 save/load=ok

> Task :android:mergeLibDexDebug

> Task :core:smokeRun
PSYCHIC kit, talents, subclasses, Grasp, thrown damage, domination, armor and persistence: PASS; TESTS 11-13 PASS
PASS PSYCHIC seed=3 floor=6 save/load=ok
PSYCHIC kit, talents, subclasses, Grasp, thrown damage, domination, armor and persistence: PASS; TESTS 11-13 PASS
PASS PSYCHIC seed=4 floor=6 save/load=ok
PSYCHIC kit, talents, subclasses, Grasp, thrown damage, domination, armor and persistence: PASS; TESTS 11-13 PASS
PASS PSYCHIC seed=5 floor=6 save/load=ok
PSYCHIC kit, talents, subclasses, Grasp, thrown damage, domination, armor and persistence: PASS; TESTS 11-13 PASS
PASS PSYCHIC seed=6 floor=6 save/load=ok
PSYCHIC kit, talents, subclasses, Grasp, thrown damage, domination, armor and persistence: PASS; TESTS 11-13 PASS
PASS PSYCHIC seed=7 floor=6 save/load=ok
PSYCHIC kit, talents, subclasses, Grasp, thrown damage, domination, armor and persistence: PASS; TESTS 11-13 PASS
PASS PSYCHIC seed=8 floor=6 save/load=ok
PSYCHIC kit, talents, subclasses, Grasp, thrown damage, domination, armor and persistence: PASS; TESTS 11-13 PASS
PASS PSYCHIC seed=9 floor=6 save/load=ok
Runs=90 failures=0

> Task :android:packageDebug
> Task :android:createDebugApkListingFileRedirect
> Task :android:assembleDebug

[Incubating] Problems report is available at: file:///C:/Users/Hartl/Documents/grimhollow/build/reports/problems/problems-report.html

Deprecated Gradle features were used in this build, making it incompatible with Gradle 10.

You can use '--warning-mode all' to show the individual deprecation warnings and determine if they come from your own scripts or plugins.

For more on this, please refer to https://docs.gradle.org/9.5.0/userguide/command_line_interface.html#sec:command_line_warnings in the Gradle documentation.

BUILD SUCCESSFUL in 58s
48 actionable tasks: 16 executed, 32 up-to-date
Consider enabling configuration cache to speed up this build: https://docs.gradle.org/9.5.0/userguide/configuration_cache_enabling.html
PREFERENCES_PATH=C:\Users\Hartl\AppData\Roaming\.grimhollow\Grimhollow
[Controllers] added manager for application, 1 managers active
RENDERED=TitleScene SCREENSHOT=.local/acceptance/title.png
TEST 46 runtime: title controls=5 credits handlers=4 repository URLs=4 external opens=0 scene fetches=0 failures=0
RECOVERY generated region=0 seed=417 room=[5, 8, 10, 15] fixed-path steps=100 terrainEdits=0
[GAME] @@ You descend to floor 1 of the dungeon.
[GAME] ++ Use the mouse, WASD, or arrow keys to move and interact.
TEST 47: region=0 phase=start zooms=3 pans=4 cameras=12 everyCell=1152 hiddenPixels=15869952 visiblePixels=645120 fogTexel/cell=1:1 worldUnits=16 lightQuad=aligned failures=0
com.badlogic.gdx.utils.GdxRuntimeException: java.lang.AssertionError: Wrong remembered terrain frame water at 393
	at com.badlogic.gdx.backends.lwjgl3.Lwjgl3Application.<init>(Lwjgl3Application.java:159)
	at com.shatteredpixel.shatteredpixeldungeon.desktop.DesktopLauncher.main(DesktopLauncher.java:193)
Caused by: java.lang.AssertionError: Wrong remembered terrain frame water at 393
	at com.shatteredpixel.shatteredpixeldungeon.desktop.RecoveryChecks.checkRemembered(RecoveryChecks.java:261)
	at com.shatteredpixel.shatteredpixeldungeon.desktop.RecoveryChecks.tick(RecoveryChecks.java:191)
	at com.shatteredpixel.shatteredpixeldungeon.desktop.DesktopSmokeProbe.render(DesktopSmokeProbe.java:61)
	at com.badlogic.gdx.backends.lwjgl3.Lwjgl3Window.update(Lwjgl3Window.java:435)
	at com.badlogic.gdx.backends.lwjgl3.Lwjgl3Application.loop(Lwjgl3Application.java:181)
	at com.badlogic.gdx.backends.lwjgl3.Lwjgl3Application.<init>(Lwjgl3Application.java:153)
	... 1 more
PREFERENCES_PATH=C:\Users\Hartl\AppData\Roaming\.grimhollow\Grimhollow
[Controllers] added manager for application, 1 managers active
RENDERED=TitleScene SCREENSHOT=.local/acceptance/title.png
ITERATION ROOM: seed=419 bounds=13,14,20,22 water=18 doors=1 rubble=4 wallTorch=1 torchCell=761 bridgeCell=594 heroCell=593 terrainEdits=0
[GAME] @@ You descend to floor 1 of the dungeon.
[GAME] ++ Use the mouse, WASD, or arrow keys to move and interact.
RENDERED=GameScene SCREENSHOT=.local/acceptance/sewers-lighting-on.png
ITERATION SCREENSHOT: lighting=true defaultZoom=3.0
RENDERED=GameScene SCREENSHOT=.local/acceptance/sewers-lighting-off.png
TEST 41 runtime: phase/frame checks=8192 adjacent synchronization failures=0
PASS: Sewer scene renders with dynamic lighting on and off.
[Controllers] removed manager for application, 0 managers active
To honour the JVM settings for this build a single-use Daemon process will be forked. For more on this, please refer to https://docs.gradle.org/9.5.0/userguide/gradle_daemon.html#sec:disabling_the_daemon in the Gradle documentation.
Daemon will be stopped at the end of the build
> Task :core:processResources NO-SOURCE
> Task :desktop:processResources UP-TO-DATE
> Task :services:compileJava UP-TO-DATE
> Task :SPD-classes:compileJava UP-TO-DATE
> Task :SPD-classes:processResources NO-SOURCE
> Task :services:processResources NO-SOURCE
> Task :services:classes UP-TO-DATE
> Task :SPD-classes:classes UP-TO-DATE
> Task :services:jar UP-TO-DATE
> Task :SPD-classes:jar UP-TO-DATE
> Task :core:compileJava UP-TO-DATE
> Task :core:classes UP-TO-DATE
> Task :core:jar UP-TO-DATE
> Task :desktop:compileJava
> Task :desktop:classes
> Task :desktop:release
> Task :desktop:dist

[Incubating] Problems report is available at: file:///C:/Users/Hartl/Documents/grimhollow/build/reports/problems/problems-report.html

Deprecated Gradle features were used in this build, making it incompatible with Gradle 10.

You can use '--warning-mode all' to show the individual deprecation warnings and determine if they come from your own scripts or plugins.

For more on this, please refer to https://docs.gradle.org/9.5.0/userguide/command_line_interface.html#sec:command_line_warnings in the Gradle documentation.

BUILD SUCCESSFUL in 23s
9 actionable tasks: 2 executed, 7 up-to-date
Consider enabling configuration cache to speed up this build: https://docs.gradle.org/9.5.0/userguide/configuration_cache_enabling.html
PREFERENCES_PATH=C:\Users\Hartl\AppData\Roaming\.grimhollow\Grimhollow
[Controllers] added manager for application, 1 managers active
RENDERED=TitleScene SCREENSHOT=.local/acceptance/title.png
TEST 46 runtime: title controls=5 credits handlers=4 repository URLs=4 external opens=0 scene fetches=0 failures=0
RECOVERY generated region=0 seed=417 room=[5, 8, 10, 15] fixed-path steps=100 terrainEdits=0
[GAME] @@ You descend to floor 1 of the dungeon.
[GAME] ++ Use the mouse, WASD, or arrow keys to move and interact.
TEST 47: region=0 phase=start zooms=3 pans=4 cameras=12 everyCell=1152 hiddenPixels=15869952 visiblePixels=645120 fogTexel/cell=1:1 worldUnits=16 lightQuad=aligned failures=0
TEST 47: region=0 phase=after-walk-and-doors zooms=3 pans=4 cameras=12 everyCell=1152 hiddenPixels=12500992 visiblePixels=645120 fogTexel/cell=1:1 worldUnits=16 lightQuad=aligned failures=0
TEST 47: region=0 doorTransitionFrames=150 failures=0
TEST 43: region=0 steps=100 remembered={chasm=1263, door=349, floor=3091, grass=317, water=1571} fogPixels=604 unseenBlackPixels=885 turns=23 doors=8 failures=0
TEST 24: heroes=9 mob sprites=114 failures=0
TEST 25 semantics: all 381 named item IDs + 60 icons, Waterskin=480, MindVision=eye@98 (ID 82), section9 items=11, class items=10
TEST 25: items=381 identification icons=60 failures=0
TEST 26: three stains and floor/chasm/water/trap placement failures=0
TEST 36: nine splashes, descriptions, portraits, all talents and ItemSlots failures=0
TEST 34: old/future version, portrait exception and deletion failures=0
TEST 35 RETIRED � superseded by recovery test 46 handler/network checks
TESTS 24-26, 34, 36 PASS; test 35 retired by recovery
TEST 32: three scorch sizes, actual floor fire expiration, water/chasm rejection failures=0
TEST 31: off pixel differences=0; 40 gas + 10 fire cells, 240 GPU-completed frames mean=0.7854ms p95=1.2126ms failures=0
[Controllers] removed manager for application, 0 managers active
PREFERENCES_PATH=C:\Users\Hartl\AppData\Roaming\.grimhollow\Grimhollow
[Controllers] added manager for application, 1 managers active
RENDERED=TitleScene SCREENSHOT=.local/acceptance/title.png
ITERATION ROOM: seed=419 bounds=13,14,20,22 water=18 doors=1 rubble=4 wallTorch=1 torchCell=761 bridgeCell=594 heroCell=593 terrainEdits=0
[GAME] @@ You descend to floor 1 of the dungeon.
[GAME] ++ Use the mouse, WASD, or arrow keys to move and interact.
RENDERED=GameScene SCREENSHOT=.local/acceptance/sewers-lighting-on.png
ITERATION SCREENSHOT: lighting=true defaultZoom=3.0
RENDERED=GameScene SCREENSHOT=.local/acceptance/sewers-lighting-off.png
TEST 41 runtime: phase/frame checks=8192 adjacent synchronization failures=0
PASS: Sewer scene renders with dynamic lighting on and off.
[Controllers] removed manager for application, 0 managers active
PREFERENCES_PATH=C:\Users\Hartl\AppData\Roaming\.grimhollow\Grimhollow
[Controllers] added manager for application, 1 managers active
RENDERED=TitleScene SCREENSHOT=.local/acceptance/title.png
RECOVERY generated region=1 seed=417 room=[29, 25, 37, 32] fixed-path steps=202 terrainEdits=0
[GAME] @@ You descend to floor 6 of the dungeon.
[GAME] ++ Use the mouse, WASD, or arrow keys to move and interact.
TEST 47: region=1 phase=start zooms=3 pans=4 cameras=12 everyCell=1681 hiddenPixels=23066624 visiblePixels=1032192 fogTexel/cell=1:1 worldUnits=16 lightQuad=aligned failures=0
[GAME] ** You catch fire!
TEST 47: region=1 phase=after-walk-and-doors zooms=3 pans=4 cameras=12 everyCell=1681 hiddenPixels=16228352 visiblePixels=1032192 fogTexel/cell=1:1 worldUnits=16 lightQuad=aligned failures=0
TEST 47: region=1 doorTransitionFrames=301 failures=0
TEST 43: region=1 steps=202 remembered={chasm=565, door=1415, floor=27380, grass=2473, water=8230} fogPixels=1619 unseenBlackPixels=1608 turns=56 doors=16 failures=0
[Controllers] removed manager for application, 0 managers active
PREFERENCES_PATH=C:\Users\Hartl\AppData\Roaming\.grimhollow\Grimhollow
[Controllers] added manager for application, 1 managers active
RENDERED=TitleScene SCREENSHOT=.local/acceptance/title.png
ITERATION ROOM: seed=417 bounds=29,25,37,32 water=7 doors=1 rubble=1 wallTorch=1 torchCell=1056 bridgeCell=1181 heroCell=1181 terrainEdits=0
[GAME] @@ You descend to floor 6 of the dungeon.
[GAME] ++ Use the mouse, WASD, or arrow keys to move and interact.
RENDERED=GameScene SCREENSHOT=.local/acceptance/sewers-lighting-on.png
ITERATION SCREENSHOT: lighting=true defaultZoom=3.0
RENDERED=GameScene SCREENSHOT=.local/acceptance/sewers-lighting-off.png
TEST 41 runtime: phase/frame checks=8192 adjacent synchronization failures=0
PASS: Sewer scene renders with dynamic lighting on and off.
[Controllers] removed manager for application, 0 managers active
PREFERENCES_PATH=C:\Users\Hartl\AppData\Roaming\.grimhollow\Grimhollow
[Controllers] added manager for application, 1 managers active
RENDERED=TitleScene SCREENSHOT=.local/acceptance/title.png
RECOVERY generated region=2 seed=417 room=[23, 5, 30, 14] fixed-path steps=200 terrainEdits=0
[GAME] @@ You descend to floor 11 of the dungeon.
[GAME] ++ Use the mouse, WASD, or arrow keys to move and interact.
TEST 47: region=2 phase=start zooms=3 pans=4 cameras=12 everyCell=2067 hiddenPixels=28528640 visiblePixels=1103872 fogTexel/cell=1:1 worldUnits=16 lightQuad=aligned failures=0
TEST 47: region=2 phase=after-walk-and-doors zooms=3 pans=4 cameras=12 everyCell=2067 hiddenPixels=25145344 visiblePixels=1103872 fogTexel/cell=1:1 worldUnits=16 lightQuad=aligned failures=0
TEST 47: region=2 doorTransitionFrames=424 failures=0
TEST 43: region=2 steps=200 remembered={chasm=5742, door=694, floor=16771, grass=477, water=3379} fogPixels=1912 unseenBlackPixels=1963 turns=85 doors=23 failures=0
[Controllers] removed manager for application, 0 managers active
PREFERENCES_PATH=C:\Users\Hartl\AppData\Roaming\.grimhollow\Grimhollow
[Controllers] added manager for application, 1 managers active
RENDERED=TitleScene SCREENSHOT=.local/acceptance/title.png
ITERATION ROOM: seed=422 bounds=29,29,35,35 water=5 doors=2 rubble=4 wallTorch=1 torchCell=1309 bridgeCell=1440 heroCell=1528 terrainEdits=0
[GAME] @@ You descend to floor 11 of the dungeon.
[GAME] ** The ground seems especially treacherous here.
[GAME] ++ Use the mouse, WASD, or arrow keys to move and interact.
RENDERED=GameScene SCREENSHOT=.local/acceptance/sewers-lighting-on.png
ITERATION SCREENSHOT: lighting=true defaultZoom=3.0
RENDERED=GameScene SCREENSHOT=.local/acceptance/sewers-lighting-off.png
TEST 41 runtime: phase/frame checks=8192 adjacent synchronization failures=0
PASS: Sewer scene renders with dynamic lighting on and off.
[Controllers] removed manager for application, 0 managers active
PREFERENCES_PATH=C:\Users\Hartl\AppData\Roaming\.grimhollow\Grimhollow
[Controllers] added manager for application, 1 managers active
RENDERED=TitleScene SCREENSHOT=.local/acceptance/title.png
RECOVERY generated region=3 seed=417 room=[16, 23, 23, 30] fixed-path steps=172 terrainEdits=0
[GAME] @@ You descend to floor 16 of the dungeon.
[GAME] ++ Use the mouse, WASD, or arrow keys to move and interact.
TEST 47: region=3 phase=start zooms=3 pans=4 cameras=12 everyCell=1722 hiddenPixels=23769088 visiblePixels=917504 fogTexel/cell=1:1 worldUnits=16 lightQuad=aligned failures=0
TEST 47: region=3 phase=after-walk-and-doors zooms=3 pans=4 cameras=12 everyCell=1722 hiddenPixels=18049024 visiblePixels=917504 fogTexel/cell=1:1 worldUnits=16 lightQuad=aligned failures=0
TEST 47: region=3 doorTransitionFrames=337 failures=0
TEST 43: region=3 steps=172 remembered={chasm=1929, door=1212, floor=12206, grass=715, water=5082} fogPixels=1369 unseenBlackPixels=1920 turns=54 doors=18 failures=0
[Controllers] removed manager for application, 0 managers active
PREFERENCES_PATH=C:\Users\Hartl\AppData\Roaming\.grimhollow\Grimhollow
[Controllers] added manager for application, 1 managers active
RENDERED=TitleScene SCREENSHOT=.local/acceptance/title.png
ITERATION ROOM: seed=426 bounds=7,10,14,18 water=12 doors=3 rubble=1 wallTorch=1 torchCell=332 bridgeCell=458 heroCell=362 terrainEdits=0
[GAME] @@ You descend to floor 16 of the dungeon.
[GAME] ++ Use the mouse, WASD, or arrow keys to move and interact.
RENDERED=GameScene SCREENSHOT=.local/acceptance/sewers-lighting-on.png
ITERATION SCREENSHOT: lighting=true defaultZoom=3.0
RENDERED=GameScene SCREENSHOT=.local/acceptance/sewers-lighting-off.png
TEST 41 runtime: phase/frame checks=8192 adjacent synchronization failures=0
PASS: Sewer scene renders with dynamic lighting on and off.
[Controllers] removed manager for application, 0 managers active
PREFERENCES_PATH=C:\Users\Hartl\AppData\Roaming\.grimhollow\Grimhollow
[Controllers] added manager for application, 1 managers active
RENDERED=TitleScene SCREENSHOT=.local/acceptance/title.png
RECOVERY generated region=4 seed=417 room=[24, 17, 32, 25] fixed-path steps=114 terrainEdits=0
[GAME] @@ You descend to floor 21 of the dungeon.
[GAME] -- You feel that there's a source of demonic energy above you...
[GAME] ** Your steps echo across the dungeon.
[GAME] ++ Use the mouse, WASD, or arrow keys to move and interact.
TEST 47: region=4 phase=start zooms=3 pans=4 cameras=12 everyCell=1925 hiddenPixels=26851328 visiblePixels=745472 fogTexel/cell=1:1 worldUnits=16 lightQuad=aligned failures=0
TEST 47: region=4 phase=after-walk-and-doors zooms=3 pans=4 cameras=12 everyCell=1925 hiddenPixels=22306816 visiblePixels=745472 fogTexel/cell=1:1 worldUnits=16 lightQuad=aligned failures=0
TEST 47: region=4 doorTransitionFrames=184 failures=0
TEST 43: region=4 steps=114 remembered={chasm=7238, door=250, floor=4823, grass=1571, water=2529} fogPixels=1006 unseenBlackPixels=3247 turns=36 doors=10 failures=0
[Controllers] removed manager for application, 0 managers active
PREFERENCES_PATH=C:\Users\Hartl\AppData\Roaming\.grimhollow\Grimhollow
[Controllers] added manager for application, 1 managers active
RENDERED=TitleScene SCREENSHOT=.local/acceptance/title.png
ITERATION ROOM: seed=454 bounds=26,23,33,28 water=4 doors=2 rubble=1 wallTorch=1 torchCell=1178 bridgeCell=1329 heroCell=1329 terrainEdits=0
[GAME] @@ You descend to floor 21 of the dungeon.
[GAME] -- You feel that there's a source of demonic energy above you...
[GAME] ** You hear water splashing around you.
[GAME] ++ Use the mouse, WASD, or arrow keys to move and interact.
RENDERED=GameScene SCREENSHOT=.local/acceptance/sewers-lighting-on.png
ITERATION SCREENSHOT: lighting=true defaultZoom=3.0
RENDERED=GameScene SCREENSHOT=.local/acceptance/sewers-lighting-off.png
TEST 41 runtime: phase/frame checks=8192 adjacent synchronization failures=0
PASS: Sewer scene renders with dynamic lighting on and off.
[Controllers] removed manager for application, 0 managers active

Painted pass compiled audit rerun after conflicting log handle: TEST 46 compiled handlers: classes=2876 guarded browser sinks=1 HTTP/socket calls=0 failures=0
Packaged assets=482 desktop/APK byte mismatches=0
JUnit tests=5 failures=0 errors=0 skipped=0
